recipe_name,url,recipe_id,position,name,quantity,unit,note,raw
5-Ingredient Peanut Butter Oatmeal Cookies,https://www.tiktok.com/@itscoolkattie/video/6818503394970373381,6818503394970373381,1,rolled oats,2.0,cup,quick oats,two cups of Quaker oats
5-Ingredient Peanut Butter Oatmeal Cookies,https://www.tiktok.com/@itscoolkattie/video/6818503394970373381,6818503394970373381,2,brown sugar,1.0,cup,,one cup of brown sugar
5-Ingredient Peanut Butter Oatmeal Cookies,https://www.tiktok.com/@itscoolkattie/video/6818503394970373381,6818503394970373381,3,egg,2.0,,,two eggs
5-Ingredient Peanut Butter Oatmeal Cookies,https://www.tiktok.com/@itscoolkattie/video/6818503394970373381,6818503394970373381,4,peanut butter,1.0,cup,,a cup of peanut butter
5-Ingredient Peanut Butter Oatmeal Cookies,https://www.tiktok.com/@itscoolkattie/video/6818503394970373381,6818503394970373381,5,baking soda,1.0,tsp,audio says tablespoon then teaspoon,teaspoon of baking soda
Brown Butter Cookies with Coffee,https://www.tiktok.com/@gills_bakesandcakes/video/7107304570027543814,7107304570027543814,1,unsalted butter,125.0,g,browned,125 grams Unsalted Butter (Browned)
Brown Butter Cookies with Coffee,https://www.tiktok.com/@gills_bakesandcakes/video/7107304570027543814,7107304570027543814,2,light brown sugar,60.0,g,,60 grams Light Brown Sugar
Brown Butter Cookies with Coffee,https://www.tiktok.com/@gills_bakesandcakes/video/7107304570027543814,7107304570027543814,3,dark brown sugar,50.0,g,,50 grams Dark Brown Sugar
Brown Butter Cookies with Coffee,https://www.tiktok.com/@gills_bakesandcakes/video/7107304570027543814,7107304570027543814,4,granulated sugar,50.0,g,,50 grams Caster Sugar
Brown Butter Cookies with Coffee,https://www.tiktok.com/@gills_bakesandcakes/video/7107304570027543814,7107304570027543814,5,egg,1.0,,,1 Medium Egg
Brown Butter Cookies with Coffee,https://www.tiktok.com/@gills_bakesandcakes/video/7107304570027543814,7107304570027543814,6,salt,0.5,tsp,,½ tsp Salt
Brown Butter Cookies with Coffee,https://www.tiktok.com/@gills_bakesandcakes/video/7107304570027543814,7107304570027543814,7,espresso powder,0.5,tsp,,½ tsp Ground Instant Coffee
Brown Butter Cookies with Coffee,https://www.tiktok.com/@gills_bakesandcakes/video/7107304570027543814,7107304570027543814,8,all-purpose flour,150.0,g,,150 grams Plain Flour
Brown Butter Cookies with Coffee,https://www.tiktok.com/@gills_bakesandcakes/video/7107304570027543814,7107304570027543814,9,baking powder,0.25,tsp,,¼ tsp Baking powder
Brown Butter Cookies with Coffee,https://www.tiktok.com/@gills_bakesandcakes/video/7107304570027543814,7107304570027543814,10,baking soda,0.25,tsp,,¼ tsp Baking soda
Brown Butter Cookies with Coffee,https://www.tiktok.com/@gills_bakesandcakes/video/7107304570027543814,7107304570027543814,11,vanilla bean paste,1.0,tsp,,1 tsp Vanilla Bean Paste
Brown Butter Cookies with Coffee,https://www.tiktok.com/@gills_bakesandcakes/video/7107304570027543814,7107304570027543814,12,dark chocolate,100.0,g,chopped,100 grams Dark Chocolate Bar
Brown Butter Cookies with Coffee,https://www.tiktok.com/@gills_bakesandcakes/video/7107304570027543814,7107304570027543814,13,milk chocolate,100.0,g,chopped,100 grams Milk chocolate Bar
Salted Caramel Brown Butter Cookies,https://www.tiktok.com/@nikkicoynelol/video/7157684881063955717,7157684881063955717,1,butter,185.0,g,browned,185g brown butter
Salted Caramel Brown Butter Cookies,https://www.tiktok.com/@nikkicoynelol/video/7157684881063955717,7157684881063955717,2,light brown sugar,215.0,g,,215g light brown sugar
Salted Caramel Brown Butter Cookies,https://www.tiktok.com/@nikkicoynelol/video/7157684881063955717,7157684881063955717,3,egg,1.0,,,1 egg
Salted Caramel Brown Butter Cookies,https://www.tiktok.com/@nikkicoynelol/video/7157684881063955717,7157684881063955717,4,egg yolk,1.0,,,1 yolk
Salted Caramel Brown Butter Cookies,https://www.tiktok.com/@nikkicoynelol/video/7157684881063955717,7157684881063955717,5,vanilla extract,1.0,tsp,,1 tsp vanilla
Salted Caramel Brown Butter Cookies,https://www.tiktok.com/@nikkicoynelol/video/7157684881063955717,7157684881063955717,6,all-purpose flour,225.0,g,,225g plain flour
Salted Caramel Brown Butter Cookies,https://www.tiktok.com/@nikkicoynelol/video/7157684881063955717,7157684881063955717,7,baking soda,0.75,tsp,,3/4 tsp bicarb
Salted Caramel Brown Butter Cookies,https://www.tiktok.com/@nikkicoynelol/video/7157684881063955717,7157684881063955717,8,salt,1.0,tsp,,1 tsp salt
Salted Caramel Brown Butter Cookies,https://www.tiktok.com/@nikkicoynelol/video/7157684881063955717,7157684881063955717,9,milk chocolate,120.0,g,,120g milk chocolate
Salted Caramel Brown Butter Cookies,https://www.tiktok.com/@nikkicoynelol/video/7157684881063955717,7157684881063955717,10,dark chocolate,120.0,g,,120g dark chocolate
Salted Caramel Brown Butter Cookies,https://www.tiktok.com/@nikkicoynelol/video/7157684881063955717,7157684881063955717,11,caramels,150.0,g,,150g chewy caramels
Salted Caramel Brown Butter Cookies,https://www.tiktok.com/@nikkicoynelol/video/7157684881063955717,7157684881063955717,12,flaky sea salt,,,topping,sea salt
Brown Butter Chocolate Chip Cookies,https://www.tiktok.com/@bromabakery/video/7238234014321118510,7238234014321118510,1,butter,0.75,cup,browned,3/4 cup butter
Brown Butter Chocolate Chip Cookies,https://www.tiktok.com/@bromabakery/video/7238234014321118510,7238234014321118510,2,brown sugar,1.0,cup,,1 cup brown sugar
Brown Butter Chocolate Chip Cookies,https://www.tiktok.com/@bromabakery/video/7238234014321118510,7238234014321118510,3,granulated sugar,0.25,cup,,1/4 cup white sugar
Brown Butter Chocolate Chip Cookies,https://www.tiktok.com/@bromabakery/video/7238234014321118510,7238234014321118510,4,egg yolk,1.0,,,1 large egg yolk
Brown Butter Chocolate Chip Cookies,https://www.tiktok.com/@bromabakery/video/7238234014321118510,7238234014321118510,5,egg,1.0,,,1 whole egg
Brown Butter Chocolate Chip Cookies,https://www.tiktok.com/@bromabakery/video/7238234014321118510,7238234014321118510,6,vanilla extract,1.0,tbsp,,1 tbsp vanilla
Brown Butter Chocolate Chip Cookies,https://www.tiktok.com/@bromabakery/video/7238234014321118510,7238234014321118510,7,all-purpose flour,1.75,cup,,1 3/4 cups all-purpose flour
Brown Butter Chocolate Chip Cookies,https://www.tiktok.com/@bromabakery/video/7238234014321118510,7238234014321118510,8,baking soda,0.75,tsp,,3/4 tsp baking soda
Brown Butter Chocolate Chip Cookies,https://www.tiktok.com/@bromabakery/video/7238234014321118510,7238234014321118510,9,salt,1.0,tsp,,1 tsp salt
Brown Butter Chocolate Chip Cookies,https://www.tiktok.com/@bromabakery/video/7238234014321118510,7238234014321118510,10,semi-sweet chocolate chips,2.0,cup,,2 cups semi-sweet chocolate chips
Brown Butter Chocolate Chip Cookies,https://www.tiktok.com/@bromabakery/video/7238234014321118510,7238234014321118510,11,flaky sea salt,,,topping,sea salt
Crispy-Chewy Brown Butter Chocolate Chip Cookies,https://www.tiktok.com/@foodi.ma/video/7241252262402723114,7241252262402723114,1,brown sugar,1.0,cup,,a cup of brown sugar
Crispy-Chewy Brown Butter Chocolate Chip Cookies,https://www.tiktok.com/@foodi.ma/video/7241252262402723114,7241252262402723114,2,granulated sugar,0.25,cup,,a fourth cup of white sugar
Crispy-Chewy Brown Butter Chocolate Chip Cookies,https://www.tiktok.com/@foodi.ma/video/7241252262402723114,7241252262402723114,3,butter,0.667,cup,browned,two-third of a cup of brown butter
Crispy-Chewy Brown Butter Chocolate Chip Cookies,https://www.tiktok.com/@foodi.ma/video/7241252262402723114,7241252262402723114,4,vanilla extract,1.0,tbsp,,a tablespoon of vanilla extract
Crispy-Chewy Brown Butter Chocolate Chip Cookies,https://www.tiktok.com/@foodi.ma/video/7241252262402723114,7241252262402723114,5,egg,2.0,,room temperature,two eggs
Crispy-Chewy Brown Butter Chocolate Chip Cookies,https://www.tiktok.com/@foodi.ma/video/7241252262402723114,7241252262402723114,6,espresso powder,0.25,tsp,optional,a fourth teaspoon of espresso powder
Crispy-Chewy Brown Butter Chocolate Chip Cookies,https://www.tiktok.com/@foodi.ma/video/7241252262402723114,7241252262402723114,7,baking soda,1.0,tsp,,a teaspoon of baking soda
Crispy-Chewy Brown Butter Chocolate Chip Cookies,https://www.tiktok.com/@foodi.ma/video/7241252262402723114,7241252262402723114,8,cornstarch,0.5,tsp,,half a teaspoon of cornstarch
Crispy-Chewy Brown Butter Chocolate Chip Cookies,https://www.tiktok.com/@foodi.ma/video/7241252262402723114,7241252262402723114,9,all-purpose flour,1.75,cup,,a cup and three-fourths of flour
Crispy-Chewy Brown Butter Chocolate Chip Cookies,https://www.tiktok.com/@foodi.ma/video/7241252262402723114,7241252262402723114,10,chocolate chips,1.75,cup,,a cup and a half to two cups of chocolate chips
Gluten-Free Brown Butter Chocolate Chip Cookies,https://www.tiktok.com/@bromabakery/video/7269388647554616618,7269388647554616618,1,butter,0.75,cup,browned,3 quarters of a cup of butter
Gluten-Free Brown Butter Chocolate Chip Cookies,https://www.tiktok.com/@bromabakery/video/7269388647554616618,7269388647554616618,2,light brown sugar,1.0,cup,,a cup of light brown sugar
Gluten-Free Brown Butter Chocolate Chip Cookies,https://www.tiktok.com/@bromabakery/video/7269388647554616618,7269388647554616618,3,granulated sugar,0.25,cup,,a quarter cup of white sugar
Gluten-Free Brown Butter Chocolate Chip Cookies,https://www.tiktok.com/@bromabakery/video/7269388647554616618,7269388647554616618,4,egg,1.0,,,one large egg
Gluten-Free Brown Butter Chocolate Chip Cookies,https://www.tiktok.com/@bromabakery/video/7269388647554616618,7269388647554616618,5,egg yolk,1.0,,,one egg yolk
Gluten-Free Brown Butter Chocolate Chip Cookies,https://www.tiktok.com/@bromabakery/video/7269388647554616618,7269388647554616618,6,vanilla extract,1.0,tbsp,,one tablespoon of vanilla extract
Gluten-Free Brown Butter Chocolate Chip Cookies,https://www.tiktok.com/@bromabakery/video/7269388647554616618,7269388647554616618,7,gluten-free flour,1.75,cup,1:1 baking flour,one and three quarter cups gluten-free flour
Gluten-Free Brown Butter Chocolate Chip Cookies,https://www.tiktok.com/@bromabakery/video/7269388647554616618,7269388647554616618,8,baking soda,0.75,tsp,,three quarter teaspoon baking soda
Gluten-Free Brown Butter Chocolate Chip Cookies,https://www.tiktok.com/@bromabakery/video/7269388647554616618,7269388647554616618,9,salt,1.0,tsp,,a teaspoon salt
Gluten-Free Brown Butter Chocolate Chip Cookies,https://www.tiktok.com/@bromabakery/video/7269388647554616618,7269388647554616618,10,chocolate chips,2.0,cup,,two cups of chocolate chips
Gluten-Free Brown Butter Chocolate Chip Cookies,https://www.tiktok.com/@bromabakery/video/7269388647554616618,7269388647554616618,11,flaky sea salt,,,topping,flaky sea salt
NYC-Style Cookies (Arabic),https://www.tiktok.com/@sama.33221/video/7282875575067348232,7282875575067348232,1,butter,100.0,g,,100 غرام زبده
NYC-Style Cookies (Arabic),https://www.tiktok.com/@sama.33221/video/7282875575067348232,7282875575067348232,2,granulated sugar,0.25,cup,,ربع كوب سكر ابيض
NYC-Style Cookies (Arabic),https://www.tiktok.com/@sama.33221/video/7282875575067348232,7282875575067348232,3,brown sugar,0.333,cup,,كوب الاثلث سكر بني
NYC-Style Cookies (Arabic),https://www.tiktok.com/@sama.33221/video/7282875575067348232,7282875575067348232,4,egg,1.0,,,1 بيض
NYC-Style Cookies (Arabic),https://www.tiktok.com/@sama.33221/video/7282875575067348232,7282875575067348232,5,vanilla extract,1.0,capful,,غطا فانيليا
NYC-Style Cookies (Arabic),https://www.tiktok.com/@sama.33221/video/7282875575067348232,7282875575067348232,6,cornstarch,1.0,tsp,,ملعقه صغيره نشا
NYC-Style Cookies (Arabic),https://www.tiktok.com/@sama.33221/video/7282875575067348232,7282875575067348232,7,baking soda,1.0,tsp,,ملعقه صغيره بكنج الصودا
NYC-Style Cookies (Arabic),https://www.tiktok.com/@sama.33221/video/7282875575067348232,7282875575067348232,8,all-purpose flour,1.25,cup,sifted,كوب وربع دقيق منخول
NYC-Style Cookies (Arabic),https://www.tiktok.com/@sama.33221/video/7282875575067348232,7282875575067348232,9,chocolate,,,Belgian,شوكلت بلجيكي
Single-Serve Sugar Cookie,https://www.tiktok.com/@zeetheintrovert/video/7287243859417943339,7287243859417943339,1,unsalted butter,2.0,tbsp,softened,2 tbsp unsalted butter
Single-Serve Sugar Cookie,https://www.tiktok.com/@zeetheintrovert/video/7287243859417943339,7287243859417943339,2,granulated sugar,3.5,tbsp,,3 1/2 tbsp white granulated sugar
Single-Serve Sugar Cookie,https://www.tiktok.com/@zeetheintrovert/video/7287243859417943339,7287243859417943339,3,egg yolk,1.0,,,1 egg yolk
Single-Serve Sugar Cookie,https://www.tiktok.com/@zeetheintrovert/video/7287243859417943339,7287243859417943339,4,vanilla extract,0.5,tsp,,1/2 tsp vanilla extract
Single-Serve Sugar Cookie,https://www.tiktok.com/@zeetheintrovert/video/7287243859417943339,7287243859417943339,5,all-purpose flour,0.333,cup,,1/3 cup all purpose flour
Single-Serve Sugar Cookie,https://www.tiktok.com/@zeetheintrovert/video/7287243859417943339,7287243859417943339,6,baking powder,0.5,tsp,,1/2 tsp baking powder
Single-Serve Sugar Cookie,https://www.tiktok.com/@zeetheintrovert/video/7287243859417943339,7287243859417943339,7,salt,0.25,tsp,,1/4 tsp salt
Single-Serve Sugar Cookie,https://www.tiktok.com/@zeetheintrovert/video/7287243859417943339,7287243859417943339,8,granulated sugar,,,coating,Sugar for sprinkling
Big Norwegian Chocolate Cookies (17 x 150g),https://www.tiktok.com/@matheaeb/video/7296141024454397217,7296141024454397217,1,all-purpose flour,1.0,l,,1 l siktet mel
Big Norwegian Chocolate Cookies (17 x 150g),https://www.tiktok.com/@matheaeb/video/7296141024454397217,7296141024454397217,2,vanilla sugar,2.0,tsp,,2 ts vaniljesukker
Big Norwegian Chocolate Cookies (17 x 150g),https://www.tiktok.com/@matheaeb/video/7296141024454397217,7296141024454397217,3,baking powder,2.0,tsp,,2 ts bakepulver
Big Norwegian Chocolate Cookies (17 x 150g),https://www.tiktok.com/@matheaeb/video/7296141024454397217,7296141024454397217,4,cornstarch,2.5,tbsp,,2-3 ss maisstivelse
Big Norwegian Chocolate Cookies (17 x 150g),https://www.tiktok.com/@matheaeb/video/7296141024454397217,7296141024454397217,5,salt,4.0,tsp,sea salt,4 ts havsalt
Big Norwegian Chocolate Cookies (17 x 150g),https://www.tiktok.com/@matheaeb/video/7296141024454397217,7296141024454397217,6,espresso powder,2.0,tsp,,2 ts kaffepulver
Big Norwegian Chocolate Cookies (17 x 150g),https://www.tiktok.com/@matheaeb/video/7296141024454397217,7296141024454397217,7,brown sugar,4.5,dl,,4-5 dl brunt sukker
Big Norwegian Chocolate Cookies (17 x 150g),https://www.tiktok.com/@matheaeb/video/7296141024454397217,7296141024454397217,8,granulated sugar,2.0,dl,,2 dl hvitt sukker
Big Norwegian Chocolate Cookies (17 x 150g),https://www.tiktok.com/@matheaeb/video/7296141024454397217,7296141024454397217,9,egg,2.0,,,2 egg
Big Norwegian Chocolate Cookies (17 x 150g),https://www.tiktok.com/@matheaeb/video/7296141024454397217,7296141024454397217,10,egg yolk,2.0,,,2 eggeplomme
Big Norwegian Chocolate Cookies (17 x 150g),https://www.tiktok.com/@matheaeb/video/7296141024454397217,7296141024454397217,11,butter,450.0,g,cubed,450 g meierismør
Big Norwegian Chocolate Cookies (17 x 150g),https://www.tiktok.com/@matheaeb/video/7296141024454397217,7296141024454397217,12,milk chocolate,2.0,bar,,2 plater melkesjokolade
Big Norwegian Chocolate Cookies (17 x 150g),https://www.tiktok.com/@matheaeb/video/7296141024454397217,7296141024454397217,13,dark chocolate,2.0,bar,,2 plater Freia dronningsjokolade
Banana Oat Breakfast Cookies (toddler),https://www.tiktok.com/@kamry.blessed/video/7300963659990256938,7300963659990256938,1,rolled oats,2.0,cup,quick oats,2 cups quick oats
Banana Oat Breakfast Cookies (toddler),https://www.tiktok.com/@kamry.blessed/video/7300963659990256938,7300963659990256938,2,cinnamon,0.5,tsp,,½ tsp ground cinnamon
Banana Oat Breakfast Cookies (toddler),https://www.tiktok.com/@kamry.blessed/video/7300963659990256938,7300963659990256938,3,salt,0.25,tsp,,¼ tsp salt
Banana Oat Breakfast Cookies (toddler),https://www.tiktok.com/@kamry.blessed/video/7300963659990256938,7300963659990256938,4,peanut butter,0.5,cup,,½ cup peanut butter
Banana Oat Breakfast Cookies (toddler),https://www.tiktok.com/@kamry.blessed/video/7300963659990256938,7300963659990256938,5,vanilla extract,0.5,tsp,,½ tsp vanilla extract
Banana Oat Breakfast Cookies (toddler),https://www.tiktok.com/@kamry.blessed/video/7300963659990256938,7300963659990256938,6,banana,2.0,,mashed,2 large bananas mashed
Banana Oat Breakfast Cookies (toddler),https://www.tiktok.com/@kamry.blessed/video/7300963659990256938,7300963659990256938,7,chocolate chips,0.333,cup,,1/3 cup chocolate chips
Famous Chewy Sugar Cookies,https://www.tiktok.com/@zeetheintrovert/video/7308380771541175583,7308380771541175583,1,unsalted butter,1.0,cup,melted,"1 cup unsalted butter, melted and cooled"
Famous Chewy Sugar Cookies,https://www.tiktok.com/@zeetheintrovert/video/7308380771541175583,7308380771541175583,2,granulated sugar,1.667,cup,,1 2/3 cups white granulated sugar
Famous Chewy Sugar Cookies,https://www.tiktok.com/@zeetheintrovert/video/7308380771541175583,7308380771541175583,3,egg,2.0,,,2 large eggs
Famous Chewy Sugar Cookies,https://www.tiktok.com/@zeetheintrovert/video/7308380771541175583,7308380771541175583,4,vanilla extract,1.0,tsp,,1 tsp vanilla extract
Famous Chewy Sugar Cookies,https://www.tiktok.com/@zeetheintrovert/video/7308380771541175583,7308380771541175583,5,all-purpose flour,2.5,cup,,2 1/2 cups all purpose flour
Famous Chewy Sugar Cookies,https://www.tiktok.com/@zeetheintrovert/video/7308380771541175583,7308380771541175583,6,baking soda,1.0,tsp,,1 tsp baking soda
Famous Chewy Sugar Cookies,https://www.tiktok.com/@zeetheintrovert/video/7308380771541175583,7308380771541175583,7,baking powder,0.5,tsp,,1/2 tsp baking powder
Famous Chewy Sugar Cookies,https://www.tiktok.com/@zeetheintrovert/video/7308380771541175583,7308380771541175583,8,salt,0.25,tsp,,1/4 tsp salt
Famous Chewy Sugar Cookies,https://www.tiktok.com/@zeetheintrovert/video/7308380771541175583,7308380771541175583,9,granulated sugar,,,rolling,sugar for rolling
No-Chill Cut-Out Sugar Cookies,https://www.tiktok.com/@foodisyourbudi/video/7310632892131069227,7310632892131069227,1,unsalted butter,2.0,stick,room temperature,two sticks of unsalted butter
No-Chill Cut-Out Sugar Cookies,https://www.tiktok.com/@foodisyourbudi/video/7310632892131069227,7310632892131069227,2,granulated sugar,1.0,cup,,one cup of sugar
No-Chill Cut-Out Sugar Cookies,https://www.tiktok.com/@foodisyourbudi/video/7310632892131069227,7310632892131069227,3,all-purpose flour,3.0,cup,,three cups of flour
No-Chill Cut-Out Sugar Cookies,https://www.tiktok.com/@foodisyourbudi/video/7310632892131069227,7310632892131069227,4,salt,0.5,tsp,,half a teaspoon of salt
No-Chill Cut-Out Sugar Cookies,https://www.tiktok.com/@foodisyourbudi/video/7310632892131069227,7310632892131069227,5,baking powder,2.0,tsp,,two teaspoons of baking powder
No-Chill Cut-Out Sugar Cookies,https://www.tiktok.com/@foodisyourbudi/video/7310632892131069227,7310632892131069227,6,vanilla extract,1.0,tsp,,one teaspoon of vanilla extract
No-Chill Cut-Out Sugar Cookies,https://www.tiktok.com/@foodisyourbudi/video/7310632892131069227,7310632892131069227,7,almond extract,0.5,tsp,,half a teaspoon of almond extract
Best Cookies (Czech),https://www.tiktok.com/@mili.ramesse/video/7311343571150343457,7311343571150343457,1,butter,0.75,cup,,3/4 hrnku másla
Best Cookies (Czech),https://www.tiktok.com/@mili.ramesse/video/7311343571150343457,7311343571150343457,2,brown sugar,0.5,cup,,1/2 hrnku hnědého cukru
Best Cookies (Czech),https://www.tiktok.com/@mili.ramesse/video/7311343571150343457,7311343571150343457,3,granulated sugar,0.25,cup,,1/4 hrnku cukr krystal
Best Cookies (Czech),https://www.tiktok.com/@mili.ramesse/video/7311343571150343457,7311343571150343457,4,egg,1.0,,,1 vejce
Best Cookies (Czech),https://www.tiktok.com/@mili.ramesse/video/7311343571150343457,7311343571150343457,5,egg yolk,1.0,,,1 žloutek
Best Cookies (Czech),https://www.tiktok.com/@mili.ramesse/video/7311343571150343457,7311343571150343457,6,vanilla extract,,,,Vanilka
Best Cookies (Czech),https://www.tiktok.com/@mili.ramesse/video/7311343571150343457,7311343571150343457,7,all-purpose flour,1.5,cup,,1 a půl hrnku hladké mouky
Best Cookies (Czech),https://www.tiktok.com/@mili.ramesse/video/7311343571150343457,7311343571150343457,8,baking soda,1.0,tsp,,Lžička jedlé sody
Best Cookies (Czech),https://www.tiktok.com/@mili.ramesse/video/7311343571150343457,7311343571150343457,9,chocolate,200.0,g,,Čokoláda (asi 200g)
Brown Butter Toffee Chocolate Cookies,https://www.tiktok.com/@travelandmunchies/video/7313780796001684742,7313780796001684742,1,unsalted butter,227.0,g,browned,227 grams (1 cup) unsalted butter
Brown Butter Toffee Chocolate Cookies,https://www.tiktok.com/@travelandmunchies/video/7313780796001684742,7313780796001684742,2,all-purpose flour,250.0,g,,250 grams (2 cups) all-purpose flour
Brown Butter Toffee Chocolate Cookies,https://www.tiktok.com/@travelandmunchies/video/7313780796001684742,7313780796001684742,3,baking soda,1.0,tsp,,1 teaspoon baking soda
Brown Butter Toffee Chocolate Cookies,https://www.tiktok.com/@travelandmunchies/video/7313780796001684742,7313780796001684742,4,salt,0.75,tsp,kosher,3/4 teaspoon kosher salt
Brown Butter Toffee Chocolate Cookies,https://www.tiktok.com/@travelandmunchies/video/7313780796001684742,7313780796001684742,5,dark brown sugar,215.0,g,,215 grams (1 cup) packed dark brown sugar
Brown Butter Toffee Chocolate Cookies,https://www.tiktok.com/@travelandmunchies/video/7313780796001684742,7313780796001684742,6,granulated sugar,73.0,g,,73 grams (1/3 cup) granulated sugar
Brown Butter Toffee Chocolate Cookies,https://www.tiktok.com/@travelandmunchies/video/7313780796001684742,7313780796001684742,7,egg,2.0,,room temperature,2 large eggs
Brown Butter Toffee Chocolate Cookies,https://www.tiktok.com/@travelandmunchies/video/7313780796001684742,7313780796001684742,8,vanilla extract,2.0,tsp,,2 teaspoons vanilla extract
Brown Butter Toffee Chocolate Cookies,https://www.tiktok.com/@travelandmunchies/video/7313780796001684742,7313780796001684742,9,dark chocolate,215.0,g,chopped,215 grams dark chocolate chopped
Brown Butter Toffee Chocolate Cookies,https://www.tiktok.com/@travelandmunchies/video/7313780796001684742,7313780796001684742,10,toffee bars,3.0,piece,crushed,"3 Skor bars, crushed"
Brown Butter Toffee Chocolate Cookies,https://www.tiktok.com/@travelandmunchies/video/7313780796001684742,7313780796001684742,11,espresso powder,1.0,tsp,,1 teaspoon espresso powder
Brown Butter Toffee Chocolate Cookies,https://www.tiktok.com/@travelandmunchies/video/7313780796001684742,7313780796001684742,12,flaky sea salt,,,topping,Flaky sea salt to finish
Perfect Frosted Sugar Cookies (cake flour),https://www.tiktok.com/@izzyskitchen_/video/7343308124352171296,7343308124352171296,1,unsalted butter,76.0,g,room temperature,76 grams unsalted butter
Perfect Frosted Sugar Cookies (cake flour),https://www.tiktok.com/@izzyskitchen_/video/7343308124352171296,7343308124352171296,2,vegetable oil,3.0,tbsp,,3 Tablespoons vegetable oil
Perfect Frosted Sugar Cookies (cake flour),https://www.tiktok.com/@izzyskitchen_/video/7343308124352171296,7343308124352171296,3,granulated sugar,150.0,g,,150 grams granulated sugar
Perfect Frosted Sugar Cookies (cake flour),https://www.tiktok.com/@izzyskitchen_/video/7343308124352171296,7343308124352171296,4,powdered sugar,90.0,g,,90 grams powdered sugar
Perfect Frosted Sugar Cookies (cake flour),https://www.tiktok.com/@izzyskitchen_/video/7343308124352171296,7343308124352171296,5,egg,1.0,,room temperature,1 egg
Perfect Frosted Sugar Cookies (cake flour),https://www.tiktok.com/@izzyskitchen_/video/7343308124352171296,7343308124352171296,6,vanilla extract,2.0,tsp,,2 teaspoons vanilla extract
Perfect Frosted Sugar Cookies (cake flour),https://www.tiktok.com/@izzyskitchen_/video/7343308124352171296,7343308124352171296,7,almond extract,0.125,tsp,,1/8 teaspoon almond extract
Perfect Frosted Sugar Cookies (cake flour),https://www.tiktok.com/@izzyskitchen_/video/7343308124352171296,7343308124352171296,8,milk,1.0,tbsp,,1 Tablespoon milk
Perfect Frosted Sugar Cookies (cake flour),https://www.tiktok.com/@izzyskitchen_/video/7343308124352171296,7343308124352171296,9,cake flour,274.0,g,,274 grams cake flour
Perfect Frosted Sugar Cookies (cake flour),https://www.tiktok.com/@izzyskitchen_/video/7343308124352171296,7343308124352171296,10,baking powder,0.5,tsp,,1/2 teaspoon baking powder
Perfect Frosted Sugar Cookies (cake flour),https://www.tiktok.com/@izzyskitchen_/video/7343308124352171296,7343308124352171296,11,baking soda,0.25,tsp,,1/4 teaspoon baking soda
Perfect Frosted Sugar Cookies (cake flour),https://www.tiktok.com/@izzyskitchen_/video/7343308124352171296,7343308124352171296,12,salt,0.5,tsp,,1/2 teaspoon salt
Perfect Frosted Sugar Cookies (cake flour),https://www.tiktok.com/@izzyskitchen_/video/7343308124352171296,7343308124352171296,13,unsalted butter,114.0,g,frosting,114 grams unsalted butter
Perfect Frosted Sugar Cookies (cake flour),https://www.tiktok.com/@izzyskitchen_/video/7343308124352171296,7343308124352171296,14,powdered sugar,360.0,g,frosting,360 grams powdered sugar
Perfect Frosted Sugar Cookies (cake flour),https://www.tiktok.com/@izzyskitchen_/video/7343308124352171296,7343308124352171296,15,milk,2.0,tbsp,frosting,2 Tablespoons milk
Perfect Frosted Sugar Cookies (cake flour),https://www.tiktok.com/@izzyskitchen_/video/7343308124352171296,7343308124352171296,16,vanilla extract,1.0,tsp,frosting,1 teaspoon vanilla extract
Perfect Frosted Sugar Cookies (cake flour),https://www.tiktok.com/@izzyskitchen_/video/7343308124352171296,7343308124352171296,17,almond extract,0.125,tsp,frosting,1/8 teaspoon almond extract
Perfect Frosted Sugar Cookies (cake flour),https://www.tiktok.com/@izzyskitchen_/video/7343308124352171296,7343308124352171296,18,salt,0.25,tsp,frosting,1/4 teaspoon salt
Perfect Frosted Sugar Cookies (cake flour),https://www.tiktok.com/@izzyskitchen_/video/7343308124352171296,7343308124352171296,19,food coloring,,,frosting,food coloring
Freezer Cookie Dough Chocolate Chunk Cookies,https://www.tiktok.com/@georginaelizat/video/7348186606366362912,7348186606366362912,1,all-purpose flour,150.0,g,,150g plain flour
Freezer Cookie Dough Chocolate Chunk Cookies,https://www.tiktok.com/@georginaelizat/video/7348186606366362912,7348186606366362912,2,baking soda,0.5,tsp,,½ tsp baking soda
Freezer Cookie Dough Chocolate Chunk Cookies,https://www.tiktok.com/@georginaelizat/video/7348186606366362912,7348186606366362912,3,granulated sugar,100.0,g,,100g granulated sugar
Freezer Cookie Dough Chocolate Chunk Cookies,https://www.tiktok.com/@georginaelizat/video/7348186606366362912,7348186606366362912,4,light brown sugar,160.0,g,,160g soft light brown sugar
Freezer Cookie Dough Chocolate Chunk Cookies,https://www.tiktok.com/@georginaelizat/video/7348186606366362912,7348186606366362912,5,salt,0.5,tsp,plus flaky salt to finish,½ tsp salt
Freezer Cookie Dough Chocolate Chunk Cookies,https://www.tiktok.com/@georginaelizat/video/7348186606366362912,7348186606366362912,6,unsalted butter,115.0,g,melted,115g melted unsalted butter
Freezer Cookie Dough Chocolate Chunk Cookies,https://www.tiktok.com/@georginaelizat/video/7348186606366362912,7348186606366362912,7,egg,1.0,,or flax egg,1 egg / flax egg
Freezer Cookie Dough Chocolate Chunk Cookies,https://www.tiktok.com/@georginaelizat/video/7348186606366362912,7348186606366362912,8,vanilla extract,1.0,tsp,,1 tsp vanilla extract
Freezer Cookie Dough Chocolate Chunk Cookies,https://www.tiktok.com/@georginaelizat/video/7348186606366362912,7348186606366362912,9,milk chocolate,80.0,g,chopped,80g milk chocolate
Freezer Cookie Dough Chocolate Chunk Cookies,https://www.tiktok.com/@georginaelizat/video/7348186606366362912,7348186606366362912,10,dark chocolate,80.0,g,chopped,80g dark chocolate
Chipless Chocolate Chip Cookies,https://www.tiktok.com/@_nesbakes/video/7381503515912408352,7381503515912408352,1,unsalted butter,100.0,g,melted,"100g unsalted butter, melted"
Chipless Chocolate Chip Cookies,https://www.tiktok.com/@_nesbakes/video/7381503515912408352,7381503515912408352,2,brown sugar,65.0,g,,65g brown sugar
Chipless Chocolate Chip Cookies,https://www.tiktok.com/@_nesbakes/video/7381503515912408352,7381503515912408352,3,granulated sugar,55.0,g,,55g granulated sugar
Chipless Chocolate Chip Cookies,https://www.tiktok.com/@_nesbakes/video/7381503515912408352,7381503515912408352,4,egg,1.0,,,1 egg
Chipless Chocolate Chip Cookies,https://www.tiktok.com/@_nesbakes/video/7381503515912408352,7381503515912408352,5,all-purpose flour,160.0,g,,160g all purpose flour
Chipless Chocolate Chip Cookies,https://www.tiktok.com/@_nesbakes/video/7381503515912408352,7381503515912408352,6,vanilla extract,1.0,tsp,,1 tsp vanilla extract
Chipless Chocolate Chip Cookies,https://www.tiktok.com/@_nesbakes/video/7381503515912408352,7381503515912408352,7,baking soda,0.5,tsp,,1/2 tsp baking soda
Chipless Chocolate Chip Cookies,https://www.tiktok.com/@_nesbakes/video/7381503515912408352,7381503515912408352,8,salt,0.5,tsp,,1/2 tsp salt
Subway-Style White Chocolate Raspberry Cookies,https://www.tiktok.com/@hannafreed/video/7381802120753712417,7381802120753712417,1,brown sugar,150.0,g,,150 g farinsocker
Subway-Style White Chocolate Raspberry Cookies,https://www.tiktok.com/@hannafreed/video/7381802120753712417,7381802120753712417,2,granulated sugar,100.0,g,,100 g socker
Subway-Style White Chocolate Raspberry Cookies,https://www.tiktok.com/@hannafreed/video/7381802120753712417,7381802120753712417,3,butter,150.0,g,,150 g smör
Subway-Style White Chocolate Raspberry Cookies,https://www.tiktok.com/@hannafreed/video/7381802120753712417,7381802120753712417,4,egg,1.0,,,1 ägg
Subway-Style White Chocolate Raspberry Cookies,https://www.tiktok.com/@hannafreed/video/7381802120753712417,7381802120753712417,5,all-purpose flour,3.75,dl,,"3,75 dl mjöl"
Subway-Style White Chocolate Raspberry Cookies,https://www.tiktok.com/@hannafreed/video/7381802120753712417,7381802120753712417,6,baking powder,1.0,tsp,,1 tsk bakpulver
Subway-Style White Chocolate Raspberry Cookies,https://www.tiktok.com/@hannafreed/video/7381802120753712417,7381802120753712417,7,vanilla sugar,1.5,tsp,,"1,5 tsk vaniljsocker"
Subway-Style White Chocolate Raspberry Cookies,https://www.tiktok.com/@hannafreed/video/7381802120753712417,7381802120753712417,8,white chocolate,,,,Vit choklad
Subway-Style White Chocolate Raspberry Cookies,https://www.tiktok.com/@hannafreed/video/7381802120753712417,7381802120753712417,9,raspberries,,,,Hallon
Pink Frosted Sour Cream Sugar Cookies,https://www.tiktok.com/@matthewinthekitchen/video/7392012059048791342,7392012059048791342,1,butter,1.0,stick,softened; audio says 'one sixth',one stick softened butter
Pink Frosted Sour Cream Sugar Cookies,https://www.tiktok.com/@matthewinthekitchen/video/7392012059048791342,7392012059048791342,2,granulated sugar,0.75,cup,,three quarters cup sugar
Pink Frosted Sour Cream Sugar Cookies,https://www.tiktok.com/@matthewinthekitchen/video/7392012059048791342,7392012059048791342,3,egg,1.0,,,an egg
Pink Frosted Sour Cream Sugar Cookies,https://www.tiktok.com/@matthewinthekitchen/video/7392012059048791342,7392012059048791342,4,vanilla extract,,,,a little too much vanilla
Pink Frosted Sour Cream Sugar Cookies,https://www.tiktok.com/@matthewinthekitchen/video/7392012059048791342,7392012059048791342,5,sour cream,0.333,cup,,a third of a cup of sour cream
Pink Frosted Sour Cream Sugar Cookies,https://www.tiktok.com/@matthewinthekitchen/video/7392012059048791342,7392012059048791342,6,cornstarch,1.5,tbsp,,one and a half tablespoons of cornstarch
Pink Frosted Sour Cream Sugar Cookies,https://www.tiktok.com/@matthewinthekitchen/video/7392012059048791342,7392012059048791342,7,baking powder,0.5,tsp,,a half teaspoon of baking powder
Pink Frosted Sour Cream Sugar Cookies,https://www.tiktok.com/@matthewinthekitchen/video/7392012059048791342,7392012059048791342,8,baking soda,0.5,tsp,,a half teaspoon of baking soda
Pink Frosted Sour Cream Sugar Cookies,https://www.tiktok.com/@matthewinthekitchen/video/7392012059048791342,7392012059048791342,9,cream of tartar,0.25,tsp,,quarter teaspoon of cream of tartar
Pink Frosted Sour Cream Sugar Cookies,https://www.tiktok.com/@matthewinthekitchen/video/7392012059048791342,7392012059048791342,10,salt,,pinch,,a pinch of salt
Pink Frosted Sour Cream Sugar Cookies,https://www.tiktok.com/@matthewinthekitchen/video/7392012059048791342,7392012059048791342,11,all-purpose flour,1.75,cup,,one and three quarters cups of flour
Pink Frosted Sour Cream Sugar Cookies,https://www.tiktok.com/@matthewinthekitchen/video/7392012059048791342,7392012059048791342,12,buttercream,,,frosting,classic buttercream
4-Ingredient Cut-Out Sugar Cookies,https://www.tiktok.com/@pudcakes/video/7394893138453613856,7394893138453613856,1,butter,200.0,g,salted preferred,200g real block butter
4-Ingredient Cut-Out Sugar Cookies,https://www.tiktok.com/@pudcakes/video/7394893138453613856,7394893138453613856,2,granulated sugar,200.0,g,,200g castor sugar
4-Ingredient Cut-Out Sugar Cookies,https://www.tiktok.com/@pudcakes/video/7394893138453613856,7394893138453613856,3,all-purpose flour,420.0,g,,420g plain flour
4-Ingredient Cut-Out Sugar Cookies,https://www.tiktok.com/@pudcakes/video/7394893138453613856,7394893138453613856,4,egg,1.0,,,1 large egg
4-Ingredient Cut-Out Sugar Cookies,https://www.tiktok.com/@pudcakes/video/7394893138453613856,7394893138453613856,5,vanilla extract,,splash,optional,splash of vanilla or lemon extract
White Chocolate & Raspberry Cookies,https://www.tiktok.com/@ellieebakess/video/7398629496112385312,7398629496112385312,1,unsalted butter,125.0,g,softened,125g soft unsalted butter
White Chocolate & Raspberry Cookies,https://www.tiktok.com/@ellieebakess/video/7398629496112385312,7398629496112385312,2,light brown sugar,110.0,g,,110g light brown sugar
White Chocolate & Raspberry Cookies,https://www.tiktok.com/@ellieebakess/video/7398629496112385312,7398629496112385312,3,vanilla extract,1.0,tsp,,1tsp Vanilla extract
White Chocolate & Raspberry Cookies,https://www.tiktok.com/@ellieebakess/video/7398629496112385312,7398629496112385312,4,golden syrup,2.0,tbsp,,2tbsp golden syrup
White Chocolate & Raspberry Cookies,https://www.tiktok.com/@ellieebakess/video/7398629496112385312,7398629496112385312,5,self-raising flour,160.0,g,,160g Self raising flour
White Chocolate & Raspberry Cookies,https://www.tiktok.com/@ellieebakess/video/7398629496112385312,7398629496112385312,6,white chocolate,100.0,g,,100g white chocolate
White Chocolate & Raspberry Cookies,https://www.tiktok.com/@ellieebakess/video/7398629496112385312,7398629496112385312,7,white chocolate chips,,,,white choc chips
White Chocolate & Raspberry Cookies,https://www.tiktok.com/@ellieebakess/video/7398629496112385312,7398629496112385312,8,raspberries,,handful,topping,Handfull of fresh raspberries
White Chocolate & Raspberry Cookies,https://www.tiktok.com/@ellieebakess/video/7398629496112385312,7398629496112385312,9,freeze-dried raspberries,,,optional,Freeze dried raspberries (optional)
"Brown Butter Chocolate Chip Cookies (with cream, v1)",https://www.tiktok.com/@wellmadebykiley/video/7400769412585770283,7400769412585770283,1,salted butter,1.125,cup,browned,1 cup + 2 tbsp salted butter
"Brown Butter Chocolate Chip Cookies (with cream, v1)",https://www.tiktok.com/@wellmadebykiley/video/7400769412585770283,7400769412585770283,2,brown sugar,1.0,cup,,1 cup brown sugar
"Brown Butter Chocolate Chip Cookies (with cream, v1)",https://www.tiktok.com/@wellmadebykiley/video/7400769412585770283,7400769412585770283,3,granulated sugar,0.5,cup,,1/2 cup granulated sugar
"Brown Butter Chocolate Chip Cookies (with cream, v1)",https://www.tiktok.com/@wellmadebykiley/video/7400769412585770283,7400769412585770283,4,egg,2.0,,room temperature,2 eggs
"Brown Butter Chocolate Chip Cookies (with cream, v1)",https://www.tiktok.com/@wellmadebykiley/video/7400769412585770283,7400769412585770283,5,heavy cream,2.0,tbsp,,2 tbsp heavy cream
"Brown Butter Chocolate Chip Cookies (with cream, v1)",https://www.tiktok.com/@wellmadebykiley/video/7400769412585770283,7400769412585770283,6,vanilla extract,2.0,tsp,,2 tsp vanilla extract
"Brown Butter Chocolate Chip Cookies (with cream, v1)",https://www.tiktok.com/@wellmadebykiley/video/7400769412585770283,7400769412585770283,7,all-purpose flour,2.75,cup,,2 3/4 cups all-purpose flour
"Brown Butter Chocolate Chip Cookies (with cream, v1)",https://www.tiktok.com/@wellmadebykiley/video/7400769412585770283,7400769412585770283,8,baking soda,1.0,tsp,,1 tsp baking soda
"Brown Butter Chocolate Chip Cookies (with cream, v1)",https://www.tiktok.com/@wellmadebykiley/video/7400769412585770283,7400769412585770283,9,baking powder,1.0,tsp,,1 tsp baking powder
"Brown Butter Chocolate Chip Cookies (with cream, v1)",https://www.tiktok.com/@wellmadebykiley/video/7400769412585770283,7400769412585770283,10,salt,0.25,tsp,,1/4 tsp salt
"Brown Butter Chocolate Chip Cookies (with cream, v1)",https://www.tiktok.com/@wellmadebykiley/video/7400769412585770283,7400769412585770283,11,semi-sweet chocolate chips,1.5,cup,,1 1/2 cups semi-sweet or dark chocolate chips
Viral Chewy Sugar Cookies,https://www.tiktok.com/@zeetheintrovert/video/7414612108437933343,7414612108437933343,1,unsalted butter,1.0,cup,melted,"1 cup unsalted butter, melted and cooled"
Viral Chewy Sugar Cookies,https://www.tiktok.com/@zeetheintrovert/video/7414612108437933343,7414612108437933343,2,granulated sugar,1.667,cup,plus extra for tossing,1 2/3 cups white granulated sugar
Viral Chewy Sugar Cookies,https://www.tiktok.com/@zeetheintrovert/video/7414612108437933343,7414612108437933343,3,egg,2.0,,,2 large eggs
Viral Chewy Sugar Cookies,https://www.tiktok.com/@zeetheintrovert/video/7414612108437933343,7414612108437933343,4,vanilla extract,1.0,tsp,,1 tsp vanilla extract
Viral Chewy Sugar Cookies,https://www.tiktok.com/@zeetheintrovert/video/7414612108437933343,7414612108437933343,5,all-purpose flour,2.5,cup,,2 1/2 cups all purpose flour
Viral Chewy Sugar Cookies,https://www.tiktok.com/@zeetheintrovert/video/7414612108437933343,7414612108437933343,6,baking soda,1.0,tsp,,1 tsp baking soda
Viral Chewy Sugar Cookies,https://www.tiktok.com/@zeetheintrovert/video/7414612108437933343,7414612108437933343,7,baking powder,0.5,tsp,,1/2 tsp baking powder
Viral Chewy Sugar Cookies,https://www.tiktok.com/@zeetheintrovert/video/7414612108437933343,7414612108437933343,8,salt,0.25,tsp,,1/4 tsp salt
Churro Cheesecake Cookies,https://www.tiktok.com/@tasty/video/7419376151870721323,7419376151870721323,1,cream cheese,3.0,oz,filling,"3 ounces cream cheese, softened"
Churro Cheesecake Cookies,https://www.tiktok.com/@tasty/video/7419376151870721323,7419376151870721323,2,granulated sugar,1.5,tbsp,filling,1½ tablespoon granulated sugar
Churro Cheesecake Cookies,https://www.tiktok.com/@tasty/video/7419376151870721323,7419376151870721323,3,vanilla extract,0.25,tsp,filling,¼ teaspoon vanilla
Churro Cheesecake Cookies,https://www.tiktok.com/@tasty/video/7419376151870721323,7419376151870721323,4,granulated sugar,0.5,cup,cinnamon sugar coating,½ cup granulated sugar
Churro Cheesecake Cookies,https://www.tiktok.com/@tasty/video/7419376151870721323,7419376151870721323,5,cinnamon,4.0,tsp,cinnamon sugar coating,4 teaspoons cinnamon
Churro Cheesecake Cookies,https://www.tiktok.com/@tasty/video/7419376151870721323,7419376151870721323,6,unsalted butter,0.5,cup,browned,½ cup unsalted butter
Churro Cheesecake Cookies,https://www.tiktok.com/@tasty/video/7419376151870721323,7419376151870721323,7,brown sugar,0.5625,cup,,½ cup+1 tablespoon packed brown sugar
Churro Cheesecake Cookies,https://www.tiktok.com/@tasty/video/7419376151870721323,7419376151870721323,8,granulated sugar,3.0,tbsp,,3 tablespoon granulated sugar
Churro Cheesecake Cookies,https://www.tiktok.com/@tasty/video/7419376151870721323,7419376151870721323,9,egg,1.0,,,1 large egg
Churro Cheesecake Cookies,https://www.tiktok.com/@tasty/video/7419376151870721323,7419376151870721323,10,vanilla extract,0.5,tsp,,½ teaspoon vanilla
Churro Cheesecake Cookies,https://www.tiktok.com/@tasty/video/7419376151870721323,7419376151870721323,11,all-purpose flour,1.333,cup,,1⅓ cups all-purpose flour
Churro Cheesecake Cookies,https://www.tiktok.com/@tasty/video/7419376151870721323,7419376151870721323,12,baking soda,0.5,tsp,,½ teaspoon baking soda
Churro Cheesecake Cookies,https://www.tiktok.com/@tasty/video/7419376151870721323,7419376151870721323,13,cinnamon,0.5,tsp,,½ teaspoon cinnamon
Churro Cheesecake Cookies,https://www.tiktok.com/@tasty/video/7419376151870721323,7419376151870721323,14,salt,0.25,tsp,,¼ teaspoon salt
Churro Cheesecake Cookies,https://www.tiktok.com/@tasty/video/7419376151870721323,7419376151870721323,15,caramel sauce,,,for serving,store-bought caramel
Healthy Banana Breakfast Cookies,https://www.tiktok.com/@healthyish_mama/video/7421969879042886955,7421969879042886955,1,banana,2.0,,mashed,two mashed bananas
Healthy Banana Breakfast Cookies,https://www.tiktok.com/@healthyish_mama/video/7421969879042886955,7421969879042886955,2,flaxseed meal,0.5,cup,,half a cup of flaxseed meal
Healthy Banana Breakfast Cookies,https://www.tiktok.com/@healthyish_mama/video/7421969879042886955,7421969879042886955,3,peanut butter,3.0,tbsp,,three tablespoons of peanut butter
Healthy Banana Breakfast Cookies,https://www.tiktok.com/@healthyish_mama/video/7421969879042886955,7421969879042886955,4,dark chocolate chips,,,,dark chocolate chips
Salvo-Style Pistachio Cookies,https://www.tiktok.com/@veggilaine/video/7428651190113537312,7428651190113537312,1,butter,120.0,g,room temperature,120 g roomboter (kamertemperatuur)
Salvo-Style Pistachio Cookies,https://www.tiktok.com/@veggilaine/video/7428651190113537312,7428651190113537312,2,light brown sugar,85.0,g,,85 g basterdsuiker
Salvo-Style Pistachio Cookies,https://www.tiktok.com/@veggilaine/video/7428651190113537312,7428651190113537312,3,egg,1.0,,,1 ei
Salvo-Style Pistachio Cookies,https://www.tiktok.com/@veggilaine/video/7428651190113537312,7428651190113537312,4,baking soda,0.5,tsp,,1/2 tl baking soda
Salvo-Style Pistachio Cookies,https://www.tiktok.com/@veggilaine/video/7428651190113537312,7428651190113537312,5,salt,,pinch,,flinke snuf zout
Salvo-Style Pistachio Cookies,https://www.tiktok.com/@veggilaine/video/7428651190113537312,7428651190113537312,6,vanilla extract,1.0,tsp,,1 tl vanille (extract)
Salvo-Style Pistachio Cookies,https://www.tiktok.com/@veggilaine/video/7428651190113537312,7428651190113537312,7,all-purpose flour,210.0,g,,210 g patentbloem
Salvo-Style Pistachio Cookies,https://www.tiktok.com/@veggilaine/video/7428651190113537312,7428651190113537312,8,pistachios,40.0,g,,40 g pistachenoten
Salvo-Style Pistachio Cookies,https://www.tiktok.com/@veggilaine/video/7428651190113537312,7428651190113537312,9,white chocolate,80.0,g,chopped,80 g witte chocolade
Salvo-Style Pistachio Cookies,https://www.tiktok.com/@veggilaine/video/7428651190113537312,7428651190113537312,10,dark chocolate,80.0,g,chopped,80 g pure chocolade
Salvo-Style Pistachio Cookies,https://www.tiktok.com/@veggilaine/video/7428651190113537312,7428651190113537312,11,pistachio cream,7.0,tsp,filling,6-8 tl pistachepasta
Brown Butter Milk Chocolate Cookies,https://www.tiktok.com/@xclusivelyrosee/video/7429496895694818603,7429496895694818603,1,unsalted butter,1.0,cup,browned,1 cup unsalted butter
Brown Butter Milk Chocolate Cookies,https://www.tiktok.com/@xclusivelyrosee/video/7429496895694818603,7429496895694818603,2,brown sugar,1.25,cup,,1 1/4 cups brown sugar
Brown Butter Milk Chocolate Cookies,https://www.tiktok.com/@xclusivelyrosee/video/7429496895694818603,7429496895694818603,3,granulated sugar,0.333,cup,,1/3 cup granulated sugar
Brown Butter Milk Chocolate Cookies,https://www.tiktok.com/@xclusivelyrosee/video/7429496895694818603,7429496895694818603,4,egg,1.0,,room temperature,1 large egg
Brown Butter Milk Chocolate Cookies,https://www.tiktok.com/@xclusivelyrosee/video/7429496895694818603,7429496895694818603,5,egg yolk,1.0,,,1 egg yolk
Brown Butter Milk Chocolate Cookies,https://www.tiktok.com/@xclusivelyrosee/video/7429496895694818603,7429496895694818603,6,vanilla extract,1.0,tbsp,,1 tablespoon vanilla extract
Brown Butter Milk Chocolate Cookies,https://www.tiktok.com/@xclusivelyrosee/video/7429496895694818603,7429496895694818603,7,all-purpose flour,2.5,cup,,2 1/2 cups all-purpose flour
Brown Butter Milk Chocolate Cookies,https://www.tiktok.com/@xclusivelyrosee/video/7429496895694818603,7429496895694818603,8,baking soda,0.75,tsp,,3/4 teaspoon baking soda
Brown Butter Milk Chocolate Cookies,https://www.tiktok.com/@xclusivelyrosee/video/7429496895694818603,7429496895694818603,9,salt,1.0,tsp,,1 teaspoon salt
Brown Butter Milk Chocolate Cookies,https://www.tiktok.com/@xclusivelyrosee/video/7429496895694818603,7429496895694818603,10,milk chocolate chips,1.0,cup,,1 cup milk chocolate chips
Crumbl-Style Vanilla Sugar Cookie Base (6 flavours),https://www.tiktok.com/@darcieratcliff/video/7437814272119328033,7437814272119328033,1,butter,113.0,g,softened,113g butter
Crumbl-Style Vanilla Sugar Cookie Base (6 flavours),https://www.tiktok.com/@darcieratcliff/video/7437814272119328033,7437814272119328033,2,vegetable oil,56.0,g,,56g oil
Crumbl-Style Vanilla Sugar Cookie Base (6 flavours),https://www.tiktok.com/@darcieratcliff/video/7437814272119328033,7437814272119328033,3,granulated sugar,100.0,g,,100g caster sugar
Crumbl-Style Vanilla Sugar Cookie Base (6 flavours),https://www.tiktok.com/@darcieratcliff/video/7437814272119328033,7437814272119328033,4,powdered sugar,15.0,g,,15g icing sugar
Crumbl-Style Vanilla Sugar Cookie Base (6 flavours),https://www.tiktok.com/@darcieratcliff/video/7437814272119328033,7437814272119328033,5,egg,1.0,,,1 egg
Crumbl-Style Vanilla Sugar Cookie Base (6 flavours),https://www.tiktok.com/@darcieratcliff/video/7437814272119328033,7437814272119328033,6,vanilla extract,1.0,tsp,,1 tsp vanilla extract
Crumbl-Style Vanilla Sugar Cookie Base (6 flavours),https://www.tiktok.com/@darcieratcliff/video/7437814272119328033,7437814272119328033,7,all-purpose flour,300.0,g,,300g plain flour
Crumbl-Style Vanilla Sugar Cookie Base (6 flavours),https://www.tiktok.com/@darcieratcliff/video/7437814272119328033,7437814272119328033,8,salt,0.25,tsp,,0.25 tsp salt
Crumbl-Style Vanilla Sugar Cookie Base (6 flavours),https://www.tiktok.com/@darcieratcliff/video/7437814272119328033,7437814272119328033,9,baking powder,1.0,tsp,,1 tsp baking powder
Cinnamon Roll Cookies,https://www.tiktok.com/@michellek23_/video/7443894838124219694,7443894838124219694,1,butter,70.0,g,filling,70g butter softened
Cinnamon Roll Cookies,https://www.tiktok.com/@michellek23_/video/7443894838124219694,7443894838124219694,2,cinnamon,1.0,tbsp,filling,1 tbsp cinnamon
Cinnamon Roll Cookies,https://www.tiktok.com/@michellek23_/video/7443894838124219694,7443894838124219694,3,brown sugar,100.0,g,filling,100g brown sugar
Cinnamon Roll Cookies,https://www.tiktok.com/@michellek23_/video/7443894838124219694,7443894838124219694,4,unsalted butter,227.0,g,room temperature,227g unsalted butter
Cinnamon Roll Cookies,https://www.tiktok.com/@michellek23_/video/7443894838124219694,7443894838124219694,5,vanilla bean paste,0.5,tbsp,,1/2 tbsp vanilla bean paste
Cinnamon Roll Cookies,https://www.tiktok.com/@michellek23_/video/7443894838124219694,7443894838124219694,6,granulated sugar,290.0,g,,290g granulated sugar
Cinnamon Roll Cookies,https://www.tiktok.com/@michellek23_/video/7443894838124219694,7443894838124219694,7,egg,2.0,,,2 large eggs
Cinnamon Roll Cookies,https://www.tiktok.com/@michellek23_/video/7443894838124219694,7443894838124219694,8,all-purpose flour,420.0,g,,420g all purpose flour
Cinnamon Roll Cookies,https://www.tiktok.com/@michellek23_/video/7443894838124219694,7443894838124219694,9,cream of tartar,1.0,tsp,,1 tsp cream of tartar
Cinnamon Roll Cookies,https://www.tiktok.com/@michellek23_/video/7443894838124219694,7443894838124219694,10,baking soda,1.0,tsp,,1 tsp baking soda
Cinnamon Roll Cookies,https://www.tiktok.com/@michellek23_/video/7443894838124219694,7443894838124219694,11,salt,,pinch,,Pinch of salt
Cinnamon Roll Cookies,https://www.tiktok.com/@michellek23_/video/7443894838124219694,7443894838124219694,12,granulated sugar,50.0,g,rolling,50g granulated sugar
Cinnamon Roll Cookies,https://www.tiktok.com/@michellek23_/video/7443894838124219694,7443894838124219694,13,cinnamon,1.0,tbsp,rolling,1 tbsp cinnamon
Brown Butter Chocolate Chip Cookies,https://www.tiktok.com/@iramsfoodstory/video/7445012169432763690,7445012169432763690,1,unsalted butter,115.0,g,browned,1/2 cup (115g) unsalted butter
Brown Butter Chocolate Chip Cookies,https://www.tiktok.com/@iramsfoodstory/video/7445012169432763690,7445012169432763690,2,light brown sugar,79.0,g,,1/2 cup (79g) light brown sugar
Brown Butter Chocolate Chip Cookies,https://www.tiktok.com/@iramsfoodstory/video/7445012169432763690,7445012169432763690,3,granulated sugar,69.0,g,,1/3 cup (69g) granulated sugar
Brown Butter Chocolate Chip Cookies,https://www.tiktok.com/@iramsfoodstory/video/7445012169432763690,7445012169432763690,4,egg,1.0,,room temperature,1 large egg
Brown Butter Chocolate Chip Cookies,https://www.tiktok.com/@iramsfoodstory/video/7445012169432763690,7445012169432763690,5,vanilla extract,1.0,tbsp,,1 tablespoon (15g) vanilla extract
Brown Butter Chocolate Chip Cookies,https://www.tiktok.com/@iramsfoodstory/video/7445012169432763690,7445012169432763690,6,all-purpose flour,160.0,g,,1 1/4 cups (160g) all-purpose flour
Brown Butter Chocolate Chip Cookies,https://www.tiktok.com/@iramsfoodstory/video/7445012169432763690,7445012169432763690,7,baking soda,0.5,tsp,,1/2 teaspoon (3g) baking soda
Brown Butter Chocolate Chip Cookies,https://www.tiktok.com/@iramsfoodstory/video/7445012169432763690,7445012169432763690,8,salt,,pinch,,Pinch of salt
Brown Butter Chocolate Chip Cookies,https://www.tiktok.com/@iramsfoodstory/video/7445012169432763690,7445012169432763690,9,semi-sweet chocolate chips,225.0,g,,1 1/2 cups (225g) semi-sweet chocolate chips
Christmas Cut-Out Sugar Cookies,https://www.tiktok.com/@meatloafandmelodrama/video/7445799388753988894,7445799388753988894,1,butter,1.0,cup,softened,1 cup butter softened
Christmas Cut-Out Sugar Cookies,https://www.tiktok.com/@meatloafandmelodrama/video/7445799388753988894,7445799388753988894,2,granulated sugar,1.0,cup,,1 cup granulated sugar
Christmas Cut-Out Sugar Cookies,https://www.tiktok.com/@meatloafandmelodrama/video/7445799388753988894,7445799388753988894,3,vanilla extract,1.0,tbsp,,1 tbsp vanilla extract
Christmas Cut-Out Sugar Cookies,https://www.tiktok.com/@meatloafandmelodrama/video/7445799388753988894,7445799388753988894,4,almond extract,1.0,tbsp,,1 tbsp almond extract
Christmas Cut-Out Sugar Cookies,https://www.tiktok.com/@meatloafandmelodrama/video/7445799388753988894,7445799388753988894,5,egg,1.0,,,1 large egg
Christmas Cut-Out Sugar Cookies,https://www.tiktok.com/@meatloafandmelodrama/video/7445799388753988894,7445799388753988894,6,salt,0.5,tsp,,1/2 tsp salt
Christmas Cut-Out Sugar Cookies,https://www.tiktok.com/@meatloafandmelodrama/video/7445799388753988894,7445799388753988894,7,baking powder,0.5,tsp,,1/2 tsp baking powder
Christmas Cut-Out Sugar Cookies,https://www.tiktok.com/@meatloafandmelodrama/video/7445799388753988894,7445799388753988894,8,all-purpose flour,2.75,cup,,2 3/4 cups flour
Go-To Brown Butter Cookies,https://www.tiktok.com/@georgiehalfacree/video/7447213837570313504,7447213837570313504,1,salted butter,120.0,g,browned,"120g salted butter, browned"
Go-To Brown Butter Cookies,https://www.tiktok.com/@georgiehalfacree/video/7447213837570313504,7447213837570313504,2,granulated sugar,75.0,g,,75g caster sugar
Go-To Brown Butter Cookies,https://www.tiktok.com/@georgiehalfacree/video/7447213837570313504,7447213837570313504,3,light brown sugar,100.0,g,,100g light brown sugar
Go-To Brown Butter Cookies,https://www.tiktok.com/@georgiehalfacree/video/7447213837570313504,7447213837570313504,4,egg,2.0,,,2 eggs
Go-To Brown Butter Cookies,https://www.tiktok.com/@georgiehalfacree/video/7447213837570313504,7447213837570313504,5,vanilla extract,1.0,tsp,,1 tsp vanilla extract
Go-To Brown Butter Cookies,https://www.tiktok.com/@georgiehalfacree/video/7447213837570313504,7447213837570313504,6,all-purpose flour,200.0,g,,200g plain flour
Go-To Brown Butter Cookies,https://www.tiktok.com/@georgiehalfacree/video/7447213837570313504,7447213837570313504,7,baking powder,0.5,tsp,,1/2 tsp baking powder
Go-To Brown Butter Cookies,https://www.tiktok.com/@georgiehalfacree/video/7447213837570313504,7447213837570313504,8,baking soda,0.5,tsp,,1/2 tsp bicarbonate of soda
Go-To Brown Butter Cookies,https://www.tiktok.com/@georgiehalfacree/video/7447213837570313504,7447213837570313504,9,dark chocolate chips,180.0,g,,180g dark choc chips
Christmas Tree Sugar Cookies with Buttercream,https://www.tiktok.com/@_gemmalouisemiles/video/7448210117469670689,7448210117469670689,1,unsalted butter,1.0,cup,softened,"1 cup unsalted butter, soft"
Christmas Tree Sugar Cookies with Buttercream,https://www.tiktok.com/@_gemmalouisemiles/video/7448210117469670689,7448210117469670689,2,granulated sugar,1.0,cup,,1 cup granulated sugar
Christmas Tree Sugar Cookies with Buttercream,https://www.tiktok.com/@_gemmalouisemiles/video/7448210117469670689,7448210117469670689,3,egg,1.0,,,1 large egg
Christmas Tree Sugar Cookies with Buttercream,https://www.tiktok.com/@_gemmalouisemiles/video/7448210117469670689,7448210117469670689,4,vanilla extract,1.0,tsp,,1 tsp vanilla extract
Christmas Tree Sugar Cookies with Buttercream,https://www.tiktok.com/@_gemmalouisemiles/video/7448210117469670689,7448210117469670689,5,almond extract,1.0,tsp,,1 tsp almond extract
Christmas Tree Sugar Cookies with Buttercream,https://www.tiktok.com/@_gemmalouisemiles/video/7448210117469670689,7448210117469670689,6,baking powder,0.5,tsp,,1/2 tsp baking powder
Christmas Tree Sugar Cookies with Buttercream,https://www.tiktok.com/@_gemmalouisemiles/video/7448210117469670689,7448210117469670689,7,salt,0.5,tsp,,1/2 tsp salt
Christmas Tree Sugar Cookies with Buttercream,https://www.tiktok.com/@_gemmalouisemiles/video/7448210117469670689,7448210117469670689,8,all-purpose flour,2.75,cup,,2 3/4 cups plain flour
Christmas Tree Sugar Cookies with Buttercream,https://www.tiktok.com/@_gemmalouisemiles/video/7448210117469670689,7448210117469670689,9,unsalted butter,1.0,cup,buttercream,1 cup unsalted butter
Christmas Tree Sugar Cookies with Buttercream,https://www.tiktok.com/@_gemmalouisemiles/video/7448210117469670689,7448210117469670689,10,powdered sugar,3.5,cup,buttercream,3 1/2 cups of powdered sugar
Christmas Tree Sugar Cookies with Buttercream,https://www.tiktok.com/@_gemmalouisemiles/video/7448210117469670689,7448210117469670689,11,vanilla extract,1.0,tsp,buttercream,1 tsp vanilla extract
Christmas Tree Sugar Cookies with Buttercream,https://www.tiktok.com/@_gemmalouisemiles/video/7448210117469670689,7448210117469670689,12,milk,2.0,tbsp,buttercream,2 tbsp whole milk
Brooki-Style Dark Chocolate Walnut Cookies,https://www.tiktok.com/@marijamazalin/video/7450926760062979350,7450926760062979350,1,butter,185.0,g,"cold, cubed",185g maslac (hladan)
Brooki-Style Dark Chocolate Walnut Cookies,https://www.tiktok.com/@marijamazalin/video/7450926760062979350,7450926760062979350,2,granulated sugar,130.0,g,,130g bijeli šećer
Brooki-Style Dark Chocolate Walnut Cookies,https://www.tiktok.com/@marijamazalin/video/7450926760062979350,7450926760062979350,3,brown sugar,130.0,g,,130g smedji šećer
Brooki-Style Dark Chocolate Walnut Cookies,https://www.tiktok.com/@marijamazalin/video/7450926760062979350,7450926760062979350,4,egg,2.0,,room temperature,2 velika jaja
Brooki-Style Dark Chocolate Walnut Cookies,https://www.tiktok.com/@marijamazalin/video/7450926760062979350,7450926760062979350,5,all-purpose flour,400.0,g,,400g glatko brašno
Brooki-Style Dark Chocolate Walnut Cookies,https://www.tiktok.com/@marijamazalin/video/7450926760062979350,7450926760062979350,6,baking powder,1.5,tsp,,1 i pol žličica praška za pecivo
Brooki-Style Dark Chocolate Walnut Cookies,https://www.tiktok.com/@marijamazalin/video/7450926760062979350,7450926760062979350,7,baking soda,0.5,tsp,,1/2 žličice sode bikarbone
Brooki-Style Dark Chocolate Walnut Cookies,https://www.tiktok.com/@marijamazalin/video/7450926760062979350,7450926760062979350,8,salt,,pinch,,prstohvat soli
Brooki-Style Dark Chocolate Walnut Cookies,https://www.tiktok.com/@marijamazalin/video/7450926760062979350,7450926760062979350,9,dark chocolate,320.0,g,chopped,320g tamna čokolada
Brooki-Style Dark Chocolate Walnut Cookies,https://www.tiktok.com/@marijamazalin/video/7450926760062979350,7450926760062979350,10,walnuts,80.0,g,chopped,80g orasi
Easy Chewy Sugar Cookies (small batch),https://www.tiktok.com/@sophiah_lim/video/7451402416638922026,7451402416638922026,1,butter,0.5,cup,melted,"1/2 cup butter, melted"
Easy Chewy Sugar Cookies (small batch),https://www.tiktok.com/@sophiah_lim/video/7451402416638922026,7451402416638922026,2,granulated sugar,0.5,cup,plus extra for rolling,1/2 cup sugar
Easy Chewy Sugar Cookies (small batch),https://www.tiktok.com/@sophiah_lim/video/7451402416638922026,7451402416638922026,3,egg yolk,2.0,,,2 large egg yolks
Easy Chewy Sugar Cookies (small batch),https://www.tiktok.com/@sophiah_lim/video/7451402416638922026,7451402416638922026,4,vanilla extract,1.0,tbsp,,1 tbsp vanilla extract
Easy Chewy Sugar Cookies (small batch),https://www.tiktok.com/@sophiah_lim/video/7451402416638922026,7451402416638922026,5,almond extract,0.5,tsp,optional,"1/2 tsp almond extract, optional"
Easy Chewy Sugar Cookies (small batch),https://www.tiktok.com/@sophiah_lim/video/7451402416638922026,7451402416638922026,6,all-purpose flour,1.1875,cup,,1 cup + 3 tbsp flour
Easy Chewy Sugar Cookies (small batch),https://www.tiktok.com/@sophiah_lim/video/7451402416638922026,7451402416638922026,7,baking soda,0.75,tsp,,3/4 tsp baking soda
Easy Chewy Sugar Cookies (small batch),https://www.tiktok.com/@sophiah_lim/video/7451402416638922026,7451402416638922026,8,salt,0.25,tsp,,1/4 tsp salt
No-Chill Cut-Out Sugar Cookies (Katrina's),https://www.tiktok.com/@mazerlazer_/video/7451673696034442542,7451673696034442542,1,butter,1.0,cup,softened,One cup or two sticks of butter softened
No-Chill Cut-Out Sugar Cookies (Katrina's),https://www.tiktok.com/@mazerlazer_/video/7451673696034442542,7451673696034442542,2,granulated sugar,1.0,cup,,One cup of regular sugar
No-Chill Cut-Out Sugar Cookies (Katrina's),https://www.tiktok.com/@mazerlazer_/video/7451673696034442542,7451673696034442542,3,egg,1.0,,,one egg
No-Chill Cut-Out Sugar Cookies (Katrina's),https://www.tiktok.com/@mazerlazer_/video/7451673696034442542,7451673696034442542,4,vanilla extract,1.5,tsp,,one and a half teaspoon vanilla extract
No-Chill Cut-Out Sugar Cookies (Katrina's),https://www.tiktok.com/@mazerlazer_/video/7451673696034442542,7451673696034442542,5,all-purpose flour,3.0,cup,,Three cups of all-purpose flour
No-Chill Cut-Out Sugar Cookies (Katrina's),https://www.tiktok.com/@mazerlazer_/video/7451673696034442542,7451673696034442542,6,salt,0.5,tsp,,Half a teaspoon of salt
No-Chill Cut-Out Sugar Cookies (Katrina's),https://www.tiktok.com/@mazerlazer_/video/7451673696034442542,7451673696034442542,7,baking powder,2.0,tsp,,Two teaspoons of baking powder
Levain Chocolate Walnut Cookies,https://www.tiktok.com/@iramsfoodstory/video/7460615485671918891,7460615485671918891,1,all-purpose flour,313.0,g,,2 1/4 cups (313g) all-purpose flour
Levain Chocolate Walnut Cookies,https://www.tiktok.com/@iramsfoodstory/video/7460615485671918891,7460615485671918891,2,baking powder,1.5,tsp,,1 ½ teaspoons baking powder
Levain Chocolate Walnut Cookies,https://www.tiktok.com/@iramsfoodstory/video/7460615485671918891,7460615485671918891,3,baking soda,1.0,tsp,,1 teaspoon baking soda
Levain Chocolate Walnut Cookies,https://www.tiktok.com/@iramsfoodstory/video/7460615485671918891,7460615485671918891,4,cornstarch,1.0,tsp,,1 teaspoon cornstarch
Levain Chocolate Walnut Cookies,https://www.tiktok.com/@iramsfoodstory/video/7460615485671918891,7460615485671918891,5,dark brown sugar,150.0,g,,3/4 cup (150g) dark brown sugar
Levain Chocolate Walnut Cookies,https://www.tiktok.com/@iramsfoodstory/video/7460615485671918891,7460615485671918891,6,granulated sugar,50.0,g,,1/4 cup (50g) granulated sugar
Levain Chocolate Walnut Cookies,https://www.tiktok.com/@iramsfoodstory/video/7460615485671918891,7460615485671918891,7,egg,2.0,,cold,2 cold eggs
Levain Chocolate Walnut Cookies,https://www.tiktok.com/@iramsfoodstory/video/7460615485671918891,7460615485671918891,8,vanilla extract,2.0,tsp,,2 teaspoons vanilla extract
Levain Chocolate Walnut Cookies,https://www.tiktok.com/@iramsfoodstory/video/7460615485671918891,7460615485671918891,9,unsalted butter,225.0,g,slightly softened,1 cup (225g) unsalted butter
Levain Chocolate Walnut Cookies,https://www.tiktok.com/@iramsfoodstory/video/7460615485671918891,7460615485671918891,10,salt,,pinch,,Pinch of salt
Levain Chocolate Walnut Cookies,https://www.tiktok.com/@iramsfoodstory/video/7460615485671918891,7460615485671918891,11,semi-sweet chocolate chips,250.0,g,,2 cups (250g) semi-sweet chocolate chips
Levain Chocolate Walnut Cookies,https://www.tiktok.com/@iramsfoodstory/video/7460615485671918891,7460615485671918891,12,walnuts,190.0,g,"roasted, chopped","1 1/2 cups (190g) roasted walnuts, chopped"
Brown Butter Sourdough Chocolate Chip Cookies,https://www.tiktok.com/@wellmadebykiley/video/7466096886286437675,7466096886286437675,1,salted butter,226.0,g,browned,1 cup (226g) salted butter
Brown Butter Sourdough Chocolate Chip Cookies,https://www.tiktok.com/@wellmadebykiley/video/7466096886286437675,7466096886286437675,2,brown sugar,220.0,g,,1 cup (220g) brown sugar
Brown Butter Sourdough Chocolate Chip Cookies,https://www.tiktok.com/@wellmadebykiley/video/7466096886286437675,7466096886286437675,3,granulated sugar,210.0,g,,1 cup (210g) granulated sugar
Brown Butter Sourdough Chocolate Chip Cookies,https://www.tiktok.com/@wellmadebykiley/video/7466096886286437675,7466096886286437675,4,egg,1.0,,room temperature,1 egg
Brown Butter Sourdough Chocolate Chip Cookies,https://www.tiktok.com/@wellmadebykiley/video/7466096886286437675,7466096886286437675,5,egg yolk,2.0,,,2 egg yolks
Brown Butter Sourdough Chocolate Chip Cookies,https://www.tiktok.com/@wellmadebykiley/video/7466096886286437675,7466096886286437675,6,sourdough discard,250.0,g,room temperature,1 cup (250g) sourdough discard
Brown Butter Sourdough Chocolate Chip Cookies,https://www.tiktok.com/@wellmadebykiley/video/7466096886286437675,7466096886286437675,7,heavy cream,30.0,g,,2 tbsp (30g) heavy cream
Brown Butter Sourdough Chocolate Chip Cookies,https://www.tiktok.com/@wellmadebykiley/video/7466096886286437675,7466096886286437675,8,vanilla extract,1.0,tbsp,,1 tbsp (13g) vanilla extract
Brown Butter Sourdough Chocolate Chip Cookies,https://www.tiktok.com/@wellmadebykiley/video/7466096886286437675,7466096886286437675,9,all-purpose flour,375.0,g,,2 1/2 cups (375g) all-purpose flour
Brown Butter Sourdough Chocolate Chip Cookies,https://www.tiktok.com/@wellmadebykiley/video/7466096886286437675,7466096886286437675,10,baking powder,1.0,tsp,,1 tsp (5g) baking powder
Brown Butter Sourdough Chocolate Chip Cookies,https://www.tiktok.com/@wellmadebykiley/video/7466096886286437675,7466096886286437675,11,baking soda,1.0,tsp,,1 tsp (6g) baking soda
Brown Butter Sourdough Chocolate Chip Cookies,https://www.tiktok.com/@wellmadebykiley/video/7466096886286437675,7466096886286437675,12,salt,1.0,tsp,,1 tsp (5g) salt
Brown Butter Sourdough Chocolate Chip Cookies,https://www.tiktok.com/@wellmadebykiley/video/7466096886286437675,7466096886286437675,13,chocolate chips,300.0,g,,1 1/2 cups (300g) chocolate chips
Brown Butter Sourdough Chocolate Chip Cookies,https://www.tiktok.com/@wellmadebykiley/video/7466096886286437675,7466096886286437675,14,flaky sea salt,,,topping,Flaky sea salt
Levain-Inspired Two-Chip Chocolate Chip Cookies,https://www.tiktok.com/@iramsfoodstory/video/7467302942593338667,7467302942593338667,1,all-purpose flour,313.0,g,,2 1/4 cups (313g) all-purpose flour
Levain-Inspired Two-Chip Chocolate Chip Cookies,https://www.tiktok.com/@iramsfoodstory/video/7467302942593338667,7467302942593338667,2,baking powder,1.5,tsp,,1 ½ teaspoons baking powder
Levain-Inspired Two-Chip Chocolate Chip Cookies,https://www.tiktok.com/@iramsfoodstory/video/7467302942593338667,7467302942593338667,3,baking soda,1.0,tsp,,1 teaspoon baking soda
Levain-Inspired Two-Chip Chocolate Chip Cookies,https://www.tiktok.com/@iramsfoodstory/video/7467302942593338667,7467302942593338667,4,cornstarch,1.0,tsp,,1 teaspoon cornstarch
Levain-Inspired Two-Chip Chocolate Chip Cookies,https://www.tiktok.com/@iramsfoodstory/video/7467302942593338667,7467302942593338667,5,dark brown sugar,150.0,g,,3/4 cup (150g) dark brown sugar
Levain-Inspired Two-Chip Chocolate Chip Cookies,https://www.tiktok.com/@iramsfoodstory/video/7467302942593338667,7467302942593338667,6,granulated sugar,50.0,g,,1/4 cup (50g) granulated sugar
Levain-Inspired Two-Chip Chocolate Chip Cookies,https://www.tiktok.com/@iramsfoodstory/video/7467302942593338667,7467302942593338667,7,egg,2.0,,cold,2 cold eggs
Levain-Inspired Two-Chip Chocolate Chip Cookies,https://www.tiktok.com/@iramsfoodstory/video/7467302942593338667,7467302942593338667,8,vanilla bean paste,1.0,tbsp,,1 tablespoons vanilla bean paste
Levain-Inspired Two-Chip Chocolate Chip Cookies,https://www.tiktok.com/@iramsfoodstory/video/7467302942593338667,7467302942593338667,9,unsalted butter,225.0,g,slightly softened,1 cup (225g) unsalted butter
Levain-Inspired Two-Chip Chocolate Chip Cookies,https://www.tiktok.com/@iramsfoodstory/video/7467302942593338667,7467302942593338667,10,salt,,pinch,,Pinch of salt
Levain-Inspired Two-Chip Chocolate Chip Cookies,https://www.tiktok.com/@iramsfoodstory/video/7467302942593338667,7467302942593338667,11,semi-sweet chocolate chips,215.0,g,,1 1/4 cup (215g) semi-sweet chocolate chips
Levain-Inspired Two-Chip Chocolate Chip Cookies,https://www.tiktok.com/@iramsfoodstory/video/7467302942593338667,7467302942593338667,12,dark chocolate chips,180.0,g,,3/4 cup (180 g) dark chocolate chips
Ooey Gooey Brown Butter Chocolate Chip Cookies,https://www.tiktok.com/@emijuju/video/7473316994796834090,7473316994796834090,1,brown sugar,0.5,cup,,1/2 cup brown sugar
Ooey Gooey Brown Butter Chocolate Chip Cookies,https://www.tiktok.com/@emijuju/video/7473316994796834090,7473316994796834090,2,granulated sugar,0.25,cup,,1/4 cup white sugar
Ooey Gooey Brown Butter Chocolate Chip Cookies,https://www.tiktok.com/@emijuju/video/7473316994796834090,7473316994796834090,3,butter,0.5,cup,browned,1/2 cup browned butter
Ooey Gooey Brown Butter Chocolate Chip Cookies,https://www.tiktok.com/@emijuju/video/7473316994796834090,7473316994796834090,4,egg,1.0,,,1 egg
Ooey Gooey Brown Butter Chocolate Chip Cookies,https://www.tiktok.com/@emijuju/video/7473316994796834090,7473316994796834090,5,vanilla extract,1.0,tsp,,1 tsp vanilla
Ooey Gooey Brown Butter Chocolate Chip Cookies,https://www.tiktok.com/@emijuju/video/7473316994796834090,7473316994796834090,6,espresso powder,0.5,tsp,,1/2 tsp espresso powder
Ooey Gooey Brown Butter Chocolate Chip Cookies,https://www.tiktok.com/@emijuju/video/7473316994796834090,7473316994796834090,7,all-purpose flour,1.0,cup,,1 cup flour
Ooey Gooey Brown Butter Chocolate Chip Cookies,https://www.tiktok.com/@emijuju/video/7473316994796834090,7473316994796834090,8,baking soda,0.5,tsp,,1/2 tsp baking soda
Ooey Gooey Brown Butter Chocolate Chip Cookies,https://www.tiktok.com/@emijuju/video/7473316994796834090,7473316994796834090,9,salt,0.25,tsp,,1/4 tsp salt
Ooey Gooey Brown Butter Chocolate Chip Cookies,https://www.tiktok.com/@emijuju/video/7473316994796834090,7473316994796834090,10,chocolate chips,1.0,cup,milk and semi-sweet,1 cup chocolate (milk and semi-sweet)
3-Ingredient Protein Cookies,https://www.tiktok.com/@foodiefromvt/video/7475523385666145582,7475523385666145582,1,banana,1.0,,mashed,1 small ripe banana
3-Ingredient Protein Cookies,https://www.tiktok.com/@foodiefromvt/video/7475523385666145582,7475523385666145582,2,peanut butter,0.5,cup,,1/2 cup natural peanut butter
3-Ingredient Protein Cookies,https://www.tiktok.com/@foodiefromvt/video/7475523385666145582,7475523385666145582,3,protein powder,0.5,cup,vanilla,1/2 cup vanilla protein powder
3-Ingredient Protein Cookies,https://www.tiktok.com/@foodiefromvt/video/7475523385666145582,7475523385666145582,4,chocolate chips,,,optional,chocolate chips (optional)
3-Ingredient Protein Cookies,https://www.tiktok.com/@foodiefromvt/video/7475523385666145582,7475523385666145582,5,flaky sea salt,,,optional,sea salt (optional)
Red Velvet Raspberry Cheesecake Cookies,https://www.tiktok.com/@mooniebakie/video/7475870926911835398,7475870926911835398,1,butter,115.0,g,softened,115g butter (softened)
Red Velvet Raspberry Cheesecake Cookies,https://www.tiktok.com/@mooniebakie/video/7475870926911835398,7475870926911835398,2,brown sugar,100.0,g,,100g brown sugar
Red Velvet Raspberry Cheesecake Cookies,https://www.tiktok.com/@mooniebakie/video/7475870926911835398,7475870926911835398,3,granulated sugar,80.0,g,,80g granulated sugar
Red Velvet Raspberry Cheesecake Cookies,https://www.tiktok.com/@mooniebakie/video/7475870926911835398,7475870926911835398,4,egg,1.0,,,1 egg
Red Velvet Raspberry Cheesecake Cookies,https://www.tiktok.com/@mooniebakie/video/7475870926911835398,7475870926911835398,5,vanilla extract,1.0,tbsp,,1 tbsp vanilla extract
Red Velvet Raspberry Cheesecake Cookies,https://www.tiktok.com/@mooniebakie/video/7475870926911835398,7475870926911835398,6,red food coloring,,,to taste,Red food coloring
Red Velvet Raspberry Cheesecake Cookies,https://www.tiktok.com/@mooniebakie/video/7475870926911835398,7475870926911835398,7,all-purpose flour,225.0,g,,225g all-purpose flour
Red Velvet Raspberry Cheesecake Cookies,https://www.tiktok.com/@mooniebakie/video/7475870926911835398,7475870926911835398,8,cocoa powder,10.0,g,,10g cocoa powder
Red Velvet Raspberry Cheesecake Cookies,https://www.tiktok.com/@mooniebakie/video/7475870926911835398,7475870926911835398,9,cornstarch,10.0,g,,10g cornstarch
Red Velvet Raspberry Cheesecake Cookies,https://www.tiktok.com/@mooniebakie/video/7475870926911835398,7475870926911835398,10,baking soda,4.0,g,,4g baking soda
Red Velvet Raspberry Cheesecake Cookies,https://www.tiktok.com/@mooniebakie/video/7475870926911835398,7475870926911835398,11,baking powder,1.0,g,,1g baking powder
Red Velvet Raspberry Cheesecake Cookies,https://www.tiktok.com/@mooniebakie/video/7475870926911835398,7475870926911835398,12,salt,0.25,tsp,,1/4 tsp salt
Red Velvet Raspberry Cheesecake Cookies,https://www.tiktok.com/@mooniebakie/video/7475870926911835398,7475870926911835398,13,white chocolate,100.0,g,,100g white chocolate (chopped)
Red Velvet Raspberry Cheesecake Cookies,https://www.tiktok.com/@mooniebakie/video/7475870926911835398,7475870926911835398,14,chocolate chips,100.0,g,milk and dark,100g mixed chocolate chips (milk & dark)
Red Velvet Raspberry Cheesecake Cookies,https://www.tiktok.com/@mooniebakie/video/7475870926911835398,7475870926911835398,15,cream cheese,100.0,g,filling,100g cream cheese (softened)
Red Velvet Raspberry Cheesecake Cookies,https://www.tiktok.com/@mooniebakie/video/7475870926911835398,7475870926911835398,16,powdered sugar,25.0,g,filling,25g powdered sugar
Red Velvet Raspberry Cheesecake Cookies,https://www.tiktok.com/@mooniebakie/video/7475870926911835398,7475870926911835398,17,vanilla extract,1.0,tsp,filling,1 tsp vanilla extract
Red Velvet Raspberry Cheesecake Cookies,https://www.tiktok.com/@mooniebakie/video/7475870926911835398,7475870926911835398,18,raspberries,100.0,g,jam,100g raspberries
Red Velvet Raspberry Cheesecake Cookies,https://www.tiktok.com/@mooniebakie/video/7475870926911835398,7475870926911835398,19,granulated sugar,2.0,tbsp,jam,2 tbsp sugar
Red Velvet Raspberry Cheesecake Cookies,https://www.tiktok.com/@mooniebakie/video/7475870926911835398,7475870926911835398,20,cornstarch,0.5,tsp,jam,1/2 tsp cornstarch
"Monster Cookies (Oreo, Chips Ahoy, Chocolate)",https://www.tiktok.com/@thewhiskedpan/video/7476912115731746103,7476912115731746103,1,unsalted butter,0.75,cup,melted,3/4 of melted unsalted butter
"Monster Cookies (Oreo, Chips Ahoy, Chocolate)",https://www.tiktok.com/@thewhiskedpan/video/7476912115731746103,7476912115731746103,2,brown sugar,1.0,cup,,1 cup of brown sugar
"Monster Cookies (Oreo, Chips Ahoy, Chocolate)",https://www.tiktok.com/@thewhiskedpan/video/7476912115731746103,7476912115731746103,3,granulated sugar,0.25,cup,,1/4 cup of granulated white sugar
"Monster Cookies (Oreo, Chips Ahoy, Chocolate)",https://www.tiktok.com/@thewhiskedpan/video/7476912115731746103,7476912115731746103,4,egg,2.0,,,2 eggs
"Monster Cookies (Oreo, Chips Ahoy, Chocolate)",https://www.tiktok.com/@thewhiskedpan/video/7476912115731746103,7476912115731746103,5,salt,1.0,tsp,,1 tsp of salt
"Monster Cookies (Oreo, Chips Ahoy, Chocolate)",https://www.tiktok.com/@thewhiskedpan/video/7476912115731746103,7476912115731746103,6,baking powder,0.75,tsp,,3/4 tsp of BP
"Monster Cookies (Oreo, Chips Ahoy, Chocolate)",https://www.tiktok.com/@thewhiskedpan/video/7476912115731746103,7476912115731746103,7,baking soda,0.75,tsp,,3/4 tsp of BS
"Monster Cookies (Oreo, Chips Ahoy, Chocolate)",https://www.tiktok.com/@thewhiskedpan/video/7476912115731746103,7476912115731746103,8,cornstarch,0.75,tsp,,3/4 tsp of cornstarch
"Monster Cookies (Oreo, Chips Ahoy, Chocolate)",https://www.tiktok.com/@thewhiskedpan/video/7476912115731746103,7476912115731746103,9,vanilla extract,1.0,tsp,,1 tsp of vanilla extract
"Monster Cookies (Oreo, Chips Ahoy, Chocolate)",https://www.tiktok.com/@thewhiskedpan/video/7476912115731746103,7476912115731746103,10,all-purpose flour,2.0,cup,,2 cups of AP flour
"Monster Cookies (Oreo, Chips Ahoy, Chocolate)",https://www.tiktok.com/@thewhiskedpan/video/7476912115731746103,7476912115731746103,11,bread flour,0.5,cup,,1/2 cup of bread flour
"Monster Cookies (Oreo, Chips Ahoy, Chocolate)",https://www.tiktok.com/@thewhiskedpan/video/7476912115731746103,7476912115731746103,12,oreo cookies,1.0,cup,,1 cup of Oreos
"Monster Cookies (Oreo, Chips Ahoy, Chocolate)",https://www.tiktok.com/@thewhiskedpan/video/7476912115731746103,7476912115731746103,13,chips ahoy cookies,1.0,cup,,1 cup of chips ahoy
"Monster Cookies (Oreo, Chips Ahoy, Chocolate)",https://www.tiktok.com/@thewhiskedpan/video/7476912115731746103,7476912115731746103,14,white chocolate chips,1.0,cup,,1 cup of white chocolate chips
"Monster Cookies (Oreo, Chips Ahoy, Chocolate)",https://www.tiktok.com/@thewhiskedpan/video/7476912115731746103,7476912115731746103,15,chocolate chips,1.0,cup,,1 cup of chocolate chips
Biscoff Cookies,https://www.tiktok.com/@emijuju/video/7477036669003205930,7477036669003205930,1,all-purpose flour,180.0,g,,1 1/4 cup (180g) flour
Biscoff Cookies,https://www.tiktok.com/@emijuju/video/7477036669003205930,7477036669003205930,2,baking soda,0.5,tsp,,1/2 tsp (3g) baking soda
Biscoff Cookies,https://www.tiktok.com/@emijuju/video/7477036669003205930,7477036669003205930,3,salt,0.25,tsp,,1/4 tsp (1.5g) salt
Biscoff Cookies,https://www.tiktok.com/@emijuju/video/7477036669003205930,7477036669003205930,4,brown sugar,100.0,g,,1/2 cup (100g) brown sugar
Biscoff Cookies,https://www.tiktok.com/@emijuju/video/7477036669003205930,7477036669003205930,5,granulated sugar,50.0,g,,1/4 cup (50g) white sugar
Biscoff Cookies,https://www.tiktok.com/@emijuju/video/7477036669003205930,7477036669003205930,6,egg,1.0,,,1 egg
Biscoff Cookies,https://www.tiktok.com/@emijuju/video/7477036669003205930,7477036669003205930,7,egg yolk,1.0,,optional,1 egg yolk
Biscoff Cookies,https://www.tiktok.com/@emijuju/video/7477036669003205930,7477036669003205930,8,speculoos spread,57.0,g,,1/4 cup (57g) Biscoff butter
Biscoff Cookies,https://www.tiktok.com/@emijuju/video/7477036669003205930,7477036669003205930,9,butter,95.0,g,room temperature,1/3 cup (95g) butter (room temp)
Biscoff Cookies,https://www.tiktok.com/@emijuju/video/7477036669003205930,7477036669003205930,10,vanilla extract,1.0,tsp,,1 tsp (4g) vanilla
Biscoff Cookies,https://www.tiktok.com/@emijuju/video/7477036669003205930,7477036669003205930,11,white chocolate,95.0,g,,1/2 cup (95g) white chocolate
Biscoff Cookies,https://www.tiktok.com/@emijuju/video/7477036669003205930,7477036669003205930,12,lotus biscoff biscuits,6.0,piece,"crushed, plus topping",5-7 Biscoff cookies
Levain-Style Chocolate Chip Cookies,https://www.tiktok.com/@paula.singeleuk/video/7477182728794869014,7477182728794869014,1,dark brown sugar,100.0,g,,100 gr of dark brown sugar
Levain-Style Chocolate Chip Cookies,https://www.tiktok.com/@paula.singeleuk/video/7477182728794869014,7477182728794869014,2,unsalted butter,225.0,g,room temperature,"225gr unsalted butter, room temperature"
Levain-Style Chocolate Chip Cookies,https://www.tiktok.com/@paula.singeleuk/video/7477182728794869014,7477182728794869014,3,granulated sugar,50.0,g,,50 gr of white sugar
Levain-Style Chocolate Chip Cookies,https://www.tiktok.com/@paula.singeleuk/video/7477182728794869014,7477182728794869014,4,brown sugar,50.0,g,,50 gr of brown sugar
Levain-Style Chocolate Chip Cookies,https://www.tiktok.com/@paula.singeleuk/video/7477182728794869014,7477182728794869014,5,egg,2.0,,,2 eggs
Levain-Style Chocolate Chip Cookies,https://www.tiktok.com/@paula.singeleuk/video/7477182728794869014,7477182728794869014,6,vanilla extract,2.0,tsp,,2 teaspoons vanilla extract
Levain-Style Chocolate Chip Cookies,https://www.tiktok.com/@paula.singeleuk/video/7477182728794869014,7477182728794869014,7,all-purpose flour,313.0,g,,313 gr all-purpose flour
Levain-Style Chocolate Chip Cookies,https://www.tiktok.com/@paula.singeleuk/video/7477182728794869014,7477182728794869014,8,baking powder,1.5,tsp,,1 ½ teaspoons baking powder
Levain-Style Chocolate Chip Cookies,https://www.tiktok.com/@paula.singeleuk/video/7477182728794869014,7477182728794869014,9,baking soda,1.0,tsp,,1 teaspoon baking soda
Levain-Style Chocolate Chip Cookies,https://www.tiktok.com/@paula.singeleuk/video/7477182728794869014,7477182728794869014,10,cornstarch,1.0,tsp,,1 teaspoon cornstarch
Levain-Style Chocolate Chip Cookies,https://www.tiktok.com/@paula.singeleuk/video/7477182728794869014,7477182728794869014,11,salt,,pinch,,Pinch of salt
Levain-Style Chocolate Chip Cookies,https://www.tiktok.com/@paula.singeleuk/video/7477182728794869014,7477182728794869014,12,semi-sweet chocolate chips,100.0,g,,100 gr semi-sweet chocolate chips
Levain-Style Chocolate Chip Cookies,https://www.tiktok.com/@paula.singeleuk/video/7477182728794869014,7477182728794869014,13,dark chocolate chips,100.0,g,,100 gr dark chocolate chips or chunks
Boneless (Chipless) Brown Butter Cookies,https://www.tiktok.com/@findswithlily/video/7481350531940617503,7481350531940617503,1,butter,0.5,cup,browned,1/2 cup browned butter
Boneless (Chipless) Brown Butter Cookies,https://www.tiktok.com/@findswithlily/video/7481350531940617503,7481350531940617503,2,granulated sugar,0.333,cup,,1/3 cup granulated sugar
Boneless (Chipless) Brown Butter Cookies,https://www.tiktok.com/@findswithlily/video/7481350531940617503,7481350531940617503,3,brown sugar,0.5,cup,,1/2 cup brown sugar
Boneless (Chipless) Brown Butter Cookies,https://www.tiktok.com/@findswithlily/video/7481350531940617503,7481350531940617503,4,egg,1.0,,room temperature,1 room temp egg
Boneless (Chipless) Brown Butter Cookies,https://www.tiktok.com/@findswithlily/video/7481350531940617503,7481350531940617503,5,vanilla extract,2.0,tbsp,,2 tbsp vanilla
Boneless (Chipless) Brown Butter Cookies,https://www.tiktok.com/@findswithlily/video/7481350531940617503,7481350531940617503,6,all-purpose flour,1.25,cup,,1 cup 1/4 cup AP flour
Boneless (Chipless) Brown Butter Cookies,https://www.tiktok.com/@findswithlily/video/7481350531940617503,7481350531940617503,7,baking soda,0.5,tsp,,1/2 tsp baking soda
Boneless (Chipless) Brown Butter Cookies,https://www.tiktok.com/@findswithlily/video/7481350531940617503,7481350531940617503,8,salt,,pinch,,pinch of salt
Chocolate Chip Cookies (melted butter),https://www.tiktok.com/@iramsfoodstory/video/7484674907675135275,7484674907675135275,1,unsalted butter,115.0,g,melted,"1/2 cup (115g) unsalted butter, melted and cooled"
Chocolate Chip Cookies (melted butter),https://www.tiktok.com/@iramsfoodstory/video/7484674907675135275,7484674907675135275,2,light brown sugar,100.0,g,,1/2 cup (100g) light brown sugar
Chocolate Chip Cookies (melted butter),https://www.tiktok.com/@iramsfoodstory/video/7484674907675135275,7484674907675135275,3,granulated sugar,67.0,g,,1/3 cup (67g) granulated sugar
Chocolate Chip Cookies (melted butter),https://www.tiktok.com/@iramsfoodstory/video/7484674907675135275,7484674907675135275,4,egg,1.0,,room temperature,1 large egg
Chocolate Chip Cookies (melted butter),https://www.tiktok.com/@iramsfoodstory/video/7484674907675135275,7484674907675135275,5,vanilla extract,1.0,tbsp,,1 tablespoon (15g) vanilla extract
Chocolate Chip Cookies (melted butter),https://www.tiktok.com/@iramsfoodstory/video/7484674907675135275,7484674907675135275,6,all-purpose flour,160.0,g,,1 1/4 cups (160g) all-purpose flour
Chocolate Chip Cookies (melted butter),https://www.tiktok.com/@iramsfoodstory/video/7484674907675135275,7484674907675135275,7,baking soda,0.5,tsp,,1/2 teaspoon (2g) baking soda
Chocolate Chip Cookies (melted butter),https://www.tiktok.com/@iramsfoodstory/video/7484674907675135275,7484674907675135275,8,salt,,pinch,,Pinch of salt
Chocolate Chip Cookies (melted butter),https://www.tiktok.com/@iramsfoodstory/video/7484674907675135275,7484674907675135275,9,semi-sweet chocolate chips,190.0,g,,1 1/2 cups (190g) semi-sweet chocolate chips
Chocolate Chip Cookies (melted butter),https://www.tiktok.com/@iramsfoodstory/video/7484674907675135275,7484674907675135275,10,flaky sea salt,,,optional,Flaky sea salt (optional)
Kinder Bueno Cookies,https://www.tiktok.com/@annabellas.nl/video/7487495685776919830,7487495685776919830,1,unsalted butter,125.0,g,,125 gram ongezouten roomboter
Kinder Bueno Cookies,https://www.tiktok.com/@annabellas.nl/video/7487495685776919830,7487495685776919830,2,light brown sugar,125.0,g,,125 gram licht bruine basterdsuiker
Kinder Bueno Cookies,https://www.tiktok.com/@annabellas.nl/video/7487495685776919830,7487495685776919830,3,granulated sugar,100.0,g,,100 gram kristalsuiker
Kinder Bueno Cookies,https://www.tiktok.com/@annabellas.nl/video/7487495685776919830,7487495685776919830,4,egg,2.0,,,2 eieren
Kinder Bueno Cookies,https://www.tiktok.com/@annabellas.nl/video/7487495685776919830,7487495685776919830,5,baking powder,1.0,tsp,,1 theelepel bakpoeder
Kinder Bueno Cookies,https://www.tiktok.com/@annabellas.nl/video/7487495685776919830,7487495685776919830,6,all-purpose flour,365.0,g,,365 gram patentbloem
Kinder Bueno Cookies,https://www.tiktok.com/@annabellas.nl/video/7487495685776919830,7487495685776919830,7,kinder chocolate,200.0,g,chopped,200 gram Kinder chocolade
Kinder Bueno Cookies,https://www.tiktok.com/@annabellas.nl/video/7487495685776919830,7487495685776919830,8,kinder bueno,5.0,piece,topping,5 Kinder bueno's
Brown Butter Chocolate Chip Cookies (Filipino),https://www.tiktok.com/@engr.devigiabriones/video/7488942348689280274,7488942348689280274,1,butter,,,"browned, amount not given",brown butter
Brown Butter Chocolate Chip Cookies (Filipino),https://www.tiktok.com/@engr.devigiabriones/video/7488942348689280274,7488942348689280274,2,granulated sugar,1.0,cup,,1 cup of sugar
Brown Butter Chocolate Chip Cookies (Filipino),https://www.tiktok.com/@engr.devigiabriones/video/7488942348689280274,7488942348689280274,3,egg,1.0,,,1 whole egg
Brown Butter Chocolate Chip Cookies (Filipino),https://www.tiktok.com/@engr.devigiabriones/video/7488942348689280274,7488942348689280274,4,egg yolk,1.0,,,1 egg yolk
Brown Butter Chocolate Chip Cookies (Filipino),https://www.tiktok.com/@engr.devigiabriones/video/7488942348689280274,7488942348689280274,5,vanilla extract,1.5,tsp,,1.5 tsp of vanilla
Brown Butter Chocolate Chip Cookies (Filipino),https://www.tiktok.com/@engr.devigiabriones/video/7488942348689280274,7488942348689280274,6,all-purpose flour,2.0,cup,,2 cups of all-purpose flour
Brown Butter Chocolate Chip Cookies (Filipino),https://www.tiktok.com/@engr.devigiabriones/video/7488942348689280274,7488942348689280274,7,baking soda,1.0,tsp,,1 tsp of baking soda
Brown Butter Chocolate Chip Cookies (Filipino),https://www.tiktok.com/@engr.devigiabriones/video/7488942348689280274,7488942348689280274,8,chocolate,1.0,cup,chopped,1 cup of chocolate bar
Brown Butter Chocolate Chip Cookies (cinnamon & espresso),https://www.tiktok.com/@emijuju/video/7494413278907616558,7494413278907616558,1,butter,113.0,g,browned,3/4 cup (113g) butter
Brown Butter Chocolate Chip Cookies (cinnamon & espresso),https://www.tiktok.com/@emijuju/video/7494413278907616558,7494413278907616558,2,dark brown sugar,150.0,g,,1 cup (150g) dark brown sugar
Brown Butter Chocolate Chip Cookies (cinnamon & espresso),https://www.tiktok.com/@emijuju/video/7494413278907616558,7494413278907616558,3,granulated sugar,100.0,g,,1/2 cup (100g) white sugar
Brown Butter Chocolate Chip Cookies (cinnamon & espresso),https://www.tiktok.com/@emijuju/video/7494413278907616558,7494413278907616558,4,egg,2.0,,,2 eggs
Brown Butter Chocolate Chip Cookies (cinnamon & espresso),https://www.tiktok.com/@emijuju/video/7494413278907616558,7494413278907616558,5,vanilla extract,0.5,tbsp,,1/2 tbsp pure vanilla
Brown Butter Chocolate Chip Cookies (cinnamon & espresso),https://www.tiktok.com/@emijuju/video/7494413278907616558,7494413278907616558,6,all-purpose flour,250.0,g,,2 cups (250g) flour
Brown Butter Chocolate Chip Cookies (cinnamon & espresso),https://www.tiktok.com/@emijuju/video/7494413278907616558,7494413278907616558,7,baking soda,0.5,tsp,,1/2 tsp (3g) baking soda
Brown Butter Chocolate Chip Cookies (cinnamon & espresso),https://www.tiktok.com/@emijuju/video/7494413278907616558,7494413278907616558,8,baking powder,0.5,tsp,,1/2 tsp (1g) baking powder
Brown Butter Chocolate Chip Cookies (cinnamon & espresso),https://www.tiktok.com/@emijuju/video/7494413278907616558,7494413278907616558,9,cinnamon,0.5,tsp,optional,1/2 tsp (1g) cinnamon (optional)
Brown Butter Chocolate Chip Cookies (cinnamon & espresso),https://www.tiktok.com/@emijuju/video/7494413278907616558,7494413278907616558,10,salt,0.5,tsp,,1/2 tsp (3g) salt
Brown Butter Chocolate Chip Cookies (cinnamon & espresso),https://www.tiktok.com/@emijuju/video/7494413278907616558,7494413278907616558,11,espresso powder,0.5,tsp,optional,1/2 tsp (1g) instant espresso (optional)
Brown Butter Chocolate Chip Cookies (cinnamon & espresso),https://www.tiktok.com/@emijuju/video/7494413278907616558,7494413278907616558,12,chocolate chips,85.0,g,,1/2 cup (85g) chocolate chips
Brown Butter Chocolate Chip Cookies (cinnamon & espresso),https://www.tiktok.com/@emijuju/video/7494413278907616558,7494413278907616558,13,flaky sea salt,,,optional,flakey salt (optional)
NYC Triple Chocolate Cookies,https://www.tiktok.com/@nishatcooks/video/7496600406902983958,7496600406902983958,1,butter,120.0,g,room temperature,120g Butter (Room Temp)
NYC Triple Chocolate Cookies,https://www.tiktok.com/@nishatcooks/video/7496600406902983958,7496600406902983958,2,egg,1.0,,,1 Egg
NYC Triple Chocolate Cookies,https://www.tiktok.com/@nishatcooks/video/7496600406902983958,7496600406902983958,3,vanilla extract,1.0,tsp,,1tsp Vanilla
NYC Triple Chocolate Cookies,https://www.tiktok.com/@nishatcooks/video/7496600406902983958,7496600406902983958,4,granulated sugar,110.0,g,,110g White Sugar
NYC Triple Chocolate Cookies,https://www.tiktok.com/@nishatcooks/video/7496600406902983958,7496600406902983958,5,dark brown sugar,160.0,g,,160g Dark Brown Sugar
NYC Triple Chocolate Cookies,https://www.tiktok.com/@nishatcooks/video/7496600406902983958,7496600406902983958,6,all-purpose flour,170.0,g,,170g Plain Flour
NYC Triple Chocolate Cookies,https://www.tiktok.com/@nishatcooks/video/7496600406902983958,7496600406902983958,7,cocoa powder,60.0,g,,60g Cocoa Powder
NYC Triple Chocolate Cookies,https://www.tiktok.com/@nishatcooks/video/7496600406902983958,7496600406902983958,8,chocolate,200.0,g,"mix of dark, milk and white","200g Baking Chocolate (dark, milk and white)"
NYC Triple Chocolate Cookies,https://www.tiktok.com/@nishatcooks/video/7496600406902983958,7496600406902983958,9,fudge pieces,,,optional,Fudge Pieces (optional)
NYC Triple Chocolate Cookies,https://www.tiktok.com/@nishatcooks/video/7496600406902983958,7496600406902983958,10,baking soda,,pinch,,Pinch of Bicarbonate Soda
NYC Triple Chocolate Cookies,https://www.tiktok.com/@nishatcooks/video/7496600406902983958,7496600406902983958,11,salt,,pinch,,Sprinkle of Salt
Lotus Speculoos Cookies,https://www.tiktok.com/@annabellas.nl/video/7496934008862018838,7496934008862018838,1,unsalted butter,125.0,g,,125 gram ongezouten roomboter
Lotus Speculoos Cookies,https://www.tiktok.com/@annabellas.nl/video/7496934008862018838,7496934008862018838,2,light brown sugar,125.0,g,,125 gram licht bruine basterdsuiker
Lotus Speculoos Cookies,https://www.tiktok.com/@annabellas.nl/video/7496934008862018838,7496934008862018838,3,granulated sugar,100.0,g,,100 gram kristalsuiker
Lotus Speculoos Cookies,https://www.tiktok.com/@annabellas.nl/video/7496934008862018838,7496934008862018838,4,egg,2.0,,,2 eieren
Lotus Speculoos Cookies,https://www.tiktok.com/@annabellas.nl/video/7496934008862018838,7496934008862018838,5,baking powder,1.0,tsp,,1 theelepel bakpoeder
Lotus Speculoos Cookies,https://www.tiktok.com/@annabellas.nl/video/7496934008862018838,7496934008862018838,6,all-purpose flour,365.0,g,,365 gram patentbloem
Lotus Speculoos Cookies,https://www.tiktok.com/@annabellas.nl/video/7496934008862018838,7496934008862018838,7,white chocolate,100.0,g,,100 gram witte chocolade
Lotus Speculoos Cookies,https://www.tiktok.com/@annabellas.nl/video/7496934008862018838,7496934008862018838,8,speculoos spread,50.0,g,plus extra for topping,50 gram speculoos
Lotus Speculoos Cookies,https://www.tiktok.com/@annabellas.nl/video/7496934008862018838,7496934008862018838,9,lotus biscoff biscuits,100.0,g,plus 10 for topping,100 gram lotus koekjes
Brown Butter Brookies (bar),https://www.tiktok.com/@iramsfoodstory/video/7498663037667216683,7498663037667216683,1,unsalted butter,115.0,g,cookie layer,"1/2 cup (115g) unsalted butter, melted"
Brown Butter Brookies (bar),https://www.tiktok.com/@iramsfoodstory/video/7498663037667216683,7498663037667216683,2,light brown sugar,100.0,g,cookie layer,1/2 cup (100g) light brown sugar
Brown Butter Brookies (bar),https://www.tiktok.com/@iramsfoodstory/video/7498663037667216683,7498663037667216683,3,granulated sugar,65.0,g,cookie layer,1/3 cup (65g) granulated sugar
Brown Butter Brookies (bar),https://www.tiktok.com/@iramsfoodstory/video/7498663037667216683,7498663037667216683,4,egg,1.0,,cookie layer,1 large egg
Brown Butter Brookies (bar),https://www.tiktok.com/@iramsfoodstory/video/7498663037667216683,7498663037667216683,5,vanilla extract,1.0,tbsp,cookie layer,1 tbsp (15g) vanilla extract
Brown Butter Brookies (bar),https://www.tiktok.com/@iramsfoodstory/video/7498663037667216683,7498663037667216683,6,all-purpose flour,160.0,g,cookie layer,1 1/4 cups (160g) all-purpose flour
Brown Butter Brookies (bar),https://www.tiktok.com/@iramsfoodstory/video/7498663037667216683,7498663037667216683,7,baking soda,0.5,tsp,cookie layer,1/2 tsp (2g) baking soda
Brown Butter Brookies (bar),https://www.tiktok.com/@iramsfoodstory/video/7498663037667216683,7498663037667216683,8,salt,,pinch,cookie layer,Pinch of salt
Brown Butter Brookies (bar),https://www.tiktok.com/@iramsfoodstory/video/7498663037667216683,7498663037667216683,9,semi-sweet chocolate chips,250.0,g,cookie layer,1 1/2 cups (250g) semi-sweet chocolate chips
Brown Butter Brookies (bar),https://www.tiktok.com/@iramsfoodstory/video/7498663037667216683,7498663037667216683,10,unsalted butter,225.0,g,brownie layer,1 cup (225g) unsalted butter
Brown Butter Brookies (bar),https://www.tiktok.com/@iramsfoodstory/video/7498663037667216683,7498663037667216683,11,cocoa powder,60.0,g,brownie layer,1/2 cup (60g) cocoa powder
Brown Butter Brookies (bar),https://www.tiktok.com/@iramsfoodstory/video/7498663037667216683,7498663037667216683,12,vanilla extract,1.0,tsp,brownie layer,1 teaspoon (5g) vanilla extract
Brown Butter Brookies (bar),https://www.tiktok.com/@iramsfoodstory/video/7498663037667216683,7498663037667216683,13,light brown sugar,100.0,g,brownie layer,1/2 cup (100g) light brown sugar
Brown Butter Brookies (bar),https://www.tiktok.com/@iramsfoodstory/video/7498663037667216683,7498663037667216683,14,powdered sugar,210.0,g,brownie layer,1 3/4 cups (210g) powdered sugar
Brown Butter Brookies (bar),https://www.tiktok.com/@iramsfoodstory/video/7498663037667216683,7498663037667216683,15,semi-sweet chocolate chips,125.0,g,brownie layer,3/4 cup (125g) semi-sweet chocolate chips
Brown Butter Brookies (bar),https://www.tiktok.com/@iramsfoodstory/video/7498663037667216683,7498663037667216683,16,semi-sweet chocolate,60.0,g,brownie layer,"1/3 cup (60g) semi-sweet chocolate, chopped"
Brown Butter Brookies (bar),https://www.tiktok.com/@iramsfoodstory/video/7498663037667216683,7498663037667216683,17,egg,3.0,,brownie layer,3 large eggs
Brown Butter Brookies (bar),https://www.tiktok.com/@iramsfoodstory/video/7498663037667216683,7498663037667216683,18,all-purpose flour,60.0,g,brownie layer,1/2 cup (60g) all-purpose flour
Brown Butter Brookies (bar),https://www.tiktok.com/@iramsfoodstory/video/7498663037667216683,7498663037667216683,19,salt,,pinch,brownie layer,Pinch of salt
Brown Butter Brookies (bar),https://www.tiktok.com/@iramsfoodstory/video/7498663037667216683,7498663037667216683,20,olive oil,45.0,g,brownie layer,3 tablespoons (45g) olive oil
PB Oatmeal Chocolate Chunk Breakfast Cookies,https://www.tiktok.com/@mersgoodeats/video/7499108810682912043,7499108810682912043,1,banana,1.0,,mashed,1 large banana
PB Oatmeal Chocolate Chunk Breakfast Cookies,https://www.tiktok.com/@mersgoodeats/video/7499108810682912043,7499108810682912043,2,peanut butter,0.5,cup,,1/2 cup natural nut butter
PB Oatmeal Chocolate Chunk Breakfast Cookies,https://www.tiktok.com/@mersgoodeats/video/7499108810682912043,7499108810682912043,3,maple syrup,0.333,cup,,1/3 cup maple syrup
PB Oatmeal Chocolate Chunk Breakfast Cookies,https://www.tiktok.com/@mersgoodeats/video/7499108810682912043,7499108810682912043,4,egg,1.0,,,1 egg
PB Oatmeal Chocolate Chunk Breakfast Cookies,https://www.tiktok.com/@mersgoodeats/video/7499108810682912043,7499108810682912043,5,vanilla extract,1.0,tsp,,1 tsp vanilla extract
PB Oatmeal Chocolate Chunk Breakfast Cookies,https://www.tiktok.com/@mersgoodeats/video/7499108810682912043,7499108810682912043,6,oat flour,1.0,cup,,1 cup oat flour
PB Oatmeal Chocolate Chunk Breakfast Cookies,https://www.tiktok.com/@mersgoodeats/video/7499108810682912043,7499108810682912043,7,rolled oats,1.25,cup,,1 & 1/4 cup rolled oats
PB Oatmeal Chocolate Chunk Breakfast Cookies,https://www.tiktok.com/@mersgoodeats/video/7499108810682912043,7499108810682912043,8,cinnamon,1.0,tsp,,1 tsp cinnamon
PB Oatmeal Chocolate Chunk Breakfast Cookies,https://www.tiktok.com/@mersgoodeats/video/7499108810682912043,7499108810682912043,9,baking soda,1.0,tsp,,1 tsp baking soda
PB Oatmeal Chocolate Chunk Breakfast Cookies,https://www.tiktok.com/@mersgoodeats/video/7499108810682912043,7499108810682912043,10,chocolate chips,0.5,cup,,1/2 cup chocolate chips
White Chocolate Raspberry Spring Cookies,https://www.tiktok.com/@caitlins_table/video/7510428937516748063,7510428937516748063,1,unsalted butter,0.5,cup,melted,1/2 cup unsalted butter
White Chocolate Raspberry Spring Cookies,https://www.tiktok.com/@caitlins_table/video/7510428937516748063,7510428937516748063,2,granulated sugar,0.25,cup,,1/4 cup granulated sugar
White Chocolate Raspberry Spring Cookies,https://www.tiktok.com/@caitlins_table/video/7510428937516748063,7510428937516748063,3,light brown sugar,1.0,cup,,"1 cup light brown sugar, packed"
White Chocolate Raspberry Spring Cookies,https://www.tiktok.com/@caitlins_table/video/7510428937516748063,7510428937516748063,4,egg,1.0,,,1 large egg
White Chocolate Raspberry Spring Cookies,https://www.tiktok.com/@caitlins_table/video/7510428937516748063,7510428937516748063,5,vanilla extract,2.0,tsp,,2 tsp vanilla extract
White Chocolate Raspberry Spring Cookies,https://www.tiktok.com/@caitlins_table/video/7510428937516748063,7510428937516748063,6,all-purpose flour,1.75,cup,,1 3/4 cup all purpose flour
White Chocolate Raspberry Spring Cookies,https://www.tiktok.com/@caitlins_table/video/7510428937516748063,7510428937516748063,7,baking soda,0.5,tsp,,1/2 tsp baking soda
White Chocolate Raspberry Spring Cookies,https://www.tiktok.com/@caitlins_table/video/7510428937516748063,7510428937516748063,8,salt,0.25,tsp,,1/4 tsp salt
White Chocolate Raspberry Spring Cookies,https://www.tiktok.com/@caitlins_table/video/7510428937516748063,7510428937516748063,9,white chocolate chips,1.0,cup,,1 cup white chocolate chips
White Chocolate Raspberry Spring Cookies,https://www.tiktok.com/@caitlins_table/video/7510428937516748063,7510428937516748063,10,freeze-dried raspberries,0.5,cup,,1/2 cup freeze dried raspberries
Ultimate Brown Butter Chocolate Chip Cookies,https://www.tiktok.com/@tessveenn/video/7512125318069538080,7512125318069538080,1,all-purpose flour,180.0,g,,180 gr. bloem
Ultimate Brown Butter Chocolate Chip Cookies,https://www.tiktok.com/@tessveenn/video/7512125318069538080,7512125318069538080,2,baking soda,0.5,tsp,,0.5 tsp. baksoda
Ultimate Brown Butter Chocolate Chip Cookies,https://www.tiktok.com/@tessveenn/video/7512125318069538080,7512125318069538080,3,baking powder,0.5,tsp,,0.5 tsp. bakpoeder
Ultimate Brown Butter Chocolate Chip Cookies,https://www.tiktok.com/@tessveenn/video/7512125318069538080,7512125318069538080,4,salt,0.5,tsp,,0.5 tsp. zout
Ultimate Brown Butter Chocolate Chip Cookies,https://www.tiktok.com/@tessveenn/video/7512125318069538080,7512125318069538080,5,butter,115.0,g,browned,115 gr. roomboter
Ultimate Brown Butter Chocolate Chip Cookies,https://www.tiktok.com/@tessveenn/video/7512125318069538080,7512125318069538080,6,light brown sugar,100.0,g,,100 gr. lichtbruine basterdsuiker
Ultimate Brown Butter Chocolate Chip Cookies,https://www.tiktok.com/@tessveenn/video/7512125318069538080,7512125318069538080,7,granulated sugar,50.0,g,,50 gr. kristalsuiker
Ultimate Brown Butter Chocolate Chip Cookies,https://www.tiktok.com/@tessveenn/video/7512125318069538080,7512125318069538080,8,egg,1.0,,,1 ei
Ultimate Brown Butter Chocolate Chip Cookies,https://www.tiktok.com/@tessveenn/video/7512125318069538080,7512125318069538080,9,vanilla extract,1.0,tsp,,1 tsp. vanille
Ultimate Brown Butter Chocolate Chip Cookies,https://www.tiktok.com/@tessveenn/video/7512125318069538080,7512125318069538080,10,dark chocolate,100.0,g,chopped,100 gr. pure chocolade
Ultimate Brown Butter Chocolate Chip Cookies,https://www.tiktok.com/@tessveenn/video/7512125318069538080,7512125318069538080,11,milk chocolate,50.0,g,chopped,50 gr. melk chocolade
Ultimate Brown Butter Chocolate Chip Cookies,https://www.tiktok.com/@tessveenn/video/7512125318069538080,7512125318069538080,12,flaky sea salt,,,optional,Zeezout vlokken
Single-Serve Peanut Butter Oatmeal Chip Cookie,https://www.tiktok.com/@chefdaniellesepsy/video/7515130819854372142,7515130819854372142,1,butter,2.0,tbsp,melted,2 tablespoons melted butter
Single-Serve Peanut Butter Oatmeal Chip Cookie,https://www.tiktok.com/@chefdaniellesepsy/video/7515130819854372142,7515130819854372142,2,dark brown sugar,2.0,tbsp,,2 tablespoon packed dark brown sugar
Single-Serve Peanut Butter Oatmeal Chip Cookie,https://www.tiktok.com/@chefdaniellesepsy/video/7515130819854372142,7515130819854372142,3,peanut butter,1.0,tbsp,,1 heaping tablespoon of peanut butter
Single-Serve Peanut Butter Oatmeal Chip Cookie,https://www.tiktok.com/@chefdaniellesepsy/video/7515130819854372142,7515130819854372142,4,egg yolk,1.0,,,1 large egg yolk only
Single-Serve Peanut Butter Oatmeal Chip Cookie,https://www.tiktok.com/@chefdaniellesepsy/video/7515130819854372142,7515130819854372142,5,vanilla bean paste,0.125,tsp,,1/8 teaspoon vanilla bean paste
Single-Serve Peanut Butter Oatmeal Chip Cookie,https://www.tiktok.com/@chefdaniellesepsy/video/7515130819854372142,7515130819854372142,6,all-purpose flour,0.25,cup,,1/4 cup AP flour
Single-Serve Peanut Butter Oatmeal Chip Cookie,https://www.tiktok.com/@chefdaniellesepsy/video/7515130819854372142,7515130819854372142,7,rolled oats,1.5,tbsp,,1 1/2 tablespoons oats
Single-Serve Peanut Butter Oatmeal Chip Cookie,https://www.tiktok.com/@chefdaniellesepsy/video/7515130819854372142,7515130819854372142,8,baking soda,0.125,tsp,,1/8 teaspoon baking soda
Single-Serve Peanut Butter Oatmeal Chip Cookie,https://www.tiktok.com/@chefdaniellesepsy/video/7515130819854372142,7515130819854372142,9,salt,0.125,tsp,,1/8 teaspoon fine table salt
Single-Serve Peanut Butter Oatmeal Chip Cookie,https://www.tiktok.com/@chefdaniellesepsy/video/7515130819854372142,7515130819854372142,10,semi-sweet chocolate chips,2.0,tbsp,,2 tablespoons semi sweet chocolate chips
Chocolate Chip Brookies,https://www.tiktok.com/@_poppycarr/video/7521102217185594646,7521102217185594646,1,butter,115.0,g,melted,115g butter
Chocolate Chip Brookies,https://www.tiktok.com/@_poppycarr/video/7521102217185594646,7521102217185594646,2,light brown sugar,120.0,g,,120g light brown sugar
Chocolate Chip Brookies,https://www.tiktok.com/@_poppycarr/video/7521102217185594646,7521102217185594646,3,granulated sugar,50.0,g,,50g granulated sugar
Chocolate Chip Brookies,https://www.tiktok.com/@_poppycarr/video/7521102217185594646,7521102217185594646,4,egg,1.0,,,1 medium egg
Chocolate Chip Brookies,https://www.tiktok.com/@_poppycarr/video/7521102217185594646,7521102217185594646,5,vanilla extract,1.0,tsp,,1 tsp vanilla extract
Chocolate Chip Brookies,https://www.tiktok.com/@_poppycarr/video/7521102217185594646,7521102217185594646,6,baking powder,0.5,tsp,,1/2 tsp baking powder
Chocolate Chip Brookies,https://www.tiktok.com/@_poppycarr/video/7521102217185594646,7521102217185594646,7,baking soda,0.5,tsp,,1/2 tsp bicarbonate of soda
Chocolate Chip Brookies,https://www.tiktok.com/@_poppycarr/video/7521102217185594646,7521102217185594646,8,salt,1.0,tsp,,1 tsp salt
Chocolate Chip Brookies,https://www.tiktok.com/@_poppycarr/video/7521102217185594646,7521102217185594646,9,all-purpose flour,75.0,g,brownie half,75g plain flour
Chocolate Chip Brookies,https://www.tiktok.com/@_poppycarr/video/7521102217185594646,7521102217185594646,10,cocoa powder,15.0,g,brownie half,15g cocoa powder
Chocolate Chip Brookies,https://www.tiktok.com/@_poppycarr/video/7521102217185594646,7521102217185594646,11,white chocolate,100.0,g,brownie half,100g white chocolate chunks
Chocolate Chip Brookies,https://www.tiktok.com/@_poppycarr/video/7521102217185594646,7521102217185594646,12,all-purpose flour,90.0,g,cookie half,90g plain flour
Chocolate Chip Brookies,https://www.tiktok.com/@_poppycarr/video/7521102217185594646,7521102217185594646,13,milk chocolate,100.0,g,cookie half,100g milk chocolate chunks
Perfect Brown Butter Chocolate Chip Cookies,https://www.tiktok.com/@beverebakehouse/video/7526213053210266893,7526213053210266893,1,butter,18.0,tbsp,browned,18 tbsp of butter (browned)
Perfect Brown Butter Chocolate Chip Cookies,https://www.tiktok.com/@beverebakehouse/video/7526213053210266893,7526213053210266893,2,granulated sugar,0.75,cup,,3/4 cup granulated sugar
Perfect Brown Butter Chocolate Chip Cookies,https://www.tiktok.com/@beverebakehouse/video/7526213053210266893,7526213053210266893,3,dark brown sugar,1.0,cup,,1 cup dark brown sugar
Perfect Brown Butter Chocolate Chip Cookies,https://www.tiktok.com/@beverebakehouse/video/7526213053210266893,7526213053210266893,4,egg,2.0,,,2 eggs
Perfect Brown Butter Chocolate Chip Cookies,https://www.tiktok.com/@beverebakehouse/video/7526213053210266893,7526213053210266893,5,vanilla bean paste,1.0,tbsp,,1 tablespoon vanilla bean paste
Perfect Brown Butter Chocolate Chip Cookies,https://www.tiktok.com/@beverebakehouse/video/7526213053210266893,7526213053210266893,6,all-purpose flour,3.0,cup,,3 cups AP flour
Perfect Brown Butter Chocolate Chip Cookies,https://www.tiktok.com/@beverebakehouse/video/7526213053210266893,7526213053210266893,7,baking soda,2.0,tsp,,2 teaspoons baking soda
Perfect Brown Butter Chocolate Chip Cookies,https://www.tiktok.com/@beverebakehouse/video/7526213053210266893,7526213053210266893,8,salt,1.0,tsp,,1 teaspoon salt
Perfect Brown Butter Chocolate Chip Cookies,https://www.tiktok.com/@beverebakehouse/video/7526213053210266893,7526213053210266893,9,semi-sweet chocolate chips,1.0,cup,,1 cup semi sweet chocolate chunks
Perfect Brown Butter Chocolate Chip Cookies,https://www.tiktok.com/@beverebakehouse/video/7526213053210266893,7526213053210266893,10,dark chocolate,1.0,cup,,1 cup dark chocolate chunks
Perfect Brown Butter Chocolate Chip Cookies,https://www.tiktok.com/@beverebakehouse/video/7526213053210266893,7526213053210266893,11,flaky sea salt,,,optional,flakey salt optional
Brown Butter Chocolate Chip Cookies (Greek),https://www.tiktok.com/@the_hungry_kat/video/7533995753757248791,7533995753757248791,1,butter,140.0,g,browned,140 γρ καβουρδισμένο βούτυρο
Brown Butter Chocolate Chip Cookies (Greek),https://www.tiktok.com/@the_hungry_kat/video/7533995753757248791,7533995753757248791,2,dark brown sugar,140.0,g,,140 μαύρη ζάχαρη
Brown Butter Chocolate Chip Cookies (Greek),https://www.tiktok.com/@the_hungry_kat/video/7533995753757248791,7533995753757248791,3,granulated sugar,60.0,g,,60 κρυσταλλική ζάχαρη
Brown Butter Chocolate Chip Cookies (Greek),https://www.tiktok.com/@the_hungry_kat/video/7533995753757248791,7533995753757248791,4,egg,1.0,,,1 μεγάλο αυγό
Brown Butter Chocolate Chip Cookies (Greek),https://www.tiktok.com/@the_hungry_kat/video/7533995753757248791,7533995753757248791,5,milk,1.0,tbsp,,1 κουταλιά σούπας φρέσκο γάλα
Brown Butter Chocolate Chip Cookies (Greek),https://www.tiktok.com/@the_hungry_kat/video/7533995753757248791,7533995753757248791,6,vanilla extract,1.0,tsp,,1 κουταλάκι εκχύλισμα βανίλιας
Brown Butter Chocolate Chip Cookies (Greek),https://www.tiktok.com/@the_hungry_kat/video/7533995753757248791,7533995753757248791,7,all-purpose flour,220.0,g,,220 γρ αλεύρι
Brown Butter Chocolate Chip Cookies (Greek),https://www.tiktok.com/@the_hungry_kat/video/7533995753757248791,7533995753757248791,8,baking soda,0.75,tsp,,3/4 κουταλάκι σόδα
Brown Butter Chocolate Chip Cookies (Greek),https://www.tiktok.com/@the_hungry_kat/video/7533995753757248791,7533995753757248791,9,salt,0.5,tsp,,1/2 κουταλάκι αλάτι
Brown Butter Chocolate Chip Cookies (Greek),https://www.tiktok.com/@the_hungry_kat/video/7533995753757248791,7533995753757248791,10,dark chocolate,80.0,g,chopped,80 γρ κουβερτούρα
Brown Butter Chocolate Chip Cookies (Greek),https://www.tiktok.com/@the_hungry_kat/video/7533995753757248791,7533995753757248791,11,chocolate chips,100.0,g,,100 γρ σταγόνες κουβερτούρας
Brown Butter White Chocolate Cookies,https://www.tiktok.com/@zeetheintrovert/video/7535194316864605454,7535194316864605454,1,unsalted butter,0.75,cup,browned,"3/4 cups unsalted butter, browned and cooled"
Brown Butter White Chocolate Cookies,https://www.tiktok.com/@zeetheintrovert/video/7535194316864605454,7535194316864605454,2,light brown sugar,1.0,cup,,1 cup light brown sugar
Brown Butter White Chocolate Cookies,https://www.tiktok.com/@zeetheintrovert/video/7535194316864605454,7535194316864605454,3,granulated sugar,0.333,cup,,1/3 cup white granulated sugar
Brown Butter White Chocolate Cookies,https://www.tiktok.com/@zeetheintrovert/video/7535194316864605454,7535194316864605454,4,egg,2.0,,,2 large eggs
Brown Butter White Chocolate Cookies,https://www.tiktok.com/@zeetheintrovert/video/7535194316864605454,7535194316864605454,5,vanilla bean paste,1.5,tbsp,,1 1/2 tbsp vanilla bean paste
Brown Butter White Chocolate Cookies,https://www.tiktok.com/@zeetheintrovert/video/7535194316864605454,7535194316864605454,6,all-purpose flour,2.25,cup,,2 1/4 cups all purpose flour
Brown Butter White Chocolate Cookies,https://www.tiktok.com/@zeetheintrovert/video/7535194316864605454,7535194316864605454,7,baking soda,0.5,tsp,,1/2 tsp baking soda
Brown Butter White Chocolate Cookies,https://www.tiktok.com/@zeetheintrovert/video/7535194316864605454,7535194316864605454,8,baking powder,0.5,tsp,,1/2 tsp baking powder
Brown Butter White Chocolate Cookies,https://www.tiktok.com/@zeetheintrovert/video/7535194316864605454,7535194316864605454,9,salt,0.25,tsp,,1/4 tsp salt
Brown Butter White Chocolate Cookies,https://www.tiktok.com/@zeetheintrovert/video/7535194316864605454,7535194316864605454,10,white chocolate,2.0,bar,chopped,"2 Ghirardelli white chocolate barks, chopped"
Brown Butter Chocolate Chip Cookies (with cream),https://www.tiktok.com/@wellmadebykiley/video/7538445853686566174,7538445853686566174,1,salted butter,254.0,g,browned (weight before),1 cup + 2 tbsp (254g) salted butter
Brown Butter Chocolate Chip Cookies (with cream),https://www.tiktok.com/@wellmadebykiley/video/7538445853686566174,7538445853686566174,2,light brown sugar,240.0,g,,1 cup (240g) light brown sugar
Brown Butter Chocolate Chip Cookies (with cream),https://www.tiktok.com/@wellmadebykiley/video/7538445853686566174,7538445853686566174,3,granulated sugar,110.0,g,,1/2 cup (110g) granulated sugar
Brown Butter Chocolate Chip Cookies (with cream),https://www.tiktok.com/@wellmadebykiley/video/7538445853686566174,7538445853686566174,4,egg,2.0,,room temperature,2 eggs
Brown Butter Chocolate Chip Cookies (with cream),https://www.tiktok.com/@wellmadebykiley/video/7538445853686566174,7538445853686566174,5,heavy cream,30.0,ml,,2 tbsp (30ml) heavy cream
Brown Butter Chocolate Chip Cookies (with cream),https://www.tiktok.com/@wellmadebykiley/video/7538445853686566174,7538445853686566174,6,vanilla bean paste,2.0,tsp,,2 tsp (8g) vanilla bean paste or extract
Brown Butter Chocolate Chip Cookies (with cream),https://www.tiktok.com/@wellmadebykiley/video/7538445853686566174,7538445853686566174,7,all-purpose flour,340.0,g,,2 3/4 cups (340g) all-purpose flour
Brown Butter Chocolate Chip Cookies (with cream),https://www.tiktok.com/@wellmadebykiley/video/7538445853686566174,7538445853686566174,8,baking soda,1.0,tsp,,1 tsp (5g) baking soda
Brown Butter Chocolate Chip Cookies (with cream),https://www.tiktok.com/@wellmadebykiley/video/7538445853686566174,7538445853686566174,9,baking powder,1.0,tsp,,1 tsp (4g) baking powder
Brown Butter Chocolate Chip Cookies (with cream),https://www.tiktok.com/@wellmadebykiley/video/7538445853686566174,7538445853686566174,10,salt,0.25,tsp,,1/4 tsp (2g) salt
Brown Butter Chocolate Chip Cookies (with cream),https://www.tiktok.com/@wellmadebykiley/video/7538445853686566174,7538445853686566174,11,chocolate chips,300.0,g,semi-sweet chips + 70% dark bar,1 1/2 cups (300g) chocolate chips or chopped chocolate
Brown Butter Chocolate Chip Cookies (with cream),https://www.tiktok.com/@wellmadebykiley/video/7538445853686566174,7538445853686566174,12,flaky sea salt,,,serving,Flaky sea salt
Crumbl-Style Chocolate Cookies,https://www.tiktok.com/@mary.mooon/video/7539165192907754757,7539165192907754757,1,all-purpose flour,185.0,g,,мука 185 гр
Crumbl-Style Chocolate Cookies,https://www.tiktok.com/@mary.mooon/video/7539165192907754757,7539165192907754757,2,egg,1.0,,,яйцо 1 шт
Crumbl-Style Chocolate Cookies,https://www.tiktok.com/@mary.mooon/video/7539165192907754757,7539165192907754757,3,granulated sugar,200.0,g,,сахар 200 гр
Crumbl-Style Chocolate Cookies,https://www.tiktok.com/@mary.mooon/video/7539165192907754757,7539165192907754757,4,butter,115.0,g,,сливочное масло 115 гр
Crumbl-Style Chocolate Cookies,https://www.tiktok.com/@mary.mooon/video/7539165192907754757,7539165192907754757,5,chocolate chips,200.0,g,,шоколад 200 гр
Crumbl-Style Chocolate Cookies,https://www.tiktok.com/@mary.mooon/video/7539165192907754757,7539165192907754757,6,salt,,pinch,,щепотка соли
Crumbl-Style Chocolate Cookies,https://www.tiktok.com/@mary.mooon/video/7539165192907754757,7539165192907754757,7,baking soda,,pinch,,щепотка соды
Soft Snickerdoodles with Cream Cheese Icing,https://www.tiktok.com/@_nesbakes/video/7542964390354799894,7542964390354799894,1,all-purpose flour,165.0,g,,165g flour
Soft Snickerdoodles with Cream Cheese Icing,https://www.tiktok.com/@_nesbakes/video/7542964390354799894,7542964390354799894,2,baking soda,0.5,tsp,,1/2 tsp baking soda
Soft Snickerdoodles with Cream Cheese Icing,https://www.tiktok.com/@_nesbakes/video/7542964390354799894,7542964390354799894,3,unsalted butter,113.0,g,room temperature,"113g unsalted butter, room temperature"
Soft Snickerdoodles with Cream Cheese Icing,https://www.tiktok.com/@_nesbakes/video/7542964390354799894,7542964390354799894,4,granulated sugar,80.0,g,,80g granulated sugar
Soft Snickerdoodles with Cream Cheese Icing,https://www.tiktok.com/@_nesbakes/video/7542964390354799894,7542964390354799894,5,egg,1.0,,,1 large egg
Soft Snickerdoodles with Cream Cheese Icing,https://www.tiktok.com/@_nesbakes/video/7542964390354799894,7542964390354799894,6,vanilla extract,1.0,tsp,,1 tsp vanilla extract
Soft Snickerdoodles with Cream Cheese Icing,https://www.tiktok.com/@_nesbakes/video/7542964390354799894,7542964390354799894,7,cinnamon,0.25,tsp,,1/4 tsp cinnamon
Soft Snickerdoodles with Cream Cheese Icing,https://www.tiktok.com/@_nesbakes/video/7542964390354799894,7542964390354799894,8,granulated sugar,2.0,tbsp,coating,2 tbsp sugar
Soft Snickerdoodles with Cream Cheese Icing,https://www.tiktok.com/@_nesbakes/video/7542964390354799894,7542964390354799894,9,cinnamon,1.0,tbsp,coating,1 tbsp cinnamon
Soft Snickerdoodles with Cream Cheese Icing,https://www.tiktok.com/@_nesbakes/video/7542964390354799894,7542964390354799894,10,unsalted butter,50.0,g,icing,50g unsalted butter
Soft Snickerdoodles with Cream Cheese Icing,https://www.tiktok.com/@_nesbakes/video/7542964390354799894,7542964390354799894,11,cream cheese,90.0,g,icing,90g cream cheese
Soft Snickerdoodles with Cream Cheese Icing,https://www.tiktok.com/@_nesbakes/video/7542964390354799894,7542964390354799894,12,powdered sugar,65.0,g,icing,65g icing sugar
1-2-3 Bakery Butter Cookies (ratio),https://www.tiktok.com/@bakkerij_klaashartog/video/7543172292583361824,7543172292583361824,1,granulated sugar,1.0,part,,1 deel suiker
1-2-3 Bakery Butter Cookies (ratio),https://www.tiktok.com/@bakkerij_klaashartog/video/7543172292583361824,7543172292583361824,2,butter,2.0,part,,2 delen boter
1-2-3 Bakery Butter Cookies (ratio),https://www.tiktok.com/@bakkerij_klaashartog/video/7543172292583361824,7543172292583361824,3,all-purpose flour,3.0,part,,3 delen bloem
1-2-3 Bakery Butter Cookies (ratio),https://www.tiktok.com/@bakkerij_klaashartog/video/7543172292583361824,7543172292583361824,4,egg,,,,ei
1-2-3 Bakery Butter Cookies (ratio),https://www.tiktok.com/@bakkerij_klaashartog/video/7543172292583361824,7543172292583361824,5,baking powder,,,,bakpoeder
White Chocolate Biscoff Cookies,https://www.tiktok.com/@sugarspiceddreams/video/7543589142496693559,7543589142496693559,1,butter,113.0,g,softened,"½ cup butter, softened (113g)"
White Chocolate Biscoff Cookies,https://www.tiktok.com/@sugarspiceddreams/video/7543589142496693559,7543589142496693559,2,brown sugar,133.0,g,,⅔ cup brown sugar (133g)
White Chocolate Biscoff Cookies,https://www.tiktok.com/@sugarspiceddreams/video/7543589142496693559,7543589142496693559,3,granulated sugar,67.0,g,,⅓ cup granulated sugar (67g)
White Chocolate Biscoff Cookies,https://www.tiktok.com/@sugarspiceddreams/video/7543589142496693559,7543589142496693559,4,egg,1.0,,,1 large egg
White Chocolate Biscoff Cookies,https://www.tiktok.com/@sugarspiceddreams/video/7543589142496693559,7543589142496693559,5,egg yolk,1.0,,,1 egg yolk
White Chocolate Biscoff Cookies,https://www.tiktok.com/@sugarspiceddreams/video/7543589142496693559,7543589142496693559,6,vanilla extract,1.0,tsp,,1 tsp vanilla extract
White Chocolate Biscoff Cookies,https://www.tiktok.com/@sugarspiceddreams/video/7543589142496693559,7543589142496693559,7,all-purpose flour,240.0,g,,2 cups all-purpose flour (240g)
White Chocolate Biscoff Cookies,https://www.tiktok.com/@sugarspiceddreams/video/7543589142496693559,7543589142496693559,8,cornstarch,8.0,g,,1 tbsp cornstarch (8g)
White Chocolate Biscoff Cookies,https://www.tiktok.com/@sugarspiceddreams/video/7543589142496693559,7543589142496693559,9,baking soda,0.5,tsp,,½ tsp baking soda
White Chocolate Biscoff Cookies,https://www.tiktok.com/@sugarspiceddreams/video/7543589142496693559,7543589142496693559,10,salt,0.5,tsp,,½ tsp salt
White Chocolate Biscoff Cookies,https://www.tiktok.com/@sugarspiceddreams/video/7543589142496693559,7543589142496693559,11,speculoos spread,0.25,cup,2 tbsp reserved for drizzle,¼ cup biscoff spread
White Chocolate Biscoff Cookies,https://www.tiktok.com/@sugarspiceddreams/video/7543589142496693559,7543589142496693559,12,lotus biscoff biscuits,7.0,piece,,6–8 biscoff cookies
White Chocolate Biscoff Cookies,https://www.tiktok.com/@sugarspiceddreams/video/7543589142496693559,7543589142496693559,13,white chocolate,,,amount not given,white chocolate
All-Time Favourite Chocolate Chip Cookies,https://www.tiktok.com/@patisjanne/video/7544270026174450977,7544270026174450977,1,butter,125.0,g,room temperature,125 gram roomboter
All-Time Favourite Chocolate Chip Cookies,https://www.tiktok.com/@patisjanne/video/7544270026174450977,7544270026174450977,2,granulated sugar,100.0,g,,100 gram kristalsuiker
All-Time Favourite Chocolate Chip Cookies,https://www.tiktok.com/@patisjanne/video/7544270026174450977,7544270026174450977,3,light brown sugar,80.0,g,,80 gram lichtbruine basterdsuiker
All-Time Favourite Chocolate Chip Cookies,https://www.tiktok.com/@patisjanne/video/7544270026174450977,7544270026174450977,4,egg,1.0,,,1 ei
All-Time Favourite Chocolate Chip Cookies,https://www.tiktok.com/@patisjanne/video/7544270026174450977,7544270026174450977,5,vanilla extract,1.0,tsp,,1 tl vanille extract
All-Time Favourite Chocolate Chip Cookies,https://www.tiktok.com/@patisjanne/video/7544270026174450977,7544270026174450977,6,all-purpose flour,230.0,g,,230 gram bloem
All-Time Favourite Chocolate Chip Cookies,https://www.tiktok.com/@patisjanne/video/7544270026174450977,7544270026174450977,7,baking powder,1.5,tsp,,"1,5 tl bakpoeder"
All-Time Favourite Chocolate Chip Cookies,https://www.tiktok.com/@patisjanne/video/7544270026174450977,7544270026174450977,8,baking soda,0.5,tsp,,"0,5 tl baking soda"
All-Time Favourite Chocolate Chip Cookies,https://www.tiktok.com/@patisjanne/video/7544270026174450977,7544270026174450977,9,salt,,pinch,,Flinke snuf zout
All-Time Favourite Chocolate Chip Cookies,https://www.tiktok.com/@patisjanne/video/7544270026174450977,7544270026174450977,10,chocolate chips,200.0,g,,200 gram chocolade chips
Raspberry White Chocolate Cookies (Norwegian),https://www.tiktok.com/@mira.elaa/video/7544781233994173718,7544781233994173718,1,all-purpose flour,300.0,g,,300g hvetemel
Raspberry White Chocolate Cookies (Norwegian),https://www.tiktok.com/@mira.elaa/video/7544781233994173718,7544781233994173718,2,baking powder,1.0,tsp,,1 ts bakepulver
Raspberry White Chocolate Cookies (Norwegian),https://www.tiktok.com/@mira.elaa/video/7544781233994173718,7544781233994173718,3,vanilla sugar,1.0,tsp,,1 ts vaniljesukker
Raspberry White Chocolate Cookies (Norwegian),https://www.tiktok.com/@mira.elaa/video/7544781233994173718,7544781233994173718,4,cornstarch,1.5,tbsp,,"1,5 ss maisstivelse"
Raspberry White Chocolate Cookies (Norwegian),https://www.tiktok.com/@mira.elaa/video/7544781233994173718,7544781233994173718,5,salt,1.0,tsp,,1ts salt
Raspberry White Chocolate Cookies (Norwegian),https://www.tiktok.com/@mira.elaa/video/7544781233994173718,7544781233994173718,6,brown sugar,225.0,g,,225g brunt sukker
Raspberry White Chocolate Cookies (Norwegian),https://www.tiktok.com/@mira.elaa/video/7544781233994173718,7544781233994173718,7,granulated sugar,85.0,g,,85g hvitt sukker
Raspberry White Chocolate Cookies (Norwegian),https://www.tiktok.com/@mira.elaa/video/7544781233994173718,7544781233994173718,8,egg,1.0,,,1 egg
Raspberry White Chocolate Cookies (Norwegian),https://www.tiktok.com/@mira.elaa/video/7544781233994173718,7544781233994173718,9,egg yolk,1.0,,,1 eggeplomme
Raspberry White Chocolate Cookies (Norwegian),https://www.tiktok.com/@mira.elaa/video/7544781233994173718,7544781233994173718,10,butter,225.0,g,cold,225g smør (kaldt)
Raspberry White Chocolate Cookies (Norwegian),https://www.tiktok.com/@mira.elaa/video/7544781233994173718,7544781233994173718,11,white chocolate,300.0,g,chopped,300g hvit hakket sjokolade
Raspberry White Chocolate Cookies (Norwegian),https://www.tiktok.com/@mira.elaa/video/7544781233994173718,7544781233994173718,12,raspberries,265.0,g,,260-270g bringebær
Brown Butter Chocolate Walnut Cookies,https://www.tiktok.com/@welcometoangieskitchen/video/7544789220729277718,7544789220729277718,1,unsalted butter,180.0,g,browned,180g unsalted butter (150g after browning)
Brown Butter Chocolate Walnut Cookies,https://www.tiktok.com/@welcometoangieskitchen/video/7544789220729277718,7544789220729277718,2,granulated sugar,100.0,g,,100g granulated sugar
Brown Butter Chocolate Walnut Cookies,https://www.tiktok.com/@welcometoangieskitchen/video/7544789220729277718,7544789220729277718,3,light brown sugar,80.0,g,,80g light brown sugar
Brown Butter Chocolate Walnut Cookies,https://www.tiktok.com/@welcometoangieskitchen/video/7544789220729277718,7544789220729277718,4,egg,1.0,,,1 large egg
Brown Butter Chocolate Walnut Cookies,https://www.tiktok.com/@welcometoangieskitchen/video/7544789220729277718,7544789220729277718,5,egg yolk,1.0,,,1 large egg yolk
Brown Butter Chocolate Walnut Cookies,https://www.tiktok.com/@welcometoangieskitchen/video/7544789220729277718,7544789220729277718,6,vanilla extract,1.0,tsp,,1 teaspoon vanilla extract
Brown Butter Chocolate Walnut Cookies,https://www.tiktok.com/@welcometoangieskitchen/video/7544789220729277718,7544789220729277718,7,all-purpose flour,220.0,g,,220g all-purpose flour
Brown Butter Chocolate Walnut Cookies,https://www.tiktok.com/@welcometoangieskitchen/video/7544789220729277718,7544789220729277718,8,baking powder,1.0,tsp,,4g baking powder
Brown Butter Chocolate Walnut Cookies,https://www.tiktok.com/@welcometoangieskitchen/video/7544789220729277718,7544789220729277718,9,milk chocolate chips,80.0,g,,80g milk chocolate chips
Brown Butter Chocolate Walnut Cookies,https://www.tiktok.com/@welcometoangieskitchen/video/7544789220729277718,7544789220729277718,10,semi-sweet chocolate chips,80.0,g,,80g semi-sweet chocolate chips
Brown Butter Chocolate Walnut Cookies,https://www.tiktok.com/@welcometoangieskitchen/video/7544789220729277718,7544789220729277718,11,walnuts,50.0,g,chopped,"50g walnuts, chopped"
Halloween Cut-Out Sugar Cookies,https://www.tiktok.com/@meatloafandmelodrama/video/7545620638258482462,7545620638258482462,1,butter,1.0,cup,softened,"1 cup butter, softened"
Halloween Cut-Out Sugar Cookies,https://www.tiktok.com/@meatloafandmelodrama/video/7545620638258482462,7545620638258482462,2,granulated sugar,1.0,cup,,1 cup white sugar
Halloween Cut-Out Sugar Cookies,https://www.tiktok.com/@meatloafandmelodrama/video/7545620638258482462,7545620638258482462,3,egg,1.0,,,1 large egg
Halloween Cut-Out Sugar Cookies,https://www.tiktok.com/@meatloafandmelodrama/video/7545620638258482462,7545620638258482462,4,almond extract,1.0,tbsp,,1 tbsp almond extract
Halloween Cut-Out Sugar Cookies,https://www.tiktok.com/@meatloafandmelodrama/video/7545620638258482462,7545620638258482462,5,vanilla extract,1.0,tbsp,,1 tbsp vanilla extract
Halloween Cut-Out Sugar Cookies,https://www.tiktok.com/@meatloafandmelodrama/video/7545620638258482462,7545620638258482462,6,salt,0.5,tsp,,1/2 tsp salt
Halloween Cut-Out Sugar Cookies,https://www.tiktok.com/@meatloafandmelodrama/video/7545620638258482462,7545620638258482462,7,baking powder,0.5,tsp,,1/2 tsp baking powder
Halloween Cut-Out Sugar Cookies,https://www.tiktok.com/@meatloafandmelodrama/video/7545620638258482462,7545620638258482462,8,all-purpose flour,2.75,cup,,2 3/4 cups flour
Brown Butter Snickerdoodles,https://www.tiktok.com/@aymenacooks/video/7547775399833668886,7547775399833668886,1,unsalted butter,125.0,g,browned,"125g butter, unsalted"
Brown Butter Snickerdoodles,https://www.tiktok.com/@aymenacooks/video/7547775399833668886,7547775399833668886,2,brown sugar,100.0,g,,100g brown sugar
Brown Butter Snickerdoodles,https://www.tiktok.com/@aymenacooks/video/7547775399833668886,7547775399833668886,3,granulated sugar,50.0,g,,50g granulated sugar
Brown Butter Snickerdoodles,https://www.tiktok.com/@aymenacooks/video/7547775399833668886,7547775399833668886,4,egg,1.0,,,1 large egg
Brown Butter Snickerdoodles,https://www.tiktok.com/@aymenacooks/video/7547775399833668886,7547775399833668886,5,heavy cream,1.0,tsp,,1 tsp heavy cream
Brown Butter Snickerdoodles,https://www.tiktok.com/@aymenacooks/video/7547775399833668886,7547775399833668886,6,vanilla extract,1.0,tsp,,1 tsp vanilla
Brown Butter Snickerdoodles,https://www.tiktok.com/@aymenacooks/video/7547775399833668886,7547775399833668886,7,all-purpose flour,220.0,g,,220g plain flour
Brown Butter Snickerdoodles,https://www.tiktok.com/@aymenacooks/video/7547775399833668886,7547775399833668886,8,baking soda,0.5,tsp,,1/2 tsp baking soda
Brown Butter Snickerdoodles,https://www.tiktok.com/@aymenacooks/video/7547775399833668886,7547775399833668886,9,baking powder,0.5,tsp,,1/2 tsp baking powder
Brown Butter Snickerdoodles,https://www.tiktok.com/@aymenacooks/video/7547775399833668886,7547775399833668886,10,salt,0.25,tsp,,1/4 tsp salt
Brown Butter Snickerdoodles,https://www.tiktok.com/@aymenacooks/video/7547775399833668886,7547775399833668886,11,cinnamon,0.5,tsp,,1/2 tsp ground cinnamon
Brown Butter Snickerdoodles,https://www.tiktok.com/@aymenacooks/video/7547775399833668886,7547775399833668886,12,granulated sugar,30.0,g,coating,30g sugar
Brown Butter Snickerdoodles,https://www.tiktok.com/@aymenacooks/video/7547775399833668886,7547775399833668886,13,cinnamon,1.0,tsp,coating,1 tsp ground cinnamon
Brown Butter Chocolate Chip Cookies (Balkan),https://www.tiktok.com/@hanasjournals/video/7550349866594061590,7550349866594061590,1,all-purpose flour,280.0,g,,280 g glatkog brašna
Brown Butter Chocolate Chip Cookies (Balkan),https://www.tiktok.com/@hanasjournals/video/7550349866594061590,7550349866594061590,2,baking soda,0.25,tsp,,¼ kašičice sode bikarbone
Brown Butter Chocolate Chip Cookies (Balkan),https://www.tiktok.com/@hanasjournals/video/7550349866594061590,7550349866594061590,3,baking powder,0.5,tsp,,½ kašičice praška za pecivo
Brown Butter Chocolate Chip Cookies (Balkan),https://www.tiktok.com/@hanasjournals/video/7550349866594061590,7550349866594061590,4,cornstarch,1.0,tsp,,1 kašičica gustina
Brown Butter Chocolate Chip Cookies (Balkan),https://www.tiktok.com/@hanasjournals/video/7550349866594061590,7550349866594061590,5,dark brown sugar,200.0,g,,200 g tamnog smeđeg šećera
Brown Butter Chocolate Chip Cookies (Balkan),https://www.tiktok.com/@hanasjournals/video/7550349866594061590,7550349866594061590,6,granulated sugar,40.0,g,,40 g kristal šećera
Brown Butter Chocolate Chip Cookies (Balkan),https://www.tiktok.com/@hanasjournals/video/7550349866594061590,7550349866594061590,7,egg,1.0,,room temperature,1 jaje
Brown Butter Chocolate Chip Cookies (Balkan),https://www.tiktok.com/@hanasjournals/video/7550349866594061590,7550349866594061590,8,egg yolk,1.0,,,1 žumanjak
Brown Butter Chocolate Chip Cookies (Balkan),https://www.tiktok.com/@hanasjournals/video/7550349866594061590,7550349866594061590,9,butter,225.0,g,browned,225 g maslaca
Brown Butter Chocolate Chip Cookies (Balkan),https://www.tiktok.com/@hanasjournals/video/7550349866594061590,7550349866594061590,10,vanilla bean paste,1.0,tbsp,,1 kašika paste od vanilije
Brown Butter Chocolate Chip Cookies (Balkan),https://www.tiktok.com/@hanasjournals/video/7550349866594061590,7550349866594061590,11,chocolate chips,150.0,g,,150g čokoladnih kapljica
Brown Butter Chocolate Chip Cookies (Balkan),https://www.tiktok.com/@hanasjournals/video/7550349866594061590,7550349866594061590,12,chocolate,85.0,g,chopped,85 g sjeckane čokolade
Brown Butter Chocolate Chip Cookies (Balkan),https://www.tiktok.com/@hanasjournals/video/7550349866594061590,7550349866594061590,13,salt,,pinch,,prstohvat soli
Brown Butter Chocolate Chip Cookies (Balkan),https://www.tiktok.com/@hanasjournals/video/7550349866594061590,7550349866594061590,14,cinnamon,,pinch,,prstohvat cimeta
Brown Butter Chocolate Chip Cookies (Balkan),https://www.tiktok.com/@hanasjournals/video/7550349866594061590,7550349866594061590,15,espresso powder,0.5,tsp,,½ kašičice instant kafe
Chewy No-Chill Chocolate Chip Cookies,https://www.tiktok.com/@janespatisserie/video/7551077417880767766,7551077417880767766,1,unsalted butter,175.0,g,,175 g unsalted butter
Chewy No-Chill Chocolate Chip Cookies,https://www.tiktok.com/@janespatisserie/video/7551077417880767766,7551077417880767766,2,light brown sugar,225.0,g,,225 g light brown soft sugar
Chewy No-Chill Chocolate Chip Cookies,https://www.tiktok.com/@janespatisserie/video/7551077417880767766,7551077417880767766,3,granulated sugar,100.0,g,,100 g white granulated sugar
Chewy No-Chill Chocolate Chip Cookies,https://www.tiktok.com/@janespatisserie/video/7551077417880767766,7551077417880767766,4,vanilla extract,1.0,tsp,,1 tsp vanilla extract
Chewy No-Chill Chocolate Chip Cookies,https://www.tiktok.com/@janespatisserie/video/7551077417880767766,7551077417880767766,5,egg,1.0,,,1 medium egg
Chewy No-Chill Chocolate Chip Cookies,https://www.tiktok.com/@janespatisserie/video/7551077417880767766,7551077417880767766,6,egg yolk,1.0,,,1 egg yolk
Chewy No-Chill Chocolate Chip Cookies,https://www.tiktok.com/@janespatisserie/video/7551077417880767766,7551077417880767766,7,all-purpose flour,275.0,g,,275 g plain flour
Chewy No-Chill Chocolate Chip Cookies,https://www.tiktok.com/@janespatisserie/video/7551077417880767766,7551077417880767766,8,baking soda,0.5,tsp,,1/2 tsp bicarbonate of soda
Chewy No-Chill Chocolate Chip Cookies,https://www.tiktok.com/@janespatisserie/video/7551077417880767766,7551077417880767766,9,salt,0.5,tsp,,1/2 tsp sea salt
Chewy No-Chill Chocolate Chip Cookies,https://www.tiktok.com/@janespatisserie/video/7551077417880767766,7551077417880767766,10,chocolate chips,325.0,g,,325 g chocolate chips
Brown Butter Triple Choc Cookies with Condensed Milk,https://www.tiktok.com/@rubybhogal/video/7552964732488027414,7552964732488027414,1,unsalted butter,250.0,g,browned,"250 g Unsalted Butter, diced"
Brown Butter Triple Choc Cookies with Condensed Milk,https://www.tiktok.com/@rubybhogal/video/7552964732488027414,7552964732488027414,2,light brown sugar,115.0,g,,115 g Light Brown Sugar
Brown Butter Triple Choc Cookies with Condensed Milk,https://www.tiktok.com/@rubybhogal/video/7552964732488027414,7552964732488027414,3,granulated sugar,110.0,g,,110 g Caster Sugar
Brown Butter Triple Choc Cookies with Condensed Milk,https://www.tiktok.com/@rubybhogal/video/7552964732488027414,7552964732488027414,4,egg,1.0,,,1 Large Egg
Brown Butter Triple Choc Cookies with Condensed Milk,https://www.tiktok.com/@rubybhogal/video/7552964732488027414,7552964732488027414,5,sweetened condensed milk,115.0,g,,115 g Condensed Milk
Brown Butter Triple Choc Cookies with Condensed Milk,https://www.tiktok.com/@rubybhogal/video/7552964732488027414,7552964732488027414,6,vanilla bean paste,1.5,tsp,,1.5 tsp Vanilla Bean Paste
Brown Butter Triple Choc Cookies with Condensed Milk,https://www.tiktok.com/@rubybhogal/video/7552964732488027414,7552964732488027414,7,all-purpose flour,310.0,g,,"310 g Plain Flour, sifted"
Brown Butter Triple Choc Cookies with Condensed Milk,https://www.tiktok.com/@rubybhogal/video/7552964732488027414,7552964732488027414,8,cornstarch,50.0,g,,"50 g Cornflour, sifted"
Brown Butter Triple Choc Cookies with Condensed Milk,https://www.tiktok.com/@rubybhogal/video/7552964732488027414,7552964732488027414,9,baking powder,1.0,tsp,,1 tsp Baking Powder
Brown Butter Triple Choc Cookies with Condensed Milk,https://www.tiktok.com/@rubybhogal/video/7552964732488027414,7552964732488027414,10,baking soda,0.5,tsp,,½ tsp Bicarb
Brown Butter Triple Choc Cookies with Condensed Milk,https://www.tiktok.com/@rubybhogal/video/7552964732488027414,7552964732488027414,11,salt,0.5,tsp,,½ tsp Sea Salt
Brown Butter Triple Choc Cookies with Condensed Milk,https://www.tiktok.com/@rubybhogal/video/7552964732488027414,7552964732488027414,12,milk chocolate,100.0,g,chopped,100 g Milk Chocolate
Brown Butter Triple Choc Cookies with Condensed Milk,https://www.tiktok.com/@rubybhogal/video/7552964732488027414,7552964732488027414,13,dark chocolate,100.0,g,chopped,100 g Dark Chocolate
Brown Butter Triple Choc Cookies with Condensed Milk,https://www.tiktok.com/@rubybhogal/video/7552964732488027414,7552964732488027414,14,white chocolate,80.0,g,chopped,80 g White Chocolate
Brown Butter Pistachio-Stuffed Cookies,https://www.tiktok.com/@patisjanne/video/7554656265360788769,7554656265360788769,1,pistachio cream,200.0,g,frozen filling,200 gram pistache crème
Brown Butter Pistachio-Stuffed Cookies,https://www.tiktok.com/@patisjanne/video/7554656265360788769,7554656265360788769,2,butter,120.0,g,browned,120 gram roomboter
Brown Butter Pistachio-Stuffed Cookies,https://www.tiktok.com/@patisjanne/video/7554656265360788769,7554656265360788769,3,granulated sugar,80.0,g,,80 gram kristalsuiker
Brown Butter Pistachio-Stuffed Cookies,https://www.tiktok.com/@patisjanne/video/7554656265360788769,7554656265360788769,4,light brown sugar,70.0,g,,70 gram lichtbruine basterdsuiker
Brown Butter Pistachio-Stuffed Cookies,https://www.tiktok.com/@patisjanne/video/7554656265360788769,7554656265360788769,5,egg,1.0,,,1 ei
Brown Butter Pistachio-Stuffed Cookies,https://www.tiktok.com/@patisjanne/video/7554656265360788769,7554656265360788769,6,vanilla extract,1.0,tsp,,1 tl vanille extract
Brown Butter Pistachio-Stuffed Cookies,https://www.tiktok.com/@patisjanne/video/7554656265360788769,7554656265360788769,7,all-purpose flour,220.0,g,,220 gram bloem
Brown Butter Pistachio-Stuffed Cookies,https://www.tiktok.com/@patisjanne/video/7554656265360788769,7554656265360788769,8,baking powder,1.0,tsp,,1 tl bakpoeder
Brown Butter Pistachio-Stuffed Cookies,https://www.tiktok.com/@patisjanne/video/7554656265360788769,7554656265360788769,9,baking soda,0.5,tsp,,"0,5 tl baking soda"
Brown Butter Pistachio-Stuffed Cookies,https://www.tiktok.com/@patisjanne/video/7554656265360788769,7554656265360788769,10,salt,,pinch,coarse sea salt,Hele flinke snuf grof zeezout
Brown Butter Pistachio-Stuffed Cookies,https://www.tiktok.com/@patisjanne/video/7554656265360788769,7554656265360788769,11,pistachios,50.0,g,chopped,50 gram gehakte pistachenoten
Brown Butter Pistachio-Stuffed Cookies,https://www.tiktok.com/@patisjanne/video/7554656265360788769,7554656265360788769,12,chocolate,200.0,g,"half dark, half white",200 gram chocolade (half puur half wit)
Tiramisu Cookies,https://www.tiktok.com/@recipeseveryday1/video/7556655564588141835,7556655564588141835,1,unsalted butter,110.0,g,melted,"110 g unsalted butter, melted"
Tiramisu Cookies,https://www.tiktok.com/@recipeseveryday1/video/7556655564588141835,7556655564588141835,2,granulated sugar,95.0,g,,95 g granulated sugar
Tiramisu Cookies,https://www.tiktok.com/@recipeseveryday1/video/7556655564588141835,7556655564588141835,3,dark brown sugar,105.0,g,,105 g dark brown sugar
Tiramisu Cookies,https://www.tiktok.com/@recipeseveryday1/video/7556655564588141835,7556655564588141835,4,egg,1.0,,,1 large egg
Tiramisu Cookies,https://www.tiktok.com/@recipeseveryday1/video/7556655564588141835,7556655564588141835,5,vanilla extract,1.0,tsp,,1 tsp vanilla extract
Tiramisu Cookies,https://www.tiktok.com/@recipeseveryday1/video/7556655564588141835,7556655564588141835,6,espresso powder,1.0,tbsp,,1 tbsp instant espresso powder
Tiramisu Cookies,https://www.tiktok.com/@recipeseveryday1/video/7556655564588141835,7556655564588141835,7,all-purpose flour,225.0,g,,225 g all purpose flour
Tiramisu Cookies,https://www.tiktok.com/@recipeseveryday1/video/7556655564588141835,7556655564588141835,8,baking powder,0.5,tsp,,½ tsp baking powder
Tiramisu Cookies,https://www.tiktok.com/@recipeseveryday1/video/7556655564588141835,7556655564588141835,9,baking soda,0.5,tsp,,½ tsp baking soda
Tiramisu Cookies,https://www.tiktok.com/@recipeseveryday1/video/7556655564588141835,7556655564588141835,10,salt,0.5,tsp,,½ tsp salt
Tiramisu Cookies,https://www.tiktok.com/@recipeseveryday1/video/7556655564588141835,7556655564588141835,11,mascarpone,180.0,g,cream,180 g mascarpone
Tiramisu Cookies,https://www.tiktok.com/@recipeseveryday1/video/7556655564588141835,7556655564588141835,12,heavy cream,115.0,g,cream,115 g heavy cream
Tiramisu Cookies,https://www.tiktok.com/@recipeseveryday1/video/7556655564588141835,7556655564588141835,13,vanilla extract,1.0,tsp,cream,1 tsp vanilla extract
Tiramisu Cookies,https://www.tiktok.com/@recipeseveryday1/video/7556655564588141835,7556655564588141835,14,powdered sugar,90.0,g,cream,90 g icing sugar
Tiramisu Cookies,https://www.tiktok.com/@recipeseveryday1/video/7556655564588141835,7556655564588141835,15,cocoa powder,1.0,tbsp,dusting,1 tbsp unsweetened cocoa powder
Frosted Cinnamon Roll Cookies,https://www.tiktok.com/@annies.little.kitchen/video/7558245590157643039,7558245590157643039,1,salted butter,42.0,g,swirl,"3 tablespoons (42 g) salted butter, softened"
Frosted Cinnamon Roll Cookies,https://www.tiktok.com/@annies.little.kitchen/video/7558245590157643039,7558245590157643039,2,brown sugar,70.0,g,swirl,"70 g brown sugar, packed"
Frosted Cinnamon Roll Cookies,https://www.tiktok.com/@annies.little.kitchen/video/7558245590157643039,7558245590157643039,3,cinnamon,2.25,tsp,swirl,2 1/4 tsps cinnamon
Frosted Cinnamon Roll Cookies,https://www.tiktok.com/@annies.little.kitchen/video/7558245590157643039,7558245590157643039,4,unsalted butter,113.0,g,room temperature,1/2 cup (113 g) unsalted butter
Frosted Cinnamon Roll Cookies,https://www.tiktok.com/@annies.little.kitchen/video/7558245590157643039,7558245590157643039,5,granulated sugar,100.0,g,,1/2 cup (100 g) granulated sugar
Frosted Cinnamon Roll Cookies,https://www.tiktok.com/@annies.little.kitchen/video/7558245590157643039,7558245590157643039,6,egg,1.0,,room temperature,1 large egg
Frosted Cinnamon Roll Cookies,https://www.tiktok.com/@annies.little.kitchen/video/7558245590157643039,7558245590157643039,7,vanilla extract,1.0,tsp,,1 teaspoons vanilla extract
Frosted Cinnamon Roll Cookies,https://www.tiktok.com/@annies.little.kitchen/video/7558245590157643039,7558245590157643039,8,all-purpose flour,180.0,g,,1 1/2 cups (180 g) all-purpose flour
Frosted Cinnamon Roll Cookies,https://www.tiktok.com/@annies.little.kitchen/video/7558245590157643039,7558245590157643039,9,baking powder,0.5,tsp,,1/2 teaspoon baking powder
Frosted Cinnamon Roll Cookies,https://www.tiktok.com/@annies.little.kitchen/video/7558245590157643039,7558245590157643039,10,cornstarch,0.5,tsp,,1/2 tsp cornstarch
Frosted Cinnamon Roll Cookies,https://www.tiktok.com/@annies.little.kitchen/video/7558245590157643039,7558245590157643039,11,salt,0.25,tsp,,heaping 1/4 teaspoon salt
Frosted Cinnamon Roll Cookies,https://www.tiktok.com/@annies.little.kitchen/video/7558245590157643039,7558245590157643039,12,cream cheese,2.0,oz,frosting,"2 ounces cream cheese, softened"
Frosted Cinnamon Roll Cookies,https://www.tiktok.com/@annies.little.kitchen/video/7558245590157643039,7558245590157643039,13,unsalted butter,4.0,tbsp,frosting,"4 Tablespoons unsalted butter, softened"
Frosted Cinnamon Roll Cookies,https://www.tiktok.com/@annies.little.kitchen/video/7558245590157643039,7558245590157643039,14,powdered sugar,1.5,cup,frosting,1 1/2 cups powdered sugar
Frosted Cinnamon Roll Cookies,https://www.tiktok.com/@annies.little.kitchen/video/7558245590157643039,7558245590157643039,15,vanilla extract,0.5,tsp,frosting,1/2 teaspoon vanilla extract
Frosted Cinnamon Roll Cookies,https://www.tiktok.com/@annies.little.kitchen/video/7558245590157643039,7558245590157643039,16,milk,1.0,tsp,frosting,1 teaspoon milk or cream
Frosted Cinnamon Roll Cookies,https://www.tiktok.com/@annies.little.kitchen/video/7558245590157643039,7558245590157643039,17,cinnamon,,,topping,"Ground cinnamon, for sprinkling"
Basic Soft Sugar Cookies,https://www.tiktok.com/@stayathomewithemily/video/7560071383611444535,7560071383611444535,1,butter,1.0,cup,softened,1 cup butter (softened)
Basic Soft Sugar Cookies,https://www.tiktok.com/@stayathomewithemily/video/7560071383611444535,7560071383611444535,2,all-purpose flour,2.5,cup,,2½ cups all-purpose flour
Basic Soft Sugar Cookies,https://www.tiktok.com/@stayathomewithemily/video/7560071383611444535,7560071383611444535,3,granulated sugar,1.25,cup,plus extra for rolling,1¼ cup granulated sugar
Basic Soft Sugar Cookies,https://www.tiktok.com/@stayathomewithemily/video/7560071383611444535,7560071383611444535,4,egg,1.0,,,1 egg
Basic Soft Sugar Cookies,https://www.tiktok.com/@stayathomewithemily/video/7560071383611444535,7560071383611444535,5,vanilla extract,2.0,tsp,,2 tsp vanilla
Basic Soft Sugar Cookies,https://www.tiktok.com/@stayathomewithemily/video/7560071383611444535,7560071383611444535,6,baking soda,0.5,tsp,,½ tsp baking soda
Basic Soft Sugar Cookies,https://www.tiktok.com/@stayathomewithemily/video/7560071383611444535,7560071383611444535,7,baking powder,0.5,tsp,,½ tsp baking powder
Basic Soft Sugar Cookies,https://www.tiktok.com/@stayathomewithemily/video/7560071383611444535,7560071383611444535,8,salt,0.25,tsp,,¼ tsp salt
Classic Frosted Christmas Sugar Cookies,https://www.tiktok.com/@haileymakesfood/video/7567755207350750495,7567755207350750495,1,unsalted butter,0.5,cup,room temperature,1/2 cup unsalted butter
Classic Frosted Christmas Sugar Cookies,https://www.tiktok.com/@haileymakesfood/video/7567755207350750495,7567755207350750495,2,egg,1.0,,,1 egg
Classic Frosted Christmas Sugar Cookies,https://www.tiktok.com/@haileymakesfood/video/7567755207350750495,7567755207350750495,3,vanilla extract,1.0,tsp,,1 tsp vanilla extract
Classic Frosted Christmas Sugar Cookies,https://www.tiktok.com/@haileymakesfood/video/7567755207350750495,7567755207350750495,4,almond extract,0.5,tsp,,1/2 tsp almond extract
Classic Frosted Christmas Sugar Cookies,https://www.tiktok.com/@haileymakesfood/video/7567755207350750495,7567755207350750495,5,all-purpose flour,1.5,cup,,1 1/2 cup flour
Classic Frosted Christmas Sugar Cookies,https://www.tiktok.com/@haileymakesfood/video/7567755207350750495,7567755207350750495,6,granulated sugar,0.75,cup,,3/4 cup sugar
Classic Frosted Christmas Sugar Cookies,https://www.tiktok.com/@haileymakesfood/video/7567755207350750495,7567755207350750495,7,salt,0.25,tsp,,1/4 tsp salt
Classic Frosted Christmas Sugar Cookies,https://www.tiktok.com/@haileymakesfood/video/7567755207350750495,7567755207350750495,8,baking soda,0.25,tsp,,1/4 tsp baking soda
Classic Frosted Christmas Sugar Cookies,https://www.tiktok.com/@haileymakesfood/video/7567755207350750495,7567755207350750495,9,baking powder,0.25,tsp,,1/4 tsp baking powder
Classic Frosted Christmas Sugar Cookies,https://www.tiktok.com/@haileymakesfood/video/7567755207350750495,7567755207350750495,10,sprinkles,,,,holiday sprinkles
Classic Frosted Christmas Sugar Cookies,https://www.tiktok.com/@haileymakesfood/video/7567755207350750495,7567755207350750495,11,milk,3.5,tbsp,frosting,3-4 tbsp milk
Classic Frosted Christmas Sugar Cookies,https://www.tiktok.com/@haileymakesfood/video/7567755207350750495,7567755207350750495,12,powdered sugar,4.0,cup,frosting,4 cups powder sugar
Classic Frosted Christmas Sugar Cookies,https://www.tiktok.com/@haileymakesfood/video/7567755207350750495,7567755207350750495,13,butter,4.0,tbsp,frosting,4 tbsp butter
Classic Frosted Christmas Sugar Cookies,https://www.tiktok.com/@haileymakesfood/video/7567755207350750495,7567755207350750495,14,vanilla extract,2.0,tsp,frosting,2 tsp vanilla extract
Classic Roll-Out Sugar Cookies (large batch),https://www.tiktok.com/@katemlowery/video/7568197317807934750,7568197317807934750,1,granulated sugar,2.0,cup,,2 cups white sugar
Classic Roll-Out Sugar Cookies (large batch),https://www.tiktok.com/@katemlowery/video/7568197317807934750,7568197317807934750,2,butter,1.5,cup,softened,1½ cups softened butter
Classic Roll-Out Sugar Cookies (large batch),https://www.tiktok.com/@katemlowery/video/7568197317807934750,7568197317807934750,3,egg,4.0,,,4 large eggs
Classic Roll-Out Sugar Cookies (large batch),https://www.tiktok.com/@katemlowery/video/7568197317807934750,7568197317807934750,4,vanilla extract,1.0,tsp,,1 teaspoon vanilla extract
Classic Roll-Out Sugar Cookies (large batch),https://www.tiktok.com/@katemlowery/video/7568197317807934750,7568197317807934750,5,all-purpose flour,5.0,cup,,5 cups flour
Classic Roll-Out Sugar Cookies (large batch),https://www.tiktok.com/@katemlowery/video/7568197317807934750,7568197317807934750,6,baking powder,2.0,tsp,,2 teaspoons baking powder
Classic Roll-Out Sugar Cookies (large batch),https://www.tiktok.com/@katemlowery/video/7568197317807934750,7568197317807934750,7,salt,1.0,tsp,,1 teaspoon salt
Brown Butter Chocolate Chip Cookies (12),https://www.tiktok.com/@heyjpak/video/7569640402001890562,7569640402001890562,1,butter,120.0,g,browned,120 g butter
Brown Butter Chocolate Chip Cookies (12),https://www.tiktok.com/@heyjpak/video/7569640402001890562,7569640402001890562,2,brown sugar,150.0,g,,150 g brown sugar
Brown Butter Chocolate Chip Cookies (12),https://www.tiktok.com/@heyjpak/video/7569640402001890562,7569640402001890562,3,granulated sugar,50.0,g,,50 g white sugar
Brown Butter Chocolate Chip Cookies (12),https://www.tiktok.com/@heyjpak/video/7569640402001890562,7569640402001890562,4,egg,1.0,,,1 egg
Brown Butter Chocolate Chip Cookies (12),https://www.tiktok.com/@heyjpak/video/7569640402001890562,7569640402001890562,5,vanilla extract,1.0,tsp,,1 tsp vanilla extract
Brown Butter Chocolate Chip Cookies (12),https://www.tiktok.com/@heyjpak/video/7569640402001890562,7569640402001890562,6,all-purpose flour,160.0,g,,160 g flour
Brown Butter Chocolate Chip Cookies (12),https://www.tiktok.com/@heyjpak/video/7569640402001890562,7569640402001890562,7,baking soda,0.5,tsp,,1/2 tsp baking soda
Brown Butter Chocolate Chip Cookies (12),https://www.tiktok.com/@heyjpak/video/7569640402001890562,7569640402001890562,8,salt,0.5,tsp,,1/2 tsp salt
Brown Butter Chocolate Chip Cookies (12),https://www.tiktok.com/@heyjpak/video/7569640402001890562,7569640402001890562,9,chocolate chips,100.0,g,,100 g chocolate chips
Brown Butter Chocolate Chip Cookies (12),https://www.tiktok.com/@heyjpak/video/7569640402001890562,7569640402001890562,10,chocolate,100.0,g,chopped,100 g chopped chocolate
Biscoff-Stuffed Cookies,https://www.tiktok.com/@heyjpak/video/7571497766015274242,7571497766015274242,1,speculoos spread,10.0,tsp,frozen filling,10 tsp Biscoff spread (for filling)
Biscoff-Stuffed Cookies,https://www.tiktok.com/@heyjpak/video/7571497766015274242,7571497766015274242,2,butter,120.0,g,melted,120 g melted butter
Biscoff-Stuffed Cookies,https://www.tiktok.com/@heyjpak/video/7571497766015274242,7571497766015274242,3,brown sugar,100.0,g,,100 g brown sugar
Biscoff-Stuffed Cookies,https://www.tiktok.com/@heyjpak/video/7571497766015274242,7571497766015274242,4,granulated sugar,50.0,g,,50 g white sugar
Biscoff-Stuffed Cookies,https://www.tiktok.com/@heyjpak/video/7571497766015274242,7571497766015274242,5,egg,1.0,,,1 egg
Biscoff-Stuffed Cookies,https://www.tiktok.com/@heyjpak/video/7571497766015274242,7571497766015274242,6,vanilla extract,1.0,tsp,,1 tsp vanilla extract
Biscoff-Stuffed Cookies,https://www.tiktok.com/@heyjpak/video/7571497766015274242,7571497766015274242,7,speculoos spread,80.0,g,,80 g Biscoff spread
Biscoff-Stuffed Cookies,https://www.tiktok.com/@heyjpak/video/7571497766015274242,7571497766015274242,8,all-purpose flour,200.0,g,,200 g flour
Biscoff-Stuffed Cookies,https://www.tiktok.com/@heyjpak/video/7571497766015274242,7571497766015274242,9,baking soda,0.5,tsp,,1/2 tsp baking soda
Biscoff-Stuffed Cookies,https://www.tiktok.com/@heyjpak/video/7571497766015274242,7571497766015274242,10,baking powder,0.5,tsp,,1/2 tsp baking powder
Biscoff-Stuffed Cookies,https://www.tiktok.com/@heyjpak/video/7571497766015274242,7571497766015274242,11,salt,,pinch,,pinch of salt
Biscoff-Stuffed Cookies,https://www.tiktok.com/@heyjpak/video/7571497766015274242,7571497766015274242,12,white chocolate chips,100.0,g,,100 g white chocolate chips
Biscoff-Stuffed Cookies,https://www.tiktok.com/@heyjpak/video/7571497766015274242,7571497766015274242,13,lotus biscoff biscuits,100.0,g,crushed,100 g crushed Biscoff cookies
Brown Butter Pecan Chocolate Cinnamon Cookies,https://www.tiktok.com/@meisjeuitdestad/video/7571864343944465686,7571864343944465686,1,butter,150.0,g,browned,150 gr roomboter
Brown Butter Pecan Chocolate Cinnamon Cookies,https://www.tiktok.com/@meisjeuitdestad/video/7571864343944465686,7571864343944465686,2,light brown sugar,110.0,g,,110 gr bruine basterdsuiker
Brown Butter Pecan Chocolate Cinnamon Cookies,https://www.tiktok.com/@meisjeuitdestad/video/7571864343944465686,7571864343944465686,3,granulated sugar,135.0,g,,135 gr kristalsuiker
Brown Butter Pecan Chocolate Cinnamon Cookies,https://www.tiktok.com/@meisjeuitdestad/video/7571864343944465686,7571864343944465686,4,pecans,100.0,g,toasted,100 gr pecannoten
Brown Butter Pecan Chocolate Cinnamon Cookies,https://www.tiktok.com/@meisjeuitdestad/video/7571864343944465686,7571864343944465686,5,egg,1.0,,,1 ei
Brown Butter Pecan Chocolate Cinnamon Cookies,https://www.tiktok.com/@meisjeuitdestad/video/7571864343944465686,7571864343944465686,6,all-purpose flour,200.0,g,sifted,"200 gr bloem, gezeefd"
Brown Butter Pecan Chocolate Cinnamon Cookies,https://www.tiktok.com/@meisjeuitdestad/video/7571864343944465686,7571864343944465686,7,baking powder,1.0,tsp,,1 tl bakpoeder
Brown Butter Pecan Chocolate Cinnamon Cookies,https://www.tiktok.com/@meisjeuitdestad/video/7571864343944465686,7571864343944465686,8,cinnamon,1.0,tsp,,1 tl kaneel
Brown Butter Pecan Chocolate Cinnamon Cookies,https://www.tiktok.com/@meisjeuitdestad/video/7571864343944465686,7571864343944465686,9,vanilla extract,1.0,tsp,,1 tl vanille
Brown Butter Pecan Chocolate Cinnamon Cookies,https://www.tiktok.com/@meisjeuitdestad/video/7571864343944465686,7571864343944465686,10,salt,,pinch,,Snuf zout
Brown Butter Pecan Chocolate Cinnamon Cookies,https://www.tiktok.com/@meisjeuitdestad/video/7571864343944465686,7571864343944465686,11,milk chocolate,120.0,g,,120 gr melk chocolade
Brown Butter Chocolate Chip Cookies (v2),https://www.tiktok.com/@iramsfoodstory/video/7572973965078023479,7572973965078023479,1,unsalted butter,115.0,g,browned,1/2 cup (115g) unsalted butter
Brown Butter Chocolate Chip Cookies (v2),https://www.tiktok.com/@iramsfoodstory/video/7572973965078023479,7572973965078023479,2,granulated sugar,69.0,g,,1/3 cup (69g) granulated sugar
Brown Butter Chocolate Chip Cookies (v2),https://www.tiktok.com/@iramsfoodstory/video/7572973965078023479,7572973965078023479,3,light brown sugar,79.0,g,,1/2 cup (79g) light brown sugar
Brown Butter Chocolate Chip Cookies (v2),https://www.tiktok.com/@iramsfoodstory/video/7572973965078023479,7572973965078023479,4,vanilla bean paste,1.0,tbsp,,1 tbsp (15g) vanilla bean paste
Brown Butter Chocolate Chip Cookies (v2),https://www.tiktok.com/@iramsfoodstory/video/7572973965078023479,7572973965078023479,5,egg,1.0,,room temperature,1 large egg room temperature
Brown Butter Chocolate Chip Cookies (v2),https://www.tiktok.com/@iramsfoodstory/video/7572973965078023479,7572973965078023479,6,all-purpose flour,160.0,g,,1 1/4 cup (160g) all purpose flour
Brown Butter Chocolate Chip Cookies (v2),https://www.tiktok.com/@iramsfoodstory/video/7572973965078023479,7572973965078023479,7,baking soda,0.5,tsp,,1/2 tsp baking soda
Brown Butter Chocolate Chip Cookies (v2),https://www.tiktok.com/@iramsfoodstory/video/7572973965078023479,7572973965078023479,8,salt,,pinch,,Pinch of salt
Brown Butter Chocolate Chip Cookies (v2),https://www.tiktok.com/@iramsfoodstory/video/7572973965078023479,7572973965078023479,9,semi-sweet chocolate chips,225.0,g,,1 1/2 cup (225g) semi sweet chocolate chips
Studio Ghibli Sugar Cookies,https://www.tiktok.com/@edenlinney/video/7573704092804058390,7573704092804058390,1,granulated sugar,200.0,g,,200g granulated sugar
Studio Ghibli Sugar Cookies,https://www.tiktok.com/@edenlinney/video/7573704092804058390,7573704092804058390,2,unsalted butter,200.0,g,room temperature,200g unsalted room temp butter
Studio Ghibli Sugar Cookies,https://www.tiktok.com/@edenlinney/video/7573704092804058390,7573704092804058390,3,egg,1.0,,,1 egg
Studio Ghibli Sugar Cookies,https://www.tiktok.com/@edenlinney/video/7573704092804058390,7573704092804058390,4,vanilla extract,1.0,tsp,,1 tsp vanilla extract
Studio Ghibli Sugar Cookies,https://www.tiktok.com/@edenlinney/video/7573704092804058390,7573704092804058390,5,all-purpose flour,400.0,g,,400g plain flour
Studio Ghibli Sugar Cookies,https://www.tiktok.com/@edenlinney/video/7573704092804058390,7573704092804058390,6,food coloring,,,,food colouring
Studio Ghibli Sugar Cookies,https://www.tiktok.com/@edenlinney/video/7573704092804058390,7573704092804058390,7,cocoa powder,,,for brown colour,cocoa powder
Studio Ghibli Sugar Cookies,https://www.tiktok.com/@edenlinney/video/7573704092804058390,7573704092804058390,8,powdered sugar,2.0,cup,icing,2 cups icing sugar
Studio Ghibli Sugar Cookies,https://www.tiktok.com/@edenlinney/video/7573704092804058390,7573704092804058390,9,water,3.0,tbsp,icing,3 tbsp water
Studio Ghibli Sugar Cookies,https://www.tiktok.com/@edenlinney/video/7573704092804058390,7573704092804058390,10,honey,1.5,tsp,icing,1 1/2 tsp honey
Biscoff-Stuffed Biscoff Cookies,https://www.tiktok.com/@bakedbyyu/video/7574051086667894023,7574051086667894023,1,unsalted butter,115.0,g,melted,"115g unsalted butter, melted & cooled"
Biscoff-Stuffed Biscoff Cookies,https://www.tiktok.com/@bakedbyyu/video/7574051086667894023,7574051086667894023,2,speculoos spread,60.0,g,,60g Biscoff spread
Biscoff-Stuffed Biscoff Cookies,https://www.tiktok.com/@bakedbyyu/video/7574051086667894023,7574051086667894023,3,brown sugar,130.0,g,,130g brown sugar
Biscoff-Stuffed Biscoff Cookies,https://www.tiktok.com/@bakedbyyu/video/7574051086667894023,7574051086667894023,4,granulated sugar,30.0,g,,30g granulated sugar
Biscoff-Stuffed Biscoff Cookies,https://www.tiktok.com/@bakedbyyu/video/7574051086667894023,7574051086667894023,5,egg,1.0,,,1 large egg
Biscoff-Stuffed Biscoff Cookies,https://www.tiktok.com/@bakedbyyu/video/7574051086667894023,7574051086667894023,6,vanilla extract,1.0,tsp,,1 tsp vanilla essence
Biscoff-Stuffed Biscoff Cookies,https://www.tiktok.com/@bakedbyyu/video/7574051086667894023,7574051086667894023,7,all-purpose flour,190.0,g,,190g all purpose flour
Biscoff-Stuffed Biscoff Cookies,https://www.tiktok.com/@bakedbyyu/video/7574051086667894023,7574051086667894023,8,baking soda,0.5,tsp,,1/2 tsp baking soda
Biscoff-Stuffed Biscoff Cookies,https://www.tiktok.com/@bakedbyyu/video/7574051086667894023,7574051086667894023,9,baking powder,0.25,tsp,,1/4 tsp baking powder
Biscoff-Stuffed Biscoff Cookies,https://www.tiktok.com/@bakedbyyu/video/7574051086667894023,7574051086667894023,10,salt,0.25,tsp,,1/4 tsp salt
Biscoff-Stuffed Biscoff Cookies,https://www.tiktok.com/@bakedbyyu/video/7574051086667894023,7574051086667894023,11,lotus biscoff biscuits,5.5,piece,crushed,5-6 pcs crushed Biscoff cookies
Biscoff-Stuffed Biscoff Cookies,https://www.tiktok.com/@bakedbyyu/video/7574051086667894023,7574051086667894023,12,white chocolate chips,60.0,g,,60g white chocolate chips
Biscoff-Stuffed Biscoff Cookies,https://www.tiktok.com/@bakedbyyu/video/7574051086667894023,7574051086667894023,13,speculoos spread,10.0,tsp,frozen filling,10 tsp frozen Biscoff spread
Sourdough Discard Brown Butter Chocolate Chip Cookies,https://www.tiktok.com/@taylormullowney/video/7576432000542821663,7576432000542821663,1,butter,110.0,g,browned,"110g butter, browned"
Sourdough Discard Brown Butter Chocolate Chip Cookies,https://www.tiktok.com/@taylormullowney/video/7576432000542821663,7576432000542821663,2,all-purpose flour,188.0,g,,188g all-purpose flour
Sourdough Discard Brown Butter Chocolate Chip Cookies,https://www.tiktok.com/@taylormullowney/video/7576432000542821663,7576432000542821663,3,baking powder,0.5,tsp,,½ tsp baking powder
Sourdough Discard Brown Butter Chocolate Chip Cookies,https://www.tiktok.com/@taylormullowney/video/7576432000542821663,7576432000542821663,4,baking soda,0.5,tsp,,½ tsp baking soda
Sourdough Discard Brown Butter Chocolate Chip Cookies,https://www.tiktok.com/@taylormullowney/video/7576432000542821663,7576432000542821663,5,salt,0.75,tsp,,¾ tsp salt
Sourdough Discard Brown Butter Chocolate Chip Cookies,https://www.tiktok.com/@taylormullowney/video/7576432000542821663,7576432000542821663,6,granulated sugar,110.0,g,,110g sugar
Sourdough Discard Brown Butter Chocolate Chip Cookies,https://www.tiktok.com/@taylormullowney/video/7576432000542821663,7576432000542821663,7,light brown sugar,110.0,g,,110g light brown sugar
Sourdough Discard Brown Butter Chocolate Chip Cookies,https://www.tiktok.com/@taylormullowney/video/7576432000542821663,7576432000542821663,8,egg yolk,1.0,,room temperature,1 large egg yolk
Sourdough Discard Brown Butter Chocolate Chip Cookies,https://www.tiktok.com/@taylormullowney/video/7576432000542821663,7576432000542821663,9,sourdough discard,115.0,g,,115g sourdough starter discard
Sourdough Discard Brown Butter Chocolate Chip Cookies,https://www.tiktok.com/@taylormullowney/video/7576432000542821663,7576432000542821663,10,vanilla bean paste,2.0,tsp,,2 tsp vanilla paste
Sourdough Discard Brown Butter Chocolate Chip Cookies,https://www.tiktok.com/@taylormullowney/video/7576432000542821663,7576432000542821663,11,chocolate chips,,,,"Mix of semi-sweet, dark, and/or milk chocolate chips"
Kinder Bueno Cookies,https://www.tiktok.com/@keukenprinses/video/7577123675527318817,7577123675527318817,1,unsalted butter,125.0,g,very soft,125 g super zachte ongezouten roomboter
Kinder Bueno Cookies,https://www.tiktok.com/@keukenprinses/video/7577123675527318817,7577123675527318817,2,light brown sugar,100.0,g,,100 g lichte basterdsuiker
Kinder Bueno Cookies,https://www.tiktok.com/@keukenprinses/video/7577123675527318817,7577123675527318817,3,granulated sugar,75.0,g,,75 g kristalsuiker
Kinder Bueno Cookies,https://www.tiktok.com/@keukenprinses/video/7577123675527318817,7577123675527318817,4,egg,1.0,,,1 ei
Kinder Bueno Cookies,https://www.tiktok.com/@keukenprinses/video/7577123675527318817,7577123675527318817,5,vanilla extract,1.0,tsp,,1 tl vanille-extract
Kinder Bueno Cookies,https://www.tiktok.com/@keukenprinses/video/7577123675527318817,7577123675527318817,6,all-purpose flour,300.0,g,sifted,300 g (gezeefde) bloem
Kinder Bueno Cookies,https://www.tiktok.com/@keukenprinses/video/7577123675527318817,7577123675527318817,7,baking powder,1.5,tsp,,1½ tl bakpoeder
Kinder Bueno Cookies,https://www.tiktok.com/@keukenprinses/video/7577123675527318817,7577123675527318817,8,baking soda,0.5,tsp,,½ tl baking soda
Kinder Bueno Cookies,https://www.tiktok.com/@keukenprinses/video/7577123675527318817,7577123675527318817,9,salt,0.5,tsp,,½ tl zout
Kinder Bueno Cookies,https://www.tiktok.com/@keukenprinses/video/7577123675527318817,7577123675527318817,10,kinder chocolate,200.0,g,"chopped, plus topping",200 gr Kinder chocolade
"Almond Sugar Cookie Dough (Arabic, for decorating)",https://www.tiktok.com/@zaharaahmed75/video/7577328931901033735,7577328931901033735,1,all-purpose flour,200.0,g,,٢٠٠ غم طحين
"Almond Sugar Cookie Dough (Arabic, for decorating)",https://www.tiktok.com/@zaharaahmed75/video/7577328931901033735,7577328931901033735,2,powdered sugar,80.0,g,,٨٠ غم سكر مطحون
"Almond Sugar Cookie Dough (Arabic, for decorating)",https://www.tiktok.com/@zaharaahmed75/video/7577328931901033735,7577328931901033735,3,almond flour,30.0,g,,٣٠ غم طحين اللوز
"Almond Sugar Cookie Dough (Arabic, for decorating)",https://www.tiktok.com/@zaharaahmed75/video/7577328931901033735,7577328931901033735,4,salt,2.0,g,,٢ غم ملح
"Almond Sugar Cookie Dough (Arabic, for decorating)",https://www.tiktok.com/@zaharaahmed75/video/7577328931901033735,7577328931901033735,5,butter,110.0,g,cold,١١٠ غم زبدة باردة
"Almond Sugar Cookie Dough (Arabic, for decorating)",https://www.tiktok.com/@zaharaahmed75/video/7577328931901033735,7577328931901033735,6,egg,40.0,g,beaten,٤٠ غم بيض
Holiday Sprinkle Sugar Cookies,https://www.tiktok.com/@iramsfoodstory/video/7579779478155595063,7579779478155595063,1,all-purpose flour,240.0,g,,2 cup (240g) all purpose flour
Holiday Sprinkle Sugar Cookies,https://www.tiktok.com/@iramsfoodstory/video/7579779478155595063,7579779478155595063,2,cornstarch,1.0,tbsp,,1 tbsp corn starch
Holiday Sprinkle Sugar Cookies,https://www.tiktok.com/@iramsfoodstory/video/7579779478155595063,7579779478155595063,3,salt,0.333,tsp,,1/3 tsp salt
Holiday Sprinkle Sugar Cookies,https://www.tiktok.com/@iramsfoodstory/video/7579779478155595063,7579779478155595063,4,baking soda,0.5,tsp,,1/2 tsp baking soda
Holiday Sprinkle Sugar Cookies,https://www.tiktok.com/@iramsfoodstory/video/7579779478155595063,7579779478155595063,5,vanilla bean paste,2.0,tsp,,2 tsp vanilla bean paste
Holiday Sprinkle Sugar Cookies,https://www.tiktok.com/@iramsfoodstory/video/7579779478155595063,7579779478155595063,6,light brown sugar,50.0,g,,1/4 cup (50g) light brown sugar
Holiday Sprinkle Sugar Cookies,https://www.tiktok.com/@iramsfoodstory/video/7579779478155595063,7579779478155595063,7,granulated sugar,150.0,g,,3/4 cup (150g) granulated sugar
Holiday Sprinkle Sugar Cookies,https://www.tiktok.com/@iramsfoodstory/video/7579779478155595063,7579779478155595063,8,egg,1.0,,room temperature,1 egg
Holiday Sprinkle Sugar Cookies,https://www.tiktok.com/@iramsfoodstory/video/7579779478155595063,7579779478155595063,9,egg yolk,1.0,,,1 egg yolk
Holiday Sprinkle Sugar Cookies,https://www.tiktok.com/@iramsfoodstory/video/7579779478155595063,7579779478155595063,10,sprinkles,0.25,cup,,1/4 cup sprinkles
Holiday Sprinkle Sugar Cookies,https://www.tiktok.com/@iramsfoodstory/video/7579779478155595063,7579779478155595063,11,unsalted butter,170.0,g,melted,"3/4 cup (170g) unsalted butter, melted"
Holiday Sprinkle Sugar Cookies,https://www.tiktok.com/@iramsfoodstory/video/7579779478155595063,7579779478155595063,12,granulated sugar,4.0,tbsp,rolling,"4 tbsp granulated sugar, for rolling"
Dark Chocolate Orange Chocolate Chip Cookies,https://www.tiktok.com/@tonchev.dimitar/video/7581151350700903702,7581151350700903702,1,butter,250.0,g,softened,250г масло
Dark Chocolate Orange Chocolate Chip Cookies,https://www.tiktok.com/@tonchev.dimitar/video/7581151350700903702,7581151350700903702,2,granulated sugar,150.0,g,,150г бяла захар
Dark Chocolate Orange Chocolate Chip Cookies,https://www.tiktok.com/@tonchev.dimitar/video/7581151350700903702,7581151350700903702,3,brown sugar,200.0,g,,200г кафява захар
Dark Chocolate Orange Chocolate Chip Cookies,https://www.tiktok.com/@tonchev.dimitar/video/7581151350700903702,7581151350700903702,4,egg,2.0,,,2 яйца
Dark Chocolate Orange Chocolate Chip Cookies,https://www.tiktok.com/@tonchev.dimitar/video/7581151350700903702,7581151350700903702,5,vanilla extract,,,,ванилия
Dark Chocolate Orange Chocolate Chip Cookies,https://www.tiktok.com/@tonchev.dimitar/video/7581151350700903702,7581151350700903702,6,orange zest,1.0,piece,,1 портокал (кора)
Dark Chocolate Orange Chocolate Chip Cookies,https://www.tiktok.com/@tonchev.dimitar/video/7581151350700903702,7581151350700903702,7,all-purpose flour,400.0,g,,400г брашно
Dark Chocolate Orange Chocolate Chip Cookies,https://www.tiktok.com/@tonchev.dimitar/video/7581151350700903702,7581151350700903702,8,baking soda,1.0,tsp,,1 ч.л. сода бикарбонат
Dark Chocolate Orange Chocolate Chip Cookies,https://www.tiktok.com/@tonchev.dimitar/video/7581151350700903702,7581151350700903702,9,baking powder,0.5,tsp,,1/2 ч.л. бакпулвер
Dark Chocolate Orange Chocolate Chip Cookies,https://www.tiktok.com/@tonchev.dimitar/video/7581151350700903702,7581151350700903702,10,salt,1.0,tsp,,1 ч.л. сол
Dark Chocolate Orange Chocolate Chip Cookies,https://www.tiktok.com/@tonchev.dimitar/video/7581151350700903702,7581151350700903702,11,dark chocolate,300.0,g,70%,300г тъмен шоколад (70%)
Dark Chocolate Orange Chocolate Chip Cookies,https://www.tiktok.com/@tonchev.dimitar/video/7581151350700903702,7581151350700903702,12,candied orange peel,150.0,g,,150г захаросани портокалови корички
Chunky Kinder Cookies,https://www.tiktok.com/@_poppycarr/video/7582338804007161110,7582338804007161110,1,butter,115.0,g,,115g butter
Chunky Kinder Cookies,https://www.tiktok.com/@_poppycarr/video/7582338804007161110,7582338804007161110,2,light brown sugar,120.0,g,,120g light brown sugar
Chunky Kinder Cookies,https://www.tiktok.com/@_poppycarr/video/7582338804007161110,7582338804007161110,3,granulated sugar,50.0,g,,50g granulated sugar
Chunky Kinder Cookies,https://www.tiktok.com/@_poppycarr/video/7582338804007161110,7582338804007161110,4,egg,1.0,,,1 egg
Chunky Kinder Cookies,https://www.tiktok.com/@_poppycarr/video/7582338804007161110,7582338804007161110,5,vanilla extract,1.0,tsp,,1 tsp vanilla extract
Chunky Kinder Cookies,https://www.tiktok.com/@_poppycarr/video/7582338804007161110,7582338804007161110,6,all-purpose flour,270.0,g,,270g plain flour
Chunky Kinder Cookies,https://www.tiktok.com/@_poppycarr/video/7582338804007161110,7582338804007161110,7,baking powder,0.5,tsp,,1/2 tsp baking powder
Chunky Kinder Cookies,https://www.tiktok.com/@_poppycarr/video/7582338804007161110,7582338804007161110,8,baking soda,0.5,tsp,,1/2 tsp bicarbonate soda
Chunky Kinder Cookies,https://www.tiktok.com/@_poppycarr/video/7582338804007161110,7582338804007161110,9,salt,1.0,tsp,,1 tsp salt
Chunky Kinder Cookies,https://www.tiktok.com/@_poppycarr/video/7582338804007161110,7582338804007161110,10,white chocolate,50.0,g,,50g white chocolate chunks
Chunky Kinder Cookies,https://www.tiktok.com/@_poppycarr/video/7582338804007161110,7582338804007161110,11,kinder chocolate,50.0,g,,50g chopped kinder bars
Chunky Kinder Cookies,https://www.tiktok.com/@_poppycarr/video/7582338804007161110,7582338804007161110,12,hazelnut spread,,,decoration,Hazelnut Spread
Chunky Kinder Cookies,https://www.tiktok.com/@_poppycarr/video/7582338804007161110,7582338804007161110,13,kinder bueno,,,decoration,Kinder Buenos
Lower-Sugar Christmas Cut-Out Cookies,https://www.tiktok.com/@patiispage/video/7584873084847459606,7584873084847459606,1,butter,100.0,g,softened,100 g softened butter
Lower-Sugar Christmas Cut-Out Cookies,https://www.tiktok.com/@patiispage/video/7584873084847459606,7584873084847459606,2,granulated sugar,70.0,g,or half erythritol,70 g sugar
Lower-Sugar Christmas Cut-Out Cookies,https://www.tiktok.com/@patiispage/video/7584873084847459606,7584873084847459606,3,egg,1.0,,,1 egg (medium)
Lower-Sugar Christmas Cut-Out Cookies,https://www.tiktok.com/@patiispage/video/7584873084847459606,7584873084847459606,4,vanilla extract,1.0,tsp,,1 tsp vanilla extract
Lower-Sugar Christmas Cut-Out Cookies,https://www.tiktok.com/@patiispage/video/7584873084847459606,7584873084847459606,5,all-purpose flour,200.0,g,,200 g all-purpose flour
Lower-Sugar Christmas Cut-Out Cookies,https://www.tiktok.com/@patiispage/video/7584873084847459606,7584873084847459606,6,baking powder,0.5,tsp,,½ tsp baking powder
Lower-Sugar Christmas Cut-Out Cookies,https://www.tiktok.com/@patiispage/video/7584873084847459606,7584873084847459606,7,salt,,pinch,,Pinch of salt
Lower-Sugar Christmas Cut-Out Cookies,https://www.tiktok.com/@patiispage/video/7584873084847459606,7584873084847459606,8,sprinkles,,,optional,Christmas sprinkles
Classic Vanilla Cut-Out Sugar Cookies,https://www.tiktok.com/@karenthibakes/video/7585352945080814861,7585352945080814861,1,unsalted butter,227.0,g,softened,"1 cup (227 g) unsalted butter, softened"
Classic Vanilla Cut-Out Sugar Cookies,https://www.tiktok.com/@karenthibakes/video/7585352945080814861,7585352945080814861,2,granulated sugar,200.0,g,,1 cup (200 g) sugar
Classic Vanilla Cut-Out Sugar Cookies,https://www.tiktok.com/@karenthibakes/video/7585352945080814861,7585352945080814861,3,egg,1.0,,,1 large egg
Classic Vanilla Cut-Out Sugar Cookies,https://www.tiktok.com/@karenthibakes/video/7585352945080814861,7585352945080814861,4,vanilla extract,2.0,tsp,,2 tsp (10 ml) vanilla extract
Classic Vanilla Cut-Out Sugar Cookies,https://www.tiktok.com/@karenthibakes/video/7585352945080814861,7585352945080814861,5,baking powder,0.25,tsp,,¼ tsp baking powder
Classic Vanilla Cut-Out Sugar Cookies,https://www.tiktok.com/@karenthibakes/video/7585352945080814861,7585352945080814861,6,cornstarch,8.0,g,,1 tbsp (8 g) cornstarch
Classic Vanilla Cut-Out Sugar Cookies,https://www.tiktok.com/@karenthibakes/video/7585352945080814861,7585352945080814861,7,salt,0.5,tsp,,½ tsp salt
Classic Vanilla Cut-Out Sugar Cookies,https://www.tiktok.com/@karenthibakes/video/7585352945080814861,7585352945080814861,8,all-purpose flour,350.0,g,,2¾ cups + 1 tbsp (350 g) all-purpose flour
Soft-Bake Sugar Cookies with Heavy Cream,https://www.tiktok.com/@cookingwithdimples/video/7586055481802771742,7586055481802771742,1,butter,1.0,cup,room temperature,1 cup room temp butter
Soft-Bake Sugar Cookies with Heavy Cream,https://www.tiktok.com/@cookingwithdimples/video/7586055481802771742,7586055481802771742,2,granulated sugar,1.0,cup,plus extra for rolling,1 cup granulated sugar
Soft-Bake Sugar Cookies with Heavy Cream,https://www.tiktok.com/@cookingwithdimples/video/7586055481802771742,7586055481802771742,3,brown sugar,4.0,tbsp,,4 tbsp brown sugar
Soft-Bake Sugar Cookies with Heavy Cream,https://www.tiktok.com/@cookingwithdimples/video/7586055481802771742,7586055481802771742,4,egg,1.0,,,1 egg
Soft-Bake Sugar Cookies with Heavy Cream,https://www.tiktok.com/@cookingwithdimples/video/7586055481802771742,7586055481802771742,5,vanilla extract,1.0,tbsp,,1 tbsp vanilla
Soft-Bake Sugar Cookies with Heavy Cream,https://www.tiktok.com/@cookingwithdimples/video/7586055481802771742,7586055481802771742,6,heavy cream,2.0,tbsp,,2 tbsp heavy cream
Soft-Bake Sugar Cookies with Heavy Cream,https://www.tiktok.com/@cookingwithdimples/video/7586055481802771742,7586055481802771742,7,all-purpose flour,2.75,cup,,2 ¾ cups flour
Soft-Bake Sugar Cookies with Heavy Cream,https://www.tiktok.com/@cookingwithdimples/video/7586055481802771742,7586055481802771742,8,baking soda,1.0,tsp,,1 tsp baking soda
Soft-Bake Sugar Cookies with Heavy Cream,https://www.tiktok.com/@cookingwithdimples/video/7586055481802771742,7586055481802771742,9,baking powder,0.5,tsp,,½ tsp baking powder
Christmas Sprinkle Sugar Cookies,https://www.tiktok.com/@bake..my..day/video/7586696745392835862,7586696745392835862,1,unsalted butter,113.0,g,room temperature,113 g unsalted butter
Christmas Sprinkle Sugar Cookies,https://www.tiktok.com/@bake..my..day/video/7586696745392835862,7586696745392835862,2,granulated sugar,150.0,g,,150 g granulated sugar
Christmas Sprinkle Sugar Cookies,https://www.tiktok.com/@bake..my..day/video/7586696745392835862,7586696745392835862,3,egg,0.5,,room temperature,½ large egg
Christmas Sprinkle Sugar Cookies,https://www.tiktok.com/@bake..my..day/video/7586696745392835862,7586696745392835862,4,egg yolk,0.5,,,½ large egg yolk
Christmas Sprinkle Sugar Cookies,https://www.tiktok.com/@bake..my..day/video/7586696745392835862,7586696745392835862,5,milk,0.5,tbsp,,½ Tbsp semi-skimmed milk
Christmas Sprinkle Sugar Cookies,https://www.tiktok.com/@bake..my..day/video/7586696745392835862,7586696745392835862,6,vanilla extract,1.0,tsp,,1 tsp vanilla extract
Christmas Sprinkle Sugar Cookies,https://www.tiktok.com/@bake..my..day/video/7586696745392835862,7586696745392835862,7,almond extract,0.125,tsp,optional,⅛ tsp almond extract
Christmas Sprinkle Sugar Cookies,https://www.tiktok.com/@bake..my..day/video/7586696745392835862,7586696745392835862,8,all-purpose flour,172.5,g,,172½ g all-purpose flour
Christmas Sprinkle Sugar Cookies,https://www.tiktok.com/@bake..my..day/video/7586696745392835862,7586696745392835862,9,baking powder,0.75,tsp,,¾ tsp baking powder
Christmas Sprinkle Sugar Cookies,https://www.tiktok.com/@bake..my..day/video/7586696745392835862,7586696745392835862,10,salt,0.375,tsp,,⅜ tsp salt
Christmas Sprinkle Sugar Cookies,https://www.tiktok.com/@bake..my..day/video/7586696745392835862,7586696745392835862,11,baking soda,0.25,tsp,,¼ tsp baking soda
Christmas Sprinkle Sugar Cookies,https://www.tiktok.com/@bake..my..day/video/7586696745392835862,7586696745392835862,12,sprinkles,40.0,g,plus topping,40 g red and green jimmies sprinkles
Christmas Sprinkle Sugar Cookies,https://www.tiktok.com/@bake..my..day/video/7586696745392835862,7586696745392835862,13,granulated sugar,25.0,g,rolling,25 g granulated sugar (for rolling)
Walnut Chocolate Chip Cookies,https://www.tiktok.com/@emijuju/video/7590073672929463607,7590073672929463607,1,unsalted butter,226.0,g,softened,1 cup (226g) unsalted butter
Walnut Chocolate Chip Cookies,https://www.tiktok.com/@emijuju/video/7590073672929463607,7590073672929463607,2,all-purpose flour,305.0,g,,2 1/2 cups (305g) ap flour
Walnut Chocolate Chip Cookies,https://www.tiktok.com/@emijuju/video/7590073672929463607,7590073672929463607,3,baking soda,1.0,tsp,,1 tsp (6g) baking soda
Walnut Chocolate Chip Cookies,https://www.tiktok.com/@emijuju/video/7590073672929463607,7590073672929463607,4,salt,0.5,tsp,,1/2 tsp (3g) salt
Walnut Chocolate Chip Cookies,https://www.tiktok.com/@emijuju/video/7590073672929463607,7590073672929463607,5,brown sugar,150.0,g,,3/4 cup (150g) brown sugar
Walnut Chocolate Chip Cookies,https://www.tiktok.com/@emijuju/video/7590073672929463607,7590073672929463607,6,granulated sugar,50.0,g,,4 tbsp (50g) white sugar
Walnut Chocolate Chip Cookies,https://www.tiktok.com/@emijuju/video/7590073672929463607,7590073672929463607,7,egg,2.0,,,2 eggs
Walnut Chocolate Chip Cookies,https://www.tiktok.com/@emijuju/video/7590073672929463607,7590073672929463607,8,vanilla extract,2.0,tsp,,2 tsp (8g) vanilla extract
Walnut Chocolate Chip Cookies,https://www.tiktok.com/@emijuju/video/7590073672929463607,7590073672929463607,9,chocolate chips,260.0,g,,1 1/2 cups (260g) chocolate
Walnut Chocolate Chip Cookies,https://www.tiktok.com/@emijuju/video/7590073672929463607,7590073672929463607,10,walnuts,100.0,g,chopped,1 cup (100g) chopped walnuts
Healthy Honey Peanut Butter Oatmeal Cookies,https://www.tiktok.com/@blurrybrooklyn/video/7594529732742352142,7594529732742352142,1,rolled oats,2.0,cup,,two cups of oats
Healthy Honey Peanut Butter Oatmeal Cookies,https://www.tiktok.com/@blurrybrooklyn/video/7594529732742352142,7594529732742352142,2,baking powder,1.5,tsp,,one and one-half teaspoon of baking powder
Healthy Honey Peanut Butter Oatmeal Cookies,https://www.tiktok.com/@blurrybrooklyn/video/7594529732742352142,7594529732742352142,3,baking soda,0.125,tsp,,one-eighth teaspoon of baking soda
Healthy Honey Peanut Butter Oatmeal Cookies,https://www.tiktok.com/@blurrybrooklyn/video/7594529732742352142,7594529732742352142,4,cinnamon,0.25,tsp,,one-fourth teaspoon of cinnamon
Healthy Honey Peanut Butter Oatmeal Cookies,https://www.tiktok.com/@blurrybrooklyn/video/7594529732742352142,7594529732742352142,5,salt,0.5,tsp,,one-half teaspoon of salt
Healthy Honey Peanut Butter Oatmeal Cookies,https://www.tiktok.com/@blurrybrooklyn/video/7594529732742352142,7594529732742352142,6,peanut butter,0.5,cup,,a half cup of creamy peanut butter
Healthy Honey Peanut Butter Oatmeal Cookies,https://www.tiktok.com/@blurrybrooklyn/video/7594529732742352142,7594529732742352142,7,egg,1.0,,room temperature,one large egg
Healthy Honey Peanut Butter Oatmeal Cookies,https://www.tiktok.com/@blurrybrooklyn/video/7594529732742352142,7594529732742352142,8,vanilla extract,1.0,tsp,,one teaspoon vanilla extract
Healthy Honey Peanut Butter Oatmeal Cookies,https://www.tiktok.com/@blurrybrooklyn/video/7594529732742352142,7594529732742352142,9,honey,0.5,cup,,one-half cup of honey
Healthy Honey Peanut Butter Oatmeal Cookies,https://www.tiktok.com/@blurrybrooklyn/video/7594529732742352142,7594529732742352142,10,chocolate chips,0.25,cup,,a fourth cup of chocolate chips
Healthy Honey Peanut Butter Oatmeal Cookies,https://www.tiktok.com/@blurrybrooklyn/video/7594529732742352142,7594529732742352142,11,peanut butter chips,0.25,cup,,a fourth cup of peanut butter chips
Banana Peanut Butter Oatmeal Cookies,https://www.tiktok.com/@drhazelwallace/video/7594841288336411927,7594841288336411927,1,banana,120.0,g,,1 large ripe banana (approx 120g)
Banana Peanut Butter Oatmeal Cookies,https://www.tiktok.com/@drhazelwallace/video/7594841288336411927,7594841288336411927,2,peanut butter,60.0,g,,60 g peanut butter
Banana Peanut Butter Oatmeal Cookies,https://www.tiktok.com/@drhazelwallace/video/7594841288336411927,7594841288336411927,3,maple syrup,15.0,g,,15 g maple syrup
Banana Peanut Butter Oatmeal Cookies,https://www.tiktok.com/@drhazelwallace/video/7594841288336411927,7594841288336411927,4,rolled oats,100.0,g,,100g rolled oats
Banana Peanut Butter Oatmeal Cookies,https://www.tiktok.com/@drhazelwallace/video/7594841288336411927,7594841288336411927,5,flaxseed meal,15.0,g,,15 g ground flaxseed
Banana Peanut Butter Oatmeal Cookies,https://www.tiktok.com/@drhazelwallace/video/7594841288336411927,7594841288336411927,6,dark chocolate chips,40.0,g,,40 g dark chocolate chips
Banana Peanut Butter Oatmeal Cookies,https://www.tiktok.com/@drhazelwallace/video/7594841288336411927,7594841288336411927,7,walnuts,30.0,g,"or pecans, chopped",30 g walnuts or pecans
Banana Peanut Butter Oatmeal Cookies,https://www.tiktok.com/@drhazelwallace/video/7594841288336411927,7594841288336411927,8,salt,0.25,tsp,,¼ tsp fine sea salt
Banana Peanut Butter Oatmeal Cookies,https://www.tiktok.com/@drhazelwallace/video/7594841288336411927,7594841288336411927,9,cinnamon,0.5,tsp,,½ tsp cinnamon
Soft Chewy Cinnamon Sugar Cookies,https://www.tiktok.com/@eman_inthekitchen/video/7594894168879549710,7594894168879549710,1,granulated sugar,1.25,cup,,1 and ¼ cups granulated sugar
Soft Chewy Cinnamon Sugar Cookies,https://www.tiktok.com/@eman_inthekitchen/video/7594894168879549710,7594894168879549710,2,egg,1.0,,room temperature,1 large egg
Soft Chewy Cinnamon Sugar Cookies,https://www.tiktok.com/@eman_inthekitchen/video/7594894168879549710,7594894168879549710,3,unsalted butter,2.0,stick,room temperature,2 sticks unsalted butter
Soft Chewy Cinnamon Sugar Cookies,https://www.tiktok.com/@eman_inthekitchen/video/7594894168879549710,7594894168879549710,4,baking powder,1.0,tsp,,1 teaspoon baking powder
Soft Chewy Cinnamon Sugar Cookies,https://www.tiktok.com/@eman_inthekitchen/video/7594894168879549710,7594894168879549710,5,baking soda,0.5,tsp,,½ teaspoon baking soda
Soft Chewy Cinnamon Sugar Cookies,https://www.tiktok.com/@eman_inthekitchen/video/7594894168879549710,7594894168879549710,6,salt,0.5,tsp,,½ teaspoon salt
Soft Chewy Cinnamon Sugar Cookies,https://www.tiktok.com/@eman_inthekitchen/video/7594894168879549710,7594894168879549710,7,vanilla extract,2.0,tsp,,2 teaspoons vanilla extract
Soft Chewy Cinnamon Sugar Cookies,https://www.tiktok.com/@eman_inthekitchen/video/7594894168879549710,7594894168879549710,8,all-purpose flour,2.5,cup,,2 and ½ cups all-purpose flour
Soft Chewy Cinnamon Sugar Cookies,https://www.tiktok.com/@eman_inthekitchen/video/7594894168879549710,7594894168879549710,9,granulated sugar,0.25,cup,rolling,¼ cup granulated sugar
Soft Chewy Cinnamon Sugar Cookies,https://www.tiktok.com/@eman_inthekitchen/video/7594894168879549710,7594894168879549710,10,cinnamon,0.5,tsp,rolling,½ teaspoon ground cinnamon
Red Velvet Chocolate Chunk Cookies,https://www.tiktok.com/@iramsfoodstory/video/7595400425600290103,7595400425600290103,1,all-purpose flour,285.0,g,,2 1/4 cups (285g) all purpose flour
Red Velvet Chocolate Chunk Cookies,https://www.tiktok.com/@iramsfoodstory/video/7595400425600290103,7595400425600290103,2,cornstarch,2.0,tbsp,,2 tbsp corn starch
Red Velvet Chocolate Chunk Cookies,https://www.tiktok.com/@iramsfoodstory/video/7595400425600290103,7595400425600290103,3,cocoa powder,2.0,tbsp,,2 tbsp natural cocoa powder
Red Velvet Chocolate Chunk Cookies,https://www.tiktok.com/@iramsfoodstory/video/7595400425600290103,7595400425600290103,4,baking soda,0.25,tsp,,1/4 tsp baking soda
Red Velvet Chocolate Chunk Cookies,https://www.tiktok.com/@iramsfoodstory/video/7595400425600290103,7595400425600290103,5,baking powder,0.5,tsp,,1/2 tsp baking powder
Red Velvet Chocolate Chunk Cookies,https://www.tiktok.com/@iramsfoodstory/video/7595400425600290103,7595400425600290103,6,salt,,pinch,,Pinch of salt
Red Velvet Chocolate Chunk Cookies,https://www.tiktok.com/@iramsfoodstory/video/7595400425600290103,7595400425600290103,7,unsalted butter,225.0,g,"cold, cubed",1 cup (225g) cold unsalted butter
Red Velvet Chocolate Chunk Cookies,https://www.tiktok.com/@iramsfoodstory/video/7595400425600290103,7595400425600290103,8,dark brown sugar,220.0,g,,1 cup (220g) dark brown sugar
Red Velvet Chocolate Chunk Cookies,https://www.tiktok.com/@iramsfoodstory/video/7595400425600290103,7595400425600290103,9,granulated sugar,37.0,g,,3 tbsp (37g) granulated sugar
Red Velvet Chocolate Chunk Cookies,https://www.tiktok.com/@iramsfoodstory/video/7595400425600290103,7595400425600290103,10,egg,1.0,,cold,1 large egg
Red Velvet Chocolate Chunk Cookies,https://www.tiktok.com/@iramsfoodstory/video/7595400425600290103,7595400425600290103,11,egg yolk,1.0,,cold,1 egg yolk
Red Velvet Chocolate Chunk Cookies,https://www.tiktok.com/@iramsfoodstory/video/7595400425600290103,7595400425600290103,12,vanilla bean paste,1.0,tbsp,,1 tbsp vanilla bean paste
Red Velvet Chocolate Chunk Cookies,https://www.tiktok.com/@iramsfoodstory/video/7595400425600290103,7595400425600290103,13,white vinegar,1.0,tsp,,1 tsp white vinegar
Red Velvet Chocolate Chunk Cookies,https://www.tiktok.com/@iramsfoodstory/video/7595400425600290103,7595400425600290103,14,red food coloring,1.0,tbsp,,1 tbsp gel red food coloring
Red Velvet Chocolate Chunk Cookies,https://www.tiktok.com/@iramsfoodstory/video/7595400425600290103,7595400425600290103,15,semi-sweet chocolate chips,1.0,cup,,"1 cup semi sweet chocolate chips, chopped"
Red Velvet Chocolate Chunk Cookies,https://www.tiktok.com/@iramsfoodstory/video/7595400425600290103,7595400425600290103,16,white chocolate chips,0.5,cup,,"1/2 cup white chocolate chips, chopped"
Brownie Cookies,https://www.tiktok.com/@_poppycarr/video/7596635024452013315,7596635024452013315,1,all-purpose flour,116.0,g,,116 grams of plain flour
Brownie Cookies,https://www.tiktok.com/@_poppycarr/video/7596635024452013315,7596635024452013315,2,baking powder,1.0,tsp,,a teaspoon of baking powder
Brownie Cookies,https://www.tiktok.com/@_poppycarr/video/7596635024452013315,7596635024452013315,3,egg,3.0,,,three large eggs
Brownie Cookies,https://www.tiktok.com/@_poppycarr/video/7596635024452013315,7596635024452013315,4,granulated sugar,250.0,g,,250 grams of granulated sugar
Brownie Cookies,https://www.tiktok.com/@_poppycarr/video/7596635024452013315,7596635024452013315,5,salt,1.0,tsp,,a teaspoon of salt
Brownie Cookies,https://www.tiktok.com/@_poppycarr/video/7596635024452013315,7596635024452013315,6,vegetable oil,1.0,tbsp,,a tablespoon of canola oil
Brownie Cookies,https://www.tiktok.com/@_poppycarr/video/7596635024452013315,7596635024452013315,7,dark chocolate,226.0,g,melted,226 grams of dark chocolate
Brownie Cookies,https://www.tiktok.com/@_poppycarr/video/7596635024452013315,7596635024452013315,8,butter,70.0,g,melted,70 grams of butter
Brownie Cookies,https://www.tiktok.com/@_poppycarr/video/7596635024452013315,7596635024452013315,9,cocoa powder,25.0,g,,25 grams of cocoa powder
Valentine's Sprinkle Sugar Cookies with Cream Cheese Frosting,https://www.tiktok.com/@lilisbakespot/video/7597994976420662542,7597994976420662542,1,all-purpose flour,255.0,g,,2 cups + 2 Tbsp all-purpose flour (255g)
Valentine's Sprinkle Sugar Cookies with Cream Cheese Frosting,https://www.tiktok.com/@lilisbakespot/video/7597994976420662542,7597994976420662542,2,baking powder,0.25,tsp,,¼ tsp baking powder
Valentine's Sprinkle Sugar Cookies with Cream Cheese Frosting,https://www.tiktok.com/@lilisbakespot/video/7597994976420662542,7597994976420662542,3,baking soda,0.5,tsp,,½ tsp baking soda
Valentine's Sprinkle Sugar Cookies with Cream Cheese Frosting,https://www.tiktok.com/@lilisbakespot/video/7597994976420662542,7597994976420662542,4,salt,0.25,tsp,,¼ tsp salt
Valentine's Sprinkle Sugar Cookies with Cream Cheese Frosting,https://www.tiktok.com/@lilisbakespot/video/7597994976420662542,7597994976420662542,5,unsalted butter,141.0,g,softened,10 Tbsp unsalted butter (141g)
Valentine's Sprinkle Sugar Cookies with Cream Cheese Frosting,https://www.tiktok.com/@lilisbakespot/video/7597994976420662542,7597994976420662542,6,granulated sugar,100.0,g,,½ cup granulated sugar (100g)
Valentine's Sprinkle Sugar Cookies with Cream Cheese Frosting,https://www.tiktok.com/@lilisbakespot/video/7597994976420662542,7597994976420662542,7,light brown sugar,71.0,g,,⅓ cup light brown sugar (71g)
Valentine's Sprinkle Sugar Cookies with Cream Cheese Frosting,https://www.tiktok.com/@lilisbakespot/video/7597994976420662542,7597994976420662542,8,egg,1.0,,room temperature,1 egg
Valentine's Sprinkle Sugar Cookies with Cream Cheese Frosting,https://www.tiktok.com/@lilisbakespot/video/7597994976420662542,7597994976420662542,9,vanilla extract,1.0,tbsp,,1 Tbsp vanilla extract
Valentine's Sprinkle Sugar Cookies with Cream Cheese Frosting,https://www.tiktok.com/@lilisbakespot/video/7597994976420662542,7597994976420662542,10,sprinkles,120.0,g,,¾ cup Valentine sprinkles (120g)
Valentine's Sprinkle Sugar Cookies with Cream Cheese Frosting,https://www.tiktok.com/@lilisbakespot/video/7597994976420662542,7597994976420662542,11,cream cheese,170.0,g,frosting,6 oz cream cheese (170g)
Valentine's Sprinkle Sugar Cookies with Cream Cheese Frosting,https://www.tiktok.com/@lilisbakespot/video/7597994976420662542,7597994976420662542,12,unsalted butter,70.0,g,frosting,5 Tbsp unsalted butter (70g)
Valentine's Sprinkle Sugar Cookies with Cream Cheese Frosting,https://www.tiktok.com/@lilisbakespot/video/7597994976420662542,7597994976420662542,13,vanilla extract,1.0,tbsp,frosting,1 Tbsp vanilla extract
Valentine's Sprinkle Sugar Cookies with Cream Cheese Frosting,https://www.tiktok.com/@lilisbakespot/video/7597994976420662542,7597994976420662542,14,salt,,pinch,frosting,Pinch of salt
Valentine's Sprinkle Sugar Cookies with Cream Cheese Frosting,https://www.tiktok.com/@lilisbakespot/video/7597994976420662542,7597994976420662542,15,powdered sugar,227.0,g,frosting,2 cups powdered sugar (227g)
Slice-and-Bake Cinnamon Roll Cookies with Maple Glaze,https://www.tiktok.com/@deesbasement/video/7598255436306976022,7598255436306976022,1,unsalted butter,115.0,g,cold,"115g unsalted butter, cold"
Slice-and-Bake Cinnamon Roll Cookies with Maple Glaze,https://www.tiktok.com/@deesbasement/video/7598255436306976022,7598255436306976022,2,light brown sugar,190.0,g,,190g light brown sugar
Slice-and-Bake Cinnamon Roll Cookies with Maple Glaze,https://www.tiktok.com/@deesbasement/video/7598255436306976022,7598255436306976022,3,egg,1.0,,cold,1 cold egg
Slice-and-Bake Cinnamon Roll Cookies with Maple Glaze,https://www.tiktok.com/@deesbasement/video/7598255436306976022,7598255436306976022,4,all-purpose flour,245.0,g,,245g plain flour
Slice-and-Bake Cinnamon Roll Cookies with Maple Glaze,https://www.tiktok.com/@deesbasement/video/7598255436306976022,7598255436306976022,5,cornstarch,1.0,tbsp,,1 tbsp cornflour
Slice-and-Bake Cinnamon Roll Cookies with Maple Glaze,https://www.tiktok.com/@deesbasement/video/7598255436306976022,7598255436306976022,6,baking soda,0.5,tsp,,½ tsp baking soda
Slice-and-Bake Cinnamon Roll Cookies with Maple Glaze,https://www.tiktok.com/@deesbasement/video/7598255436306976022,7598255436306976022,7,unsalted butter,25.0,g,filling,"25g unsalted butter, melted"
Slice-and-Bake Cinnamon Roll Cookies with Maple Glaze,https://www.tiktok.com/@deesbasement/video/7598255436306976022,7598255436306976022,8,light brown sugar,60.0,g,filling,60g light brown sugar
Slice-and-Bake Cinnamon Roll Cookies with Maple Glaze,https://www.tiktok.com/@deesbasement/video/7598255436306976022,7598255436306976022,9,cinnamon,1.5,tbsp,filling,1½ tbsp ground cinnamon
Slice-and-Bake Cinnamon Roll Cookies with Maple Glaze,https://www.tiktok.com/@deesbasement/video/7598255436306976022,7598255436306976022,10,powdered sugar,100.0,g,glaze,100g icing sugar
Slice-and-Bake Cinnamon Roll Cookies with Maple Glaze,https://www.tiktok.com/@deesbasement/video/7598255436306976022,7598255436306976022,11,maple syrup,1.5,tbsp,glaze,1–2 tbsp maple syrup
Bakery-Style Brown Butter Chocolate Chip Cookies,https://www.tiktok.com/@thelifestyleofafoodie/video/7600442778522340638,7600442778522340638,1,unsalted butter,1.0,cup,"browned, cooled until solid",1 cup unsalted butter
Bakery-Style Brown Butter Chocolate Chip Cookies,https://www.tiktok.com/@thelifestyleofafoodie/video/7600442778522340638,7600442778522340638,2,brown sugar,1.0,cup,,1 cup brown sugar
Bakery-Style Brown Butter Chocolate Chip Cookies,https://www.tiktok.com/@thelifestyleofafoodie/video/7600442778522340638,7600442778522340638,3,granulated sugar,0.5,cup,,1/2 cup granulated sugar
Bakery-Style Brown Butter Chocolate Chip Cookies,https://www.tiktok.com/@thelifestyleofafoodie/video/7600442778522340638,7600442778522340638,4,egg,1.0,,,1 egg
Bakery-Style Brown Butter Chocolate Chip Cookies,https://www.tiktok.com/@thelifestyleofafoodie/video/7600442778522340638,7600442778522340638,5,egg yolk,2.0,,,2 egg yolks
Bakery-Style Brown Butter Chocolate Chip Cookies,https://www.tiktok.com/@thelifestyleofafoodie/video/7600442778522340638,7600442778522340638,6,vanilla extract,2.0,tsp,,2 tsp vanilla
Bakery-Style Brown Butter Chocolate Chip Cookies,https://www.tiktok.com/@thelifestyleofafoodie/video/7600442778522340638,7600442778522340638,7,all-purpose flour,2.25,cup,,2 1/4 cups all-purpose flour
Bakery-Style Brown Butter Chocolate Chip Cookies,https://www.tiktok.com/@thelifestyleofafoodie/video/7600442778522340638,7600442778522340638,8,baking soda,1.0,tsp,,1 tsp baking soda
Bakery-Style Brown Butter Chocolate Chip Cookies,https://www.tiktok.com/@thelifestyleofafoodie/video/7600442778522340638,7600442778522340638,9,salt,1.0,tsp,,1 tsp salt
Bakery-Style Brown Butter Chocolate Chip Cookies,https://www.tiktok.com/@thelifestyleofafoodie/video/7600442778522340638,7600442778522340638,10,chocolate chips,1.5,cup,,1 1/2 cups chocolate chips
Melt-in-Your-Mouth Chocolate Chip Cookies,https://www.tiktok.com/@dinestaylive/video/7600822771274337558,7600822771274337558,1,butter,200.0,g,softened,200 g βούτυρο μαλακό
Melt-in-Your-Mouth Chocolate Chip Cookies,https://www.tiktok.com/@dinestaylive/video/7600822771274337558,7600822771274337558,2,granulated sugar,140.0,g,,140 g λευκή ζάχαρη
Melt-in-Your-Mouth Chocolate Chip Cookies,https://www.tiktok.com/@dinestaylive/video/7600822771274337558,7600822771274337558,3,brown sugar,80.0,g,,80 g καστανή ζάχαρη
Melt-in-Your-Mouth Chocolate Chip Cookies,https://www.tiktok.com/@dinestaylive/video/7600822771274337558,7600822771274337558,4,egg,1.0,,room temperature,1 μεγάλο αυγό
Melt-in-Your-Mouth Chocolate Chip Cookies,https://www.tiktok.com/@dinestaylive/video/7600822771274337558,7600822771274337558,5,vanilla extract,1.0,tsp,,1 κ.γ. βανίλια
Melt-in-Your-Mouth Chocolate Chip Cookies,https://www.tiktok.com/@dinestaylive/video/7600822771274337558,7600822771274337558,6,all-purpose flour,240.0,g,,240 g αλεύρι
Melt-in-Your-Mouth Chocolate Chip Cookies,https://www.tiktok.com/@dinestaylive/video/7600822771274337558,7600822771274337558,7,baking powder,0.5,tsp,,1/2 κ.γ. baking powder
Melt-in-Your-Mouth Chocolate Chip Cookies,https://www.tiktok.com/@dinestaylive/video/7600822771274337558,7600822771274337558,8,baking soda,0.5,tsp,,1/2 κ.γ. μαγειρική σόδα
Melt-in-Your-Mouth Chocolate Chip Cookies,https://www.tiktok.com/@dinestaylive/video/7600822771274337558,7600822771274337558,9,salt,0.5,tsp,,1/2 κ.γ. αλάτι
Melt-in-Your-Mouth Chocolate Chip Cookies,https://www.tiktok.com/@dinestaylive/video/7600822771274337558,7600822771274337558,10,dark chocolate,130.0,g,70%,130 g σοκολάτα 70%
Valentine's Sugar Cookies with Royal Icing,https://www.tiktok.com/@mckennasalazar/video/7605456611653602591,7605456611653602591,1,unsalted butter,1.0,cup,softened,1 cup softened unsalted butter
Valentine's Sugar Cookies with Royal Icing,https://www.tiktok.com/@mckennasalazar/video/7605456611653602591,7605456611653602591,2,granulated sugar,1.0,cup,,1 cup sugar
Valentine's Sugar Cookies with Royal Icing,https://www.tiktok.com/@mckennasalazar/video/7605456611653602591,7605456611653602591,3,egg,1.0,,cold,1 cold egg
Valentine's Sugar Cookies with Royal Icing,https://www.tiktok.com/@mckennasalazar/video/7605456611653602591,7605456611653602591,4,salt,1.0,tsp,,1 tsp salt
Valentine's Sugar Cookies with Royal Icing,https://www.tiktok.com/@mckennasalazar/video/7605456611653602591,7605456611653602591,5,vanilla extract,2.0,tsp,,2 tsp vanilla extract
Valentine's Sugar Cookies with Royal Icing,https://www.tiktok.com/@mckennasalazar/video/7605456611653602591,7605456611653602591,6,almond extract,2.0,tsp,,2 tsp almond extract
Valentine's Sugar Cookies with Royal Icing,https://www.tiktok.com/@mckennasalazar/video/7605456611653602591,7605456611653602591,7,all-purpose flour,3.0,cup,,3 cups flour
Valentine's Sugar Cookies with Royal Icing,https://www.tiktok.com/@mckennasalazar/video/7605456611653602591,7605456611653602591,8,powdered sugar,4.0,cup,royal icing,4 cups confectioners sugar
Valentine's Sugar Cookies with Royal Icing,https://www.tiktok.com/@mckennasalazar/video/7605456611653602591,7605456611653602591,9,meringue powder,3.0,tbsp,royal icing,3 tbsp meringue powder
Valentine's Sugar Cookies with Royal Icing,https://www.tiktok.com/@mckennasalazar/video/7605456611653602591,7605456611653602591,10,water,5.0,tbsp,royal icing,~5 tbsp room temp water
Valentine's Sugar Cookies with Royal Icing,https://www.tiktok.com/@mckennasalazar/video/7605456611653602591,7605456611653602591,11,vanilla extract,1.0,tsp,royal icing,1 tsp vanilla extract
Peanut Butter Oatmeal Chocolate Chip Cookies,https://www.tiktok.com/@taffeybakery/video/7608060792440737031,7608060792440737031,1,all-purpose flour,165.0,g,,1 1/3 cups (165g) all-purpose flour
Peanut Butter Oatmeal Chocolate Chip Cookies,https://www.tiktok.com/@taffeybakery/video/7608060792440737031,7608060792440737031,2,rolled oats,140.0,g,,1 3/4 cups (140g) rolled oats
Peanut Butter Oatmeal Chocolate Chip Cookies,https://www.tiktok.com/@taffeybakery/video/7608060792440737031,7608060792440737031,3,baking soda,1.0,tsp,,1 tsp baking soda
Peanut Butter Oatmeal Chocolate Chip Cookies,https://www.tiktok.com/@taffeybakery/video/7608060792440737031,7608060792440737031,4,baking powder,0.75,tsp,,3/4 tsps baking powder
Peanut Butter Oatmeal Chocolate Chip Cookies,https://www.tiktok.com/@taffeybakery/video/7608060792440737031,7608060792440737031,5,cornstarch,1.0,tsp,,1 tsp cornstarch
Peanut Butter Oatmeal Chocolate Chip Cookies,https://www.tiktok.com/@taffeybakery/video/7608060792440737031,7608060792440737031,6,cinnamon,1.0,tsp,,1 tsp cinnamon
Peanut Butter Oatmeal Chocolate Chip Cookies,https://www.tiktok.com/@taffeybakery/video/7608060792440737031,7608060792440737031,7,unsalted butter,151.0,g,melted,"2/3 cups (151g) unsalted butter, melted"
Peanut Butter Oatmeal Chocolate Chip Cookies,https://www.tiktok.com/@taffeybakery/video/7608060792440737031,7608060792440737031,8,granulated sugar,66.0,g,,1/3 cup (66g) white sugar
Peanut Butter Oatmeal Chocolate Chip Cookies,https://www.tiktok.com/@taffeybakery/video/7608060792440737031,7608060792440737031,9,dark brown sugar,66.0,g,,1/3 cup (66g) dark brown sugar
Peanut Butter Oatmeal Chocolate Chip Cookies,https://www.tiktok.com/@taffeybakery/video/7608060792440737031,7608060792440737031,10,peanut butter,172.0,g,,2/3 cups (172g) creamy peanut butter
Peanut Butter Oatmeal Chocolate Chip Cookies,https://www.tiktok.com/@taffeybakery/video/7608060792440737031,7608060792440737031,11,egg,1.0,,room temperature,1 large egg
Peanut Butter Oatmeal Chocolate Chip Cookies,https://www.tiktok.com/@taffeybakery/video/7608060792440737031,7608060792440737031,12,egg yolk,1.0,,,1 large egg yolk
Peanut Butter Oatmeal Chocolate Chip Cookies,https://www.tiktok.com/@taffeybakery/video/7608060792440737031,7608060792440737031,13,vanilla extract,1.0,tbsp,,1 tbsp vanilla
Peanut Butter Oatmeal Chocolate Chip Cookies,https://www.tiktok.com/@taffeybakery/video/7608060792440737031,7608060792440737031,14,semi-sweet chocolate chips,135.0,g,,3/4 cups (135g) semi-sweet chocolate chips
Soft & Chewy Brown Butter Chocolate Chip Cookies,https://www.tiktok.com/@audreybakes/video/7608242336144919838,7608242336144919838,1,unsalted butter,170.0,g,browned to 140g,"¾ cup (170g) unsalted butter, browned"
Soft & Chewy Brown Butter Chocolate Chip Cookies,https://www.tiktok.com/@audreybakes/video/7608242336144919838,7608242336144919838,2,water,2.0,tsp,,2 tsp water or milk
Soft & Chewy Brown Butter Chocolate Chip Cookies,https://www.tiktok.com/@audreybakes/video/7608242336144919838,7608242336144919838,3,brown sugar,165.0,g,,"¾ cup (165g) brown sugar, packed"
Soft & Chewy Brown Butter Chocolate Chip Cookies,https://www.tiktok.com/@audreybakes/video/7608242336144919838,7608242336144919838,4,granulated sugar,50.0,g,,¼ cup (50g) granulated sugar
Soft & Chewy Brown Butter Chocolate Chip Cookies,https://www.tiktok.com/@audreybakes/video/7608242336144919838,7608242336144919838,5,egg,1.0,,room temperature,1 egg
Soft & Chewy Brown Butter Chocolate Chip Cookies,https://www.tiktok.com/@audreybakes/video/7608242336144919838,7608242336144919838,6,egg yolk,1.0,,room temperature,1 egg yolk
Soft & Chewy Brown Butter Chocolate Chip Cookies,https://www.tiktok.com/@audreybakes/video/7608242336144919838,7608242336144919838,7,vanilla extract,2.0,tsp,,2 tsp vanilla extract
Soft & Chewy Brown Butter Chocolate Chip Cookies,https://www.tiktok.com/@audreybakes/video/7608242336144919838,7608242336144919838,8,all-purpose flour,220.0,g,,1¾ cups (220g) all-purpose flour
Soft & Chewy Brown Butter Chocolate Chip Cookies,https://www.tiktok.com/@audreybakes/video/7608242336144919838,7608242336144919838,9,baking soda,0.75,tsp,,¾ tsp baking soda
Soft & Chewy Brown Butter Chocolate Chip Cookies,https://www.tiktok.com/@audreybakes/video/7608242336144919838,7608242336144919838,10,salt,0.5,tsp,,½ tsp salt
Soft & Chewy Brown Butter Chocolate Chip Cookies,https://www.tiktok.com/@audreybakes/video/7608242336144919838,7608242336144919838,11,cornstarch,0.5,tsp,,½ tsp cornstarch
Soft & Chewy Brown Butter Chocolate Chip Cookies,https://www.tiktok.com/@audreybakes/video/7608242336144919838,7608242336144919838,12,chocolate chips,170.0,g,"half semi-sweet, half milk",1 cup (170g) chocolate chips/chopped chocolate
Classic Chocolate Chip Cookies,https://www.tiktok.com/@cookwithshaaa/video/7608312019460033814,7608312019460033814,1,unsalted butter,230.0,g,"cold, cubed",230g Cold Chopped Unsalted Butter
Classic Chocolate Chip Cookies,https://www.tiktok.com/@cookwithshaaa/video/7608312019460033814,7608312019460033814,2,granulated sugar,160.0,g,,160g Caster Sugar
Classic Chocolate Chip Cookies,https://www.tiktok.com/@cookwithshaaa/video/7608312019460033814,7608312019460033814,3,light brown sugar,160.0,g,,160g Light Brown Sugar
Classic Chocolate Chip Cookies,https://www.tiktok.com/@cookwithshaaa/video/7608312019460033814,7608312019460033814,4,chocolate chips,450.0,g,,450g Chocolate Chunks or chips
Classic Chocolate Chip Cookies,https://www.tiktok.com/@cookwithshaaa/video/7608312019460033814,7608312019460033814,5,all-purpose flour,475.0,g,,475g Plain Flour
Classic Chocolate Chip Cookies,https://www.tiktok.com/@cookwithshaaa/video/7608312019460033814,7608312019460033814,6,salt,1.0,tsp,,1 tsp Salt
Classic Chocolate Chip Cookies,https://www.tiktok.com/@cookwithshaaa/video/7608312019460033814,7608312019460033814,7,baking powder,3.0,tsp,,3 tsp Baking Powder
Classic Chocolate Chip Cookies,https://www.tiktok.com/@cookwithshaaa/video/7608312019460033814,7608312019460033814,8,baking soda,0.75,tsp,,3/4 tsp Baking Soda
Classic Chocolate Chip Cookies,https://www.tiktok.com/@cookwithshaaa/video/7608312019460033814,7608312019460033814,9,egg,2.0,,,2 Eggs
Classic Chocolate Chip Cookies,https://www.tiktok.com/@cookwithshaaa/video/7608312019460033814,7608312019460033814,10,egg yolk,1.0,,,1 Egg Yolk
Classic Chocolate Chip Cookies,https://www.tiktok.com/@cookwithshaaa/video/7608312019460033814,7608312019460033814,11,vanilla extract,1.0,tsp,,1 tsp Vanilla
Pink Frosted Sugar Cookies,https://www.tiktok.com/@bakeswithlizzy/video/7609803892607454478,7609803892607454478,1,butter,0.5,cup,softened,½ cup softened butter
Pink Frosted Sugar Cookies,https://www.tiktok.com/@bakeswithlizzy/video/7609803892607454478,7609803892607454478,2,granulated sugar,0.5,cup,,½ cup granulated sugar
Pink Frosted Sugar Cookies,https://www.tiktok.com/@bakeswithlizzy/video/7609803892607454478,7609803892607454478,3,egg,1.0,,room temperature,1 large egg
Pink Frosted Sugar Cookies,https://www.tiktok.com/@bakeswithlizzy/video/7609803892607454478,7609803892607454478,4,vanilla bean paste,0.5,tbsp,,½ tbsp vanilla bean paste
Pink Frosted Sugar Cookies,https://www.tiktok.com/@bakeswithlizzy/video/7609803892607454478,7609803892607454478,5,all-purpose flour,1.5,cup,,1½ cups all purpose flour
Pink Frosted Sugar Cookies,https://www.tiktok.com/@bakeswithlizzy/video/7609803892607454478,7609803892607454478,6,baking powder,0.5,tsp,,½ tsp baking powder
Pink Frosted Sugar Cookies,https://www.tiktok.com/@bakeswithlizzy/video/7609803892607454478,7609803892607454478,7,baking soda,0.25,tsp,,¼ tsp baking soda
Pink Frosted Sugar Cookies,https://www.tiktok.com/@bakeswithlizzy/video/7609803892607454478,7609803892607454478,8,salt,0.25,tsp,,¼ tsp salt
Pink Frosted Sugar Cookies,https://www.tiktok.com/@bakeswithlizzy/video/7609803892607454478,7609803892607454478,9,butter,0.396,cup,frosting,⅓ cup + 1 tbsp softened butter
Pink Frosted Sugar Cookies,https://www.tiktok.com/@bakeswithlizzy/video/7609803892607454478,7609803892607454478,10,powdered sugar,1.25,cup,frosting,1¼ cups powdered sugar
Pink Frosted Sugar Cookies,https://www.tiktok.com/@bakeswithlizzy/video/7609803892607454478,7609803892607454478,11,vanilla extract,0.75,tsp,frosting,¾ tsp vanilla extract
Pink Frosted Sugar Cookies,https://www.tiktok.com/@bakeswithlizzy/video/7609803892607454478,7609803892607454478,12,milk,2.5,tbsp,frosting,2–3 tbsp milk
Pink Frosted Sugar Cookies,https://www.tiktok.com/@bakeswithlizzy/video/7609803892607454478,7609803892607454478,13,food coloring,3.0,drop,"pink, frosting",2-4 drops of pink food coloring
Pink Frosted Sugar Cookies,https://www.tiktok.com/@bakeswithlizzy/video/7609803892607454478,7609803892607454478,14,sprinkles,,,topping,pink sprinkles
White Chocolate Raspberry Macadamia Cookies,https://www.tiktok.com/@daphnealyssa/video/7611153109578026272,7611153109578026272,1,butter,175.0,g,browned,175 gram roomboter
White Chocolate Raspberry Macadamia Cookies,https://www.tiktok.com/@daphnealyssa/video/7611153109578026272,7611153109578026272,2,light brown sugar,180.0,g,,180 gram lichte basterdsuiker
White Chocolate Raspberry Macadamia Cookies,https://www.tiktok.com/@daphnealyssa/video/7611153109578026272,7611153109578026272,3,granulated sugar,50.0,g,,50 gram witte kristalsuiker
White Chocolate Raspberry Macadamia Cookies,https://www.tiktok.com/@daphnealyssa/video/7611153109578026272,7611153109578026272,4,all-purpose flour,220.0,g,,220 gram bloem
White Chocolate Raspberry Macadamia Cookies,https://www.tiktok.com/@daphnealyssa/video/7611153109578026272,7611153109578026272,5,egg yolk,1.0,,,1 eidooier
White Chocolate Raspberry Macadamia Cookies,https://www.tiktok.com/@daphnealyssa/video/7611153109578026272,7611153109578026272,6,egg,1.0,,,1 ei
White Chocolate Raspberry Macadamia Cookies,https://www.tiktok.com/@daphnealyssa/video/7611153109578026272,7611153109578026272,7,baking soda,1.0,tsp,,1 theelepel bakingsoda
White Chocolate Raspberry Macadamia Cookies,https://www.tiktok.com/@daphnealyssa/video/7611153109578026272,7611153109578026272,8,vanilla extract,1.0,tsp,,1 theelepel vanillearoma
White Chocolate Raspberry Macadamia Cookies,https://www.tiktok.com/@daphnealyssa/video/7611153109578026272,7611153109578026272,9,salt,,pinch,,snufje zout
White Chocolate Raspberry Macadamia Cookies,https://www.tiktok.com/@daphnealyssa/video/7611153109578026272,7611153109578026272,10,white chocolate,200.0,g,,200 gr witte chocola
White Chocolate Raspberry Macadamia Cookies,https://www.tiktok.com/@daphnealyssa/video/7611153109578026272,7611153109578026272,11,frozen raspberries,100.0,g,,100 gr diepvries frambozen
White Chocolate Raspberry Macadamia Cookies,https://www.tiktok.com/@daphnealyssa/video/7611153109578026272,7611153109578026272,12,macadamia nuts,,handful,chopped,handje gehakte macademianoten
Soft-Baked Earl Grey Chocolate Chip Cookies,https://www.tiktok.com/@veggilaine/video/7612351765618511136,7612351765618511136,1,unsalted butter,115.0,g,melted with tea,115 g ongezouten roomboter
Soft-Baked Earl Grey Chocolate Chip Cookies,https://www.tiktok.com/@veggilaine/video/7612351765618511136,7612351765618511136,2,earl grey tea,2.0,bag,,2 zakjes earl grey thee
Soft-Baked Earl Grey Chocolate Chip Cookies,https://www.tiktok.com/@veggilaine/video/7612351765618511136,7612351765618511136,3,light brown sugar,140.0,g,,140 g lichte basterdsuiker
Soft-Baked Earl Grey Chocolate Chip Cookies,https://www.tiktok.com/@veggilaine/video/7612351765618511136,7612351765618511136,4,granulated sugar,30.0,g,,30 g kristalsuiker
Soft-Baked Earl Grey Chocolate Chip Cookies,https://www.tiktok.com/@veggilaine/video/7612351765618511136,7612351765618511136,5,egg,1.0,,,1 ei
Soft-Baked Earl Grey Chocolate Chip Cookies,https://www.tiktok.com/@veggilaine/video/7612351765618511136,7612351765618511136,6,vanilla extract,1.0,tsp,,1 tl vanille-extract
Soft-Baked Earl Grey Chocolate Chip Cookies,https://www.tiktok.com/@veggilaine/video/7612351765618511136,7612351765618511136,7,all-purpose flour,220.0,g,,220 g bloem
Soft-Baked Earl Grey Chocolate Chip Cookies,https://www.tiktok.com/@veggilaine/video/7612351765618511136,7612351765618511136,8,salt,4.0,g,,4 g zout
Soft-Baked Earl Grey Chocolate Chip Cookies,https://www.tiktok.com/@veggilaine/video/7612351765618511136,7612351765618511136,9,baking powder,0.5,tsp,,½ tl bakpoeder
Soft-Baked Earl Grey Chocolate Chip Cookies,https://www.tiktok.com/@veggilaine/video/7612351765618511136,7612351765618511136,10,baking soda,0.5,tsp,,½ tl baksoda
Soft-Baked Earl Grey Chocolate Chip Cookies,https://www.tiktok.com/@veggilaine/video/7612351765618511136,7612351765618511136,11,dark chocolate chips,170.0,g,,170 g pure chocolate chips
Soft-Baked Earl Grey Chocolate Chip Cookies,https://www.tiktok.com/@veggilaine/video/7612351765618511136,7612351765618511136,12,white chocolate,6.0,piece,stuffed in center,6 blokjes witte chocolade
Cinnamon Roll Cookies,https://www.tiktok.com/@noorbakesss/video/7616024974435863830,7616024974435863830,1,all-purpose flour,370.0,g,,370g plain flour
Cinnamon Roll Cookies,https://www.tiktok.com/@noorbakesss/video/7616024974435863830,7616024974435863830,2,cream of tartar,2.0,tsp,,2 tsp cream of tartar
Cinnamon Roll Cookies,https://www.tiktok.com/@noorbakesss/video/7616024974435863830,7616024974435863830,3,baking soda,1.0,tsp,,1 tsp baking soda
Cinnamon Roll Cookies,https://www.tiktok.com/@noorbakesss/video/7616024974435863830,7616024974435863830,4,cinnamon,3.0,tsp,,3 tsp ground cinnamon
Cinnamon Roll Cookies,https://www.tiktok.com/@noorbakesss/video/7616024974435863830,7616024974435863830,5,salt,0.5,tsp,,½ tsp salt
Cinnamon Roll Cookies,https://www.tiktok.com/@noorbakesss/video/7616024974435863830,7616024974435863830,6,unsalted butter,220.0,g,softened,"220g unsalted butter, softened"
Cinnamon Roll Cookies,https://www.tiktok.com/@noorbakesss/video/7616024974435863830,7616024974435863830,7,granulated sugar,260.0,g,,260g granulated sugar
Cinnamon Roll Cookies,https://www.tiktok.com/@noorbakesss/video/7616024974435863830,7616024974435863830,8,egg,1.0,,,1 large egg
Cinnamon Roll Cookies,https://www.tiktok.com/@noorbakesss/video/7616024974435863830,7616024974435863830,9,egg yolk,1.0,,,1 large egg yolk
Cinnamon Roll Cookies,https://www.tiktok.com/@noorbakesss/video/7616024974435863830,7616024974435863830,10,vanilla extract,2.0,tsp,,2 tsp vanilla extract
Cinnamon Roll Cookies,https://www.tiktok.com/@noorbakesss/video/7616024974435863830,7616024974435863830,11,granulated sugar,70.0,g,coating,70g granulated sugar
Cinnamon Roll Cookies,https://www.tiktok.com/@noorbakesss/video/7616024974435863830,7616024974435863830,12,cinnamon,2.0,tsp,coating,2 tsp ground cinnamon
Cinnamon Roll Cookies,https://www.tiktok.com/@noorbakesss/video/7616024974435863830,7616024974435863830,13,cream cheese,180.0,g,topping,180g cream cheese
Cinnamon Roll Cookies,https://www.tiktok.com/@noorbakesss/video/7616024974435863830,7616024974435863830,14,heavy cream,115.0,g,topping,115g double cream
Cinnamon Roll Cookies,https://www.tiktok.com/@noorbakesss/video/7616024974435863830,7616024974435863830,15,powdered sugar,90.0,g,topping,90g icing sugar
Cinnamon Roll Cookies,https://www.tiktok.com/@noorbakesss/video/7616024974435863830,7616024974435863830,16,vanilla extract,1.0,tsp,topping,1 tsp vanilla extract
Scoopable Molten Brown Butter Chocolate Chip Cookies,https://www.tiktok.com/@thelifestyleofafoodie/video/7616824322316864782,7616824322316864782,1,unsalted butter,0.75,cup,browned,3/4 cup unsalted butter
Scoopable Molten Brown Butter Chocolate Chip Cookies,https://www.tiktok.com/@thelifestyleofafoodie/video/7616824322316864782,7616824322316864782,2,light brown sugar,0.75,cup,,3/4 cup packed light brown sugar
Scoopable Molten Brown Butter Chocolate Chip Cookies,https://www.tiktok.com/@thelifestyleofafoodie/video/7616824322316864782,7616824322316864782,3,granulated sugar,0.25,cup,,1/4 cup granulated sugar
Scoopable Molten Brown Butter Chocolate Chip Cookies,https://www.tiktok.com/@thelifestyleofafoodie/video/7616824322316864782,7616824322316864782,4,egg,1.0,,room temperature,1 large egg
Scoopable Molten Brown Butter Chocolate Chip Cookies,https://www.tiktok.com/@thelifestyleofafoodie/video/7616824322316864782,7616824322316864782,5,egg yolk,1.0,,room temperature,1 egg yolk
Scoopable Molten Brown Butter Chocolate Chip Cookies,https://www.tiktok.com/@thelifestyleofafoodie/video/7616824322316864782,7616824322316864782,6,vanilla extract,2.0,tsp,,2 teaspoons vanilla extract
Scoopable Molten Brown Butter Chocolate Chip Cookies,https://www.tiktok.com/@thelifestyleofafoodie/video/7616824322316864782,7616824322316864782,7,all-purpose flour,1.75,cup,,1 3/4 cup all-purpose flour
Scoopable Molten Brown Butter Chocolate Chip Cookies,https://www.tiktok.com/@thelifestyleofafoodie/video/7616824322316864782,7616824322316864782,8,cornstarch,3.0,tbsp,,3 tbsp cornstarch
Scoopable Molten Brown Butter Chocolate Chip Cookies,https://www.tiktok.com/@thelifestyleofafoodie/video/7616824322316864782,7616824322316864782,9,baking soda,0.75,tsp,,3/4 tsp baking soda
Scoopable Molten Brown Butter Chocolate Chip Cookies,https://www.tiktok.com/@thelifestyleofafoodie/video/7616824322316864782,7616824322316864782,10,salt,0.75,tsp,,3/4 tsp fine sea salt
Scoopable Molten Brown Butter Chocolate Chip Cookies,https://www.tiktok.com/@thelifestyleofafoodie/video/7616824322316864782,7616824322316864782,11,chocolate chips,1.25,cup,,1 1/4 cup chocolate chips or chunks
Scoopable Molten Brown Butter Chocolate Chip Cookies,https://www.tiktok.com/@thelifestyleofafoodie/video/7616824322316864782,7616824322316864782,12,chocolate sauce,0.333,cup,frozen filling,1/3 cup thick chocolate sauce or hot fudge
Scoopable Molten Brown Butter Chocolate Chip Cookies,https://www.tiktok.com/@thelifestyleofafoodie/video/7616824322316864782,7616824322316864782,13,flaky sea salt,,,finishing,Flaky sea salt
Scoopable Molten Brown Butter Chocolate Chip Cookies,https://www.tiktok.com/@thelifestyleofafoodie/video/7616824322316864782,7616824322316864782,14,vanilla ice cream,,,serving,Vanilla ice cream
Easy Chocolate Chip Cookies,https://www.tiktok.com/@arsenioeats/video/7617122823362055444,7617122823362055444,1,unsalted butter,0.5,cup,slightly softened,1/2 cup unsalted butter
Easy Chocolate Chip Cookies,https://www.tiktok.com/@arsenioeats/video/7617122823362055444,7617122823362055444,2,granulated sugar,0.5,cup,,1/2 cup sugar
Easy Chocolate Chip Cookies,https://www.tiktok.com/@arsenioeats/video/7617122823362055444,7617122823362055444,3,brown sugar,0.75,cup,,3/4 cup brown sugar
Easy Chocolate Chip Cookies,https://www.tiktok.com/@arsenioeats/video/7617122823362055444,7617122823362055444,4,egg,1.0,,,1 egg
Easy Chocolate Chip Cookies,https://www.tiktok.com/@arsenioeats/video/7617122823362055444,7617122823362055444,5,vanilla extract,1.0,tsp,,1 tsp vanilla
Easy Chocolate Chip Cookies,https://www.tiktok.com/@arsenioeats/video/7617122823362055444,7617122823362055444,6,salt,1.0,tsp,,1 tsp salt
Easy Chocolate Chip Cookies,https://www.tiktok.com/@arsenioeats/video/7617122823362055444,7617122823362055444,7,all-purpose flour,1.25,cup,,1 1/4 cups all-purpose flour
Easy Chocolate Chip Cookies,https://www.tiktok.com/@arsenioeats/video/7617122823362055444,7617122823362055444,8,baking soda,0.5,tsp,,1/2 tsp baking soda
Easy Chocolate Chip Cookies,https://www.tiktok.com/@arsenioeats/video/7617122823362055444,7617122823362055444,9,chocolate chips,,,,Chocolate chips
Brown Butter Chocolate Chunk Cookies (Dutch),https://www.tiktok.com/@jamieommel/video/7617923819323280672,7617923819323280672,1,unsalted butter,135.0,g,browned,135 g ongezouten boter
Brown Butter Chocolate Chunk Cookies (Dutch),https://www.tiktok.com/@jamieommel/video/7617923819323280672,7617923819323280672,2,light brown sugar,120.0,g,,120 g bruine basterdsuiker
Brown Butter Chocolate Chunk Cookies (Dutch),https://www.tiktok.com/@jamieommel/video/7617923819323280672,7617923819323280672,3,granulated sugar,50.0,g,,50 g kristalsuiker
Brown Butter Chocolate Chunk Cookies (Dutch),https://www.tiktok.com/@jamieommel/video/7617923819323280672,7617923819323280672,4,egg,1.0,,,1 groot ei
Brown Butter Chocolate Chunk Cookies (Dutch),https://www.tiktok.com/@jamieommel/video/7617923819323280672,7617923819323280672,5,vanilla extract,1.0,tsp,,1 tl vanille-extract
Brown Butter Chocolate Chunk Cookies (Dutch),https://www.tiktok.com/@jamieommel/video/7617923819323280672,7617923819323280672,6,vanilla sugar,1.0,packet,,1 zakje vanille suiker
Brown Butter Chocolate Chunk Cookies (Dutch),https://www.tiktok.com/@jamieommel/video/7617923819323280672,7617923819323280672,7,all-purpose flour,180.0,g,,180 g bloem
Brown Butter Chocolate Chunk Cookies (Dutch),https://www.tiktok.com/@jamieommel/video/7617923819323280672,7617923819323280672,8,baking soda,0.5,tsp,,½ tl baking soda
Brown Butter Chocolate Chunk Cookies (Dutch),https://www.tiktok.com/@jamieommel/video/7617923819323280672,7617923819323280672,9,baking powder,0.25,tsp,,¼ tl bakpoeder
Brown Butter Chocolate Chunk Cookies (Dutch),https://www.tiktok.com/@jamieommel/video/7617923819323280672,7617923819323280672,10,salt,0.5,tsp,,½ tl zout
Brown Butter Chocolate Chunk Cookies (Dutch),https://www.tiktok.com/@jamieommel/video/7617923819323280672,7617923819323280672,11,chocolate,180.0,g,"milk, dark or mix",170–190 g chocolade chunks
Thick Soft Frosted Sugar Cookies,https://www.tiktok.com/@butternutbakery/video/7617950871824960782,7617950871824960782,1,unsalted butter,10.0,tbsp,room temperature,"10 tbsp unsalted butter, room temp"
Thick Soft Frosted Sugar Cookies,https://www.tiktok.com/@butternutbakery/video/7617950871824960782,7617950871824960782,2,granulated sugar,200.0,g,,1 cup (200g) sugar
Thick Soft Frosted Sugar Cookies,https://www.tiktok.com/@butternutbakery/video/7617950871824960782,7617950871824960782,3,vegetable oil,50.0,g,,1/4 cup (50g) oil
Thick Soft Frosted Sugar Cookies,https://www.tiktok.com/@butternutbakery/video/7617950871824960782,7617950871824960782,4,egg,1.0,,room temperature,1 large egg
Thick Soft Frosted Sugar Cookies,https://www.tiktok.com/@butternutbakery/video/7617950871824960782,7617950871824960782,5,egg yolk,1.0,,,1 egg yolk
Thick Soft Frosted Sugar Cookies,https://www.tiktok.com/@butternutbakery/video/7617950871824960782,7617950871824960782,6,vanilla extract,2.0,tsp,,2 tsp vanilla
Thick Soft Frosted Sugar Cookies,https://www.tiktok.com/@butternutbakery/video/7617950871824960782,7617950871824960782,7,cornstarch,2.0,tbsp,,2 tbsp cornstarch
Thick Soft Frosted Sugar Cookies,https://www.tiktok.com/@butternutbakery/video/7617950871824960782,7617950871824960782,8,baking soda,1.0,tsp,,1 tsp baking soda
Thick Soft Frosted Sugar Cookies,https://www.tiktok.com/@butternutbakery/video/7617950871824960782,7617950871824960782,9,salt,0.5,tsp,kosher,1/2 tsp kosher salt
Thick Soft Frosted Sugar Cookies,https://www.tiktok.com/@butternutbakery/video/7617950871824960782,7617950871824960782,10,all-purpose flour,320.0,g,,2 1/2 cups (320g) ap flour
Chewy Vanilla Sugar Cookies (double batch),https://www.tiktok.com/@typefoodie/video/7618952117767687454,7618952117767687454,1,unsalted butter,226.0,g,room temperature,16 tablespoons (226g) unsalted butter
Chewy Vanilla Sugar Cookies (double batch),https://www.tiktok.com/@typefoodie/video/7618952117767687454,7618952117767687454,2,granulated sugar,192.0,g,,1 cup (192g) granulated sugar
Chewy Vanilla Sugar Cookies (double batch),https://www.tiktok.com/@typefoodie/video/7618952117767687454,7618952117767687454,3,powdered sugar,120.0,g,,1 cup (120g) powdered sugar
Chewy Vanilla Sugar Cookies (double batch),https://www.tiktok.com/@typefoodie/video/7618952117767687454,7618952117767687454,4,egg,2.0,,room temperature,2 large eggs
Chewy Vanilla Sugar Cookies (double batch),https://www.tiktok.com/@typefoodie/video/7618952117767687454,7618952117767687454,5,vanilla extract,2.0,tsp,,2 teaspoons vanilla extract
Chewy Vanilla Sugar Cookies (double batch),https://www.tiktok.com/@typefoodie/video/7618952117767687454,7618952117767687454,6,vanilla bean paste,2.0,tsp,optional,2 teaspoons vanilla bean paste optional
Chewy Vanilla Sugar Cookies (double batch),https://www.tiktok.com/@typefoodie/video/7618952117767687454,7618952117767687454,7,all-purpose flour,360.0,g,,3 cups (360g) all purpose flour
Chewy Vanilla Sugar Cookies (double batch),https://www.tiktok.com/@typefoodie/video/7618952117767687454,7618952117767687454,8,baking soda,1.0,tsp,,1 teaspoon baking soda
Chewy Vanilla Sugar Cookies (double batch),https://www.tiktok.com/@typefoodie/video/7618952117767687454,7618952117767687454,9,baking powder,0.5,tsp,,1/2 teaspoon baking powder
Chewy Vanilla Sugar Cookies (double batch),https://www.tiktok.com/@typefoodie/video/7618952117767687454,7618952117767687454,10,salt,0.5,tsp,,1/2 teaspoon salt
Grandma's Sour Cream Sugar Cookies,https://www.tiktok.com/@fivefootfeminine/video/7621343869829008670,7621343869829008670,1,butter,1.0,cup,softened,1 Cup Soft Butter
Grandma's Sour Cream Sugar Cookies,https://www.tiktok.com/@fivefootfeminine/video/7621343869829008670,7621343869829008670,2,granulated sugar,1.5,cup,,1 1/2 Cups Sugar
Grandma's Sour Cream Sugar Cookies,https://www.tiktok.com/@fivefootfeminine/video/7621343869829008670,7621343869829008670,3,egg,2.0,,,2 Eggs
Grandma's Sour Cream Sugar Cookies,https://www.tiktok.com/@fivefootfeminine/video/7621343869829008670,7621343869829008670,4,sour cream,1.0,cup,,1 Cup Sour Cream
Grandma's Sour Cream Sugar Cookies,https://www.tiktok.com/@fivefootfeminine/video/7621343869829008670,7621343869829008670,5,vanilla extract,1.5,tsp,,1 1/2 TSP Vanilla
Grandma's Sour Cream Sugar Cookies,https://www.tiktok.com/@fivefootfeminine/video/7621343869829008670,7621343869829008670,6,all-purpose flour,4.5,cup,,4 1/2 Cups Flour
Grandma's Sour Cream Sugar Cookies,https://www.tiktok.com/@fivefootfeminine/video/7621343869829008670,7621343869829008670,7,salt,1.0,tsp,,1 TSP Salt
Grandma's Sour Cream Sugar Cookies,https://www.tiktok.com/@fivefootfeminine/video/7621343869829008670,7621343869829008670,8,baking soda,1.0,tsp,,1 TSP Baking Soda
Grandma's Sour Cream Sugar Cookies,https://www.tiktok.com/@fivefootfeminine/video/7621343869829008670,7621343869829008670,9,nutmeg,0.5,tsp,,1/2 TSP Nutmeg
Grandma's Sour Cream Sugar Cookies,https://www.tiktok.com/@fivefootfeminine/video/7621343869829008670,7621343869829008670,10,meringue powder,3.0,tbsp,icing,3 TBSP Meringue Powder
Grandma's Sour Cream Sugar Cookies,https://www.tiktok.com/@fivefootfeminine/video/7621343869829008670,7621343869829008670,11,water,0.5,cup,icing,1/2 cup Warm Water
Grandma's Sour Cream Sugar Cookies,https://www.tiktok.com/@fivefootfeminine/video/7621343869829008670,7621343869829008670,12,powdered sugar,4.0,cup,icing,4 Cups Powdered Sugar
Bakery Style Chocolate Chip Cookies,https://www.tiktok.com/@iramsfoodstory/video/7622047980031413518,7622047980031413518,1,unsalted butter,170.0,g,"cold, cubed","3/4 cup (170g) unsalted butter, cold and cubed"
Bakery Style Chocolate Chip Cookies,https://www.tiktok.com/@iramsfoodstory/video/7622047980031413518,7622047980031413518,2,dark brown sugar,150.0,g,,3/4 cup (150g) dark brown sugar
Bakery Style Chocolate Chip Cookies,https://www.tiktok.com/@iramsfoodstory/video/7622047980031413518,7622047980031413518,3,granulated sugar,65.0,g,,1/3 cup (65g) granulated sugar
Bakery Style Chocolate Chip Cookies,https://www.tiktok.com/@iramsfoodstory/video/7622047980031413518,7622047980031413518,4,egg,1.0,,,1 large egg
Bakery Style Chocolate Chip Cookies,https://www.tiktok.com/@iramsfoodstory/video/7622047980031413518,7622047980031413518,5,egg yolk,1.0,,,1 egg yolk
Bakery Style Chocolate Chip Cookies,https://www.tiktok.com/@iramsfoodstory/video/7622047980031413518,7622047980031413518,6,vanilla bean paste,2.0,tsp,,2 tsp vanilla bean paste
Bakery Style Chocolate Chip Cookies,https://www.tiktok.com/@iramsfoodstory/video/7622047980031413518,7622047980031413518,7,all-purpose flour,240.0,g,,2 cups (240g) all-purpose flour
Bakery Style Chocolate Chip Cookies,https://www.tiktok.com/@iramsfoodstory/video/7622047980031413518,7622047980031413518,8,cornstarch,1.0,tsp,,1 tsp cornstarch
Bakery Style Chocolate Chip Cookies,https://www.tiktok.com/@iramsfoodstory/video/7622047980031413518,7622047980031413518,9,espresso powder,1.0,tsp,,1 tsp espresso powder
Bakery Style Chocolate Chip Cookies,https://www.tiktok.com/@iramsfoodstory/video/7622047980031413518,7622047980031413518,10,baking soda,0.5,tsp,,1/2 tsp baking soda
Bakery Style Chocolate Chip Cookies,https://www.tiktok.com/@iramsfoodstory/video/7622047980031413518,7622047980031413518,11,milk powder,1.0,tbsp,,1 tbsp milk powder
Bakery Style Chocolate Chip Cookies,https://www.tiktok.com/@iramsfoodstory/video/7622047980031413518,7622047980031413518,12,baking powder,0.25,tsp,,1/4 tsp baking powder
Bakery Style Chocolate Chip Cookies,https://www.tiktok.com/@iramsfoodstory/video/7622047980031413518,7622047980031413518,13,salt,0.75,tsp,,3/4 tsp salt
Bakery Style Chocolate Chip Cookies,https://www.tiktok.com/@iramsfoodstory/video/7622047980031413518,7622047980031413518,14,semi-sweet chocolate chips,1.0,cup,,1 cup semi sweet chocolate chips
Bakery Style Chocolate Chip Cookies,https://www.tiktok.com/@iramsfoodstory/video/7622047980031413518,7622047980031413518,15,milk chocolate chips,0.75,cup,,3/4 milk chocolate chips
Bakery Style Chocolate Chip Cookies,https://www.tiktok.com/@iramsfoodstory/video/7622047980031413518,7622047980031413518,16,flaky sea salt,,,topping,flaky sea salt
Stuffed Chocolate Chip Cookies,https://www.tiktok.com/@ayma_ya4/video/7625689181435596039,7625689181435596039,1,brown sugar,100.0,g,,نصف كوب سكر بني ١٠٠ جرام
Stuffed Chocolate Chip Cookies,https://www.tiktok.com/@ayma_ya4/video/7625689181435596039,7625689181435596039,2,butter,100.0,g,,زبدة ١٠٠ غرام
Stuffed Chocolate Chip Cookies,https://www.tiktok.com/@ayma_ya4/video/7625689181435596039,7625689181435596039,3,egg,1.0,,,بيضه
Stuffed Chocolate Chip Cookies,https://www.tiktok.com/@ayma_ya4/video/7625689181435596039,7625689181435596039,4,vanilla extract,1.0,tsp,,ملعقة صغيرة فانيلا
Stuffed Chocolate Chip Cookies,https://www.tiktok.com/@ayma_ya4/video/7625689181435596039,7625689181435596039,5,all-purpose flour,185.0,g,,كوب وربع دقيق ١٨٥ جرام
Stuffed Chocolate Chip Cookies,https://www.tiktok.com/@ayma_ya4/video/7625689181435596039,7625689181435596039,6,salt,,pinch,,رشه ملح
Stuffed Chocolate Chip Cookies,https://www.tiktok.com/@ayma_ya4/video/7625689181435596039,7625689181435596039,7,baking soda,1.0,tsp,,م صغيرة بيكربونات الصودا
Stuffed Chocolate Chip Cookies,https://www.tiktok.com/@ayma_ya4/video/7625689181435596039,7625689181435596039,8,baking powder,1.0,tsp,,م صغيرة باكينج باودر
Stuffed Chocolate Chip Cookies,https://www.tiktok.com/@ayma_ya4/video/7625689181435596039,7625689181435596039,9,cornstarch,1.0,tsp,,م صغيرة نشا
Stuffed Chocolate Chip Cookies,https://www.tiktok.com/@ayma_ya4/video/7625689181435596039,7625689181435596039,10,chocolate chips,1.0,cup,,كوب هيرشي حبيبات
Stuffed Chocolate Chip Cookies,https://www.tiktok.com/@ayma_ya4/video/7625689181435596039,7625689181435596039,11,chocolate,20.0,g,"stuffing, per cookie",شوكولاتة ٢٠ جرام لكل حبة
Biscoff White Chocolate Cookies,https://www.tiktok.com/@bakeswithmarlene/video/7631901432492379425,7631901432492379425,1,butter,85.0,g,softened,"85 g butter, softened"
Biscoff White Chocolate Cookies,https://www.tiktok.com/@bakeswithmarlene/video/7631901432492379425,7631901432492379425,2,granulated sugar,75.0,g,,75 g granulated sugar
Biscoff White Chocolate Cookies,https://www.tiktok.com/@bakeswithmarlene/video/7631901432492379425,7631901432492379425,3,brown sugar,75.0,g,,75 g brown sugar
Biscoff White Chocolate Cookies,https://www.tiktok.com/@bakeswithmarlene/video/7631901432492379425,7631901432492379425,4,egg,1.0,,,1 egg
Biscoff White Chocolate Cookies,https://www.tiktok.com/@bakeswithmarlene/video/7631901432492379425,7631901432492379425,5,vanilla extract,0.5,tsp,,½ tsp vanilla extract
Biscoff White Chocolate Cookies,https://www.tiktok.com/@bakeswithmarlene/video/7631901432492379425,7631901432492379425,6,all-purpose flour,180.0,g,,180 g all-purpose flour
Biscoff White Chocolate Cookies,https://www.tiktok.com/@bakeswithmarlene/video/7631901432492379425,7631901432492379425,7,baking powder,0.5,tsp,,½ tsp baking powder
Biscoff White Chocolate Cookies,https://www.tiktok.com/@bakeswithmarlene/video/7631901432492379425,7631901432492379425,8,salt,0.5,tsp,,½ tsp salt
Biscoff White Chocolate Cookies,https://www.tiktok.com/@bakeswithmarlene/video/7631901432492379425,7631901432492379425,9,white chocolate,100.0,g,plus extra for topping,100 g white chocolate
Biscoff White Chocolate Cookies,https://www.tiktok.com/@bakeswithmarlene/video/7631901432492379425,7631901432492379425,10,lotus biscoff biscuits,50.0,g,plus extra for topping,50 g Biscoff Cookies
Biscoff White Chocolate Cookies,https://www.tiktok.com/@bakeswithmarlene/video/7631901432492379425,7631901432492379425,11,speculoos spread,,,drizzle,melted biscoff spread
Homemade Chewy Sugar Cookies,https://www.tiktok.com/@zeetheintrovert/video/7633121685222280462,7633121685222280462,1,unsalted butter,1.0,cup,melted,"1 cup unsalted butter, melted and cooled"
Homemade Chewy Sugar Cookies,https://www.tiktok.com/@zeetheintrovert/video/7633121685222280462,7633121685222280462,2,granulated sugar,1.667,cup,plus extra for rolling,1 2/3 cups white granulated sugar
Homemade Chewy Sugar Cookies,https://www.tiktok.com/@zeetheintrovert/video/7633121685222280462,7633121685222280462,3,egg,1.0,,room temperature,1 large egg
Homemade Chewy Sugar Cookies,https://www.tiktok.com/@zeetheintrovert/video/7633121685222280462,7633121685222280462,4,egg yolk,1.0,,,1 large egg yolk
Homemade Chewy Sugar Cookies,https://www.tiktok.com/@zeetheintrovert/video/7633121685222280462,7633121685222280462,5,vanilla extract,1.5,tsp,,1 1/2 tsp vanilla extract
Homemade Chewy Sugar Cookies,https://www.tiktok.com/@zeetheintrovert/video/7633121685222280462,7633121685222280462,6,all-purpose flour,2.5,cup,,2 1/2 cups all-purpose flour
Homemade Chewy Sugar Cookies,https://www.tiktok.com/@zeetheintrovert/video/7633121685222280462,7633121685222280462,7,baking soda,1.0,tsp,,1 tsp baking soda
Homemade Chewy Sugar Cookies,https://www.tiktok.com/@zeetheintrovert/video/7633121685222280462,7633121685222280462,8,baking powder,0.5,tsp,,1/2 tsp baking powder
Homemade Chewy Sugar Cookies,https://www.tiktok.com/@zeetheintrovert/video/7633121685222280462,7633121685222280462,9,salt,0.25,tsp,,1/4 tsp salt
Salted Maple Peanut Butter Oat Cookies,https://www.tiktok.com/@yogurtbowllover24/video/7635358404017409302,7635358404017409302,1,rolled oats,180.0,g,"3 tbsp whole, rest blended",180g oats TOTAL (most blended into flour)
Salted Maple Peanut Butter Oat Cookies,https://www.tiktok.com/@yogurtbowllover24/video/7635358404017409302,7635358404017409302,2,salt,,pinch,,Pinch of salt
Salted Maple Peanut Butter Oat Cookies,https://www.tiktok.com/@yogurtbowllover24/video/7635358404017409302,7635358404017409302,3,baking powder,0.5,tsp,,1/2 tsp baking powder
Salted Maple Peanut Butter Oat Cookies,https://www.tiktok.com/@yogurtbowllover24/video/7635358404017409302,7635358404017409302,4,maple syrup,115.0,g,,115g maple syrup
Salted Maple Peanut Butter Oat Cookies,https://www.tiktok.com/@yogurtbowllover24/video/7635358404017409302,7635358404017409302,5,egg,1.0,,,1 small egg
Salted Maple Peanut Butter Oat Cookies,https://www.tiktok.com/@yogurtbowllover24/video/7635358404017409302,7635358404017409302,6,peanut butter,1.0,tbsp,,1 heaped tbsp of peanut butter
Salted Maple Peanut Butter Oat Cookies,https://www.tiktok.com/@yogurtbowllover24/video/7635358404017409302,7635358404017409302,7,olive oil,45.0,g,,45g olive oil
Salted Maple Peanut Butter Oat Cookies,https://www.tiktok.com/@yogurtbowllover24/video/7635358404017409302,7635358404017409302,8,flaky sea salt,,,topping,Flaky salt to top
Brown Butter NYC Cookies,https://www.tiktok.com/@janespatisserie/video/7637046664896793878,7637046664896793878,1,unsalted butter,175.0,g,browned to 125g,175g unsalted butter (125g browned)
Brown Butter NYC Cookies,https://www.tiktok.com/@janespatisserie/video/7637046664896793878,7637046664896793878,2,light brown sugar,175.0,g,,175g light brown sugar
Brown Butter NYC Cookies,https://www.tiktok.com/@janespatisserie/video/7637046664896793878,7637046664896793878,3,egg,1.0,,,1 egg
Brown Butter NYC Cookies,https://www.tiktok.com/@janespatisserie/video/7637046664896793878,7637046664896793878,4,vanilla extract,1.0,tsp,optional,1 tsp vanilla (optional!)
Brown Butter NYC Cookies,https://www.tiktok.com/@janespatisserie/video/7637046664896793878,7637046664896793878,5,all-purpose flour,275.0,g,,275g plain flour
Brown Butter NYC Cookies,https://www.tiktok.com/@janespatisserie/video/7637046664896793878,7637046664896793878,6,cornstarch,1.0,tbsp,,1tbsp cornflour
Brown Butter NYC Cookies,https://www.tiktok.com/@janespatisserie/video/7637046664896793878,7637046664896793878,7,baking powder,1.5,tsp,,1 + 1/2 tsp baking powder
Brown Butter NYC Cookies,https://www.tiktok.com/@janespatisserie/video/7637046664896793878,7637046664896793878,8,baking soda,0.5,tsp,,1/2 tsp bicarbonate of soda
Brown Butter NYC Cookies,https://www.tiktok.com/@janespatisserie/video/7637046664896793878,7637046664896793878,9,salt,0.5,tsp,,1/2 tsp sea salt
Brown Butter NYC Cookies,https://www.tiktok.com/@janespatisserie/video/7637046664896793878,7637046664896793878,10,chocolate,300.0,g,chopped bars,300g chocolate
Bakery Style Oreo Stuffed Cookies,https://www.tiktok.com/@sugarspiceddreams/video/7640904292815080718,7640904292815080718,1,salted butter,170.0,g,softened,"¾ cup salted butter, softened (170 g)"
Bakery Style Oreo Stuffed Cookies,https://www.tiktok.com/@sugarspiceddreams/video/7640904292815080718,7640904292815080718,2,brown sugar,150.0,g,,¾ cup packed brown sugar (150 g)
Bakery Style Oreo Stuffed Cookies,https://www.tiktok.com/@sugarspiceddreams/video/7640904292815080718,7640904292815080718,3,granulated sugar,50.0,g,,¼ cup granulated sugar (50 g)
Bakery Style Oreo Stuffed Cookies,https://www.tiktok.com/@sugarspiceddreams/video/7640904292815080718,7640904292815080718,4,egg,1.0,,,1 large egg
Bakery Style Oreo Stuffed Cookies,https://www.tiktok.com/@sugarspiceddreams/video/7640904292815080718,7640904292815080718,5,vanilla extract,1.0,tsp,,1 tsp vanilla
Bakery Style Oreo Stuffed Cookies,https://www.tiktok.com/@sugarspiceddreams/video/7640904292815080718,7640904292815080718,6,all-purpose flour,240.0,g,,2 cups all-purpose flour (240 g)
Bakery Style Oreo Stuffed Cookies,https://www.tiktok.com/@sugarspiceddreams/video/7640904292815080718,7640904292815080718,7,cornstarch,8.0,g,,1 tbsp cornstarch (8 g)
Bakery Style Oreo Stuffed Cookies,https://www.tiktok.com/@sugarspiceddreams/video/7640904292815080718,7640904292815080718,8,baking soda,0.5,tsp,,½ tsp baking soda
Bakery Style Oreo Stuffed Cookies,https://www.tiktok.com/@sugarspiceddreams/video/7640904292815080718,7640904292815080718,9,salt,0.25,tsp,,¼ tsp salt
Bakery Style Oreo Stuffed Cookies,https://www.tiktok.com/@sugarspiceddreams/video/7640904292815080718,7640904292815080718,10,oreo cookies,,,whole and chopped,oreos
Bakery Style Oreo Stuffed Cookies,https://www.tiktok.com/@sugarspiceddreams/video/7640904292815080718,7640904292815080718,11,white chocolate,,,,white chocolate
Bakery Style Oreo Stuffed Cookies,https://www.tiktok.com/@sugarspiceddreams/video/7640904292815080718,7640904292815080718,12,cookies and cream chocolate,,,,cookie and cream chocolate
High-Protein Low-Calorie Choc Chip Cookies,https://www.tiktok.com/@roadtoaesthetics/video/7645859740202831125,7645859740202831125,1,all-purpose flour,100.0,g,,"Plain Flour, 100g"
High-Protein Low-Calorie Choc Chip Cookies,https://www.tiktok.com/@roadtoaesthetics/video/7645859740202831125,7645859740202831125,2,peanut butter powder,40.0,g,,"PB2 Powder, 40g"
High-Protein Low-Calorie Choc Chip Cookies,https://www.tiktok.com/@roadtoaesthetics/video/7645859740202831125,7645859740202831125,3,protein powder,80.0,g,whey/casein blend,"Vanilla Protein Powder, 80g"
High-Protein Low-Calorie Choc Chip Cookies,https://www.tiktok.com/@roadtoaesthetics/video/7645859740202831125,7645859740202831125,4,sweetener,80.0,g,,"Granulated Sweetener, 80g"
High-Protein Low-Calorie Choc Chip Cookies,https://www.tiktok.com/@roadtoaesthetics/video/7645859740202831125,7645859740202831125,5,cornstarch,10.0,g,,"Corn Starch, 10g"
High-Protein Low-Calorie Choc Chip Cookies,https://www.tiktok.com/@roadtoaesthetics/video/7645859740202831125,7645859740202831125,6,baking powder,0.5,tsp,,"Baking Powder, 1/2 tsp"
High-Protein Low-Calorie Choc Chip Cookies,https://www.tiktok.com/@roadtoaesthetics/video/7645859740202831125,7645859740202831125,7,baking soda,0.25,tsp,,"Baking Soda, 1/4 tsp"
High-Protein Low-Calorie Choc Chip Cookies,https://www.tiktok.com/@roadtoaesthetics/video/7645859740202831125,7645859740202831125,8,espresso powder,0.5,tsp,,"Instant Coffee, 1/2 tsp"
High-Protein Low-Calorie Choc Chip Cookies,https://www.tiktok.com/@roadtoaesthetics/video/7645859740202831125,7645859740202831125,9,salt,,pinch,,"Salt, pinch"
High-Protein Low-Calorie Choc Chip Cookies,https://www.tiktok.com/@roadtoaesthetics/video/7645859740202831125,7645859740202831125,10,light butter,40.0,g,,"Light Butter, 40g"
High-Protein Low-Calorie Choc Chip Cookies,https://www.tiktok.com/@roadtoaesthetics/video/7645859740202831125,7645859740202831125,11,brown sugar substitute,60.0,g,,"Brown Sugar Replacement, 60g"
High-Protein Low-Calorie Choc Chip Cookies,https://www.tiktok.com/@roadtoaesthetics/video/7645859740202831125,7645859740202831125,12,applesauce,135.0,g,,"Unsweetened Applesauce, 135g"
High-Protein Low-Calorie Choc Chip Cookies,https://www.tiktok.com/@roadtoaesthetics/video/7645859740202831125,7645859740202831125,13,egg white,200.0,ml,,"Egg Whites, 200ml"
High-Protein Low-Calorie Choc Chip Cookies,https://www.tiktok.com/@roadtoaesthetics/video/7645859740202831125,7645859740202831125,14,vanilla extract,1.0,tbsp,,"Vanilla Extract, 1 tbsp"
High-Protein Low-Calorie Choc Chip Cookies,https://www.tiktok.com/@roadtoaesthetics/video/7645859740202831125,7645859740202831125,15,dark chocolate chips,80.0,g,sugar-free,"Sugar Free Dark Chocolate Chips, 80g"
Thick Bakery Style Chocolate Chip Cookies,https://www.tiktok.com/@bakedbyyu/video/7646782402441809172,7646782402441809172,1,unsalted butter,170.0,g,"cold, cubed","170g unsalted butter, cold and cubed"
Thick Bakery Style Chocolate Chip Cookies,https://www.tiktok.com/@bakedbyyu/video/7646782402441809172,7646782402441809172,2,brown sugar,150.0,g,,150g brown sugar
Thick Bakery Style Chocolate Chip Cookies,https://www.tiktok.com/@bakedbyyu/video/7646782402441809172,7646782402441809172,3,granulated sugar,70.0,g,,70g granulated sugar
Thick Bakery Style Chocolate Chip Cookies,https://www.tiktok.com/@bakedbyyu/video/7646782402441809172,7646782402441809172,4,egg,1.0,,,1 egg
Thick Bakery Style Chocolate Chip Cookies,https://www.tiktok.com/@bakedbyyu/video/7646782402441809172,7646782402441809172,5,egg yolk,1.0,,,1 egg yolk
Thick Bakery Style Chocolate Chip Cookies,https://www.tiktok.com/@bakedbyyu/video/7646782402441809172,7646782402441809172,6,vanilla extract,2.0,tsp,,2 tsp vanilla
Thick Bakery Style Chocolate Chip Cookies,https://www.tiktok.com/@bakedbyyu/video/7646782402441809172,7646782402441809172,7,all-purpose flour,300.0,g,,300g all purpose flour
Thick Bakery Style Chocolate Chip Cookies,https://www.tiktok.com/@bakedbyyu/video/7646782402441809172,7646782402441809172,8,cornstarch,1.0,tbsp,,1 tbsp cornstarch
Thick Bakery Style Chocolate Chip Cookies,https://www.tiktok.com/@bakedbyyu/video/7646782402441809172,7646782402441809172,9,baking soda,0.5,tsp,,1/2 tsp baking soda
Thick Bakery Style Chocolate Chip Cookies,https://www.tiktok.com/@bakedbyyu/video/7646782402441809172,7646782402441809172,10,baking powder,0.25,tsp,,1/4 tsp baking powder
Thick Bakery Style Chocolate Chip Cookies,https://www.tiktok.com/@bakedbyyu/video/7646782402441809172,7646782402441809172,11,salt,0.75,tsp,,3/4 tsp salt
Thick Bakery Style Chocolate Chip Cookies,https://www.tiktok.com/@bakedbyyu/video/7646782402441809172,7646782402441809172,12,chocolate chips,250.0,g,,250g chocolate chips
Thick Bakery Style Chocolate Chip Cookies,https://www.tiktok.com/@bakedbyyu/video/7646782402441809172,7646782402441809172,13,flaky sea salt,,,optional topping,Flakey sea salt (optional)
Simple Chocolate Chip Cookies (1 of 9 in post),https://www.tiktok.com/@firsttrycook/video/7649544283757792543,7649544283757792543,1,all-purpose flour,1.0,cup,,1 cup flour
Simple Chocolate Chip Cookies (1 of 9 in post),https://www.tiktok.com/@firsttrycook/video/7649544283757792543,7649544283757792543,2,butter,0.5,cup,,1/2 cup butter
Simple Chocolate Chip Cookies (1 of 9 in post),https://www.tiktok.com/@firsttrycook/video/7649544283757792543,7649544283757792543,3,brown sugar,0.5,cup,,1/2 cup brown sugar
Simple Chocolate Chip Cookies (1 of 9 in post),https://www.tiktok.com/@firsttrycook/video/7649544283757792543,7649544283757792543,4,egg,1.0,,,1 egg
Simple Chocolate Chip Cookies (1 of 9 in post),https://www.tiktok.com/@firsttrycook/video/7649544283757792543,7649544283757792543,5,vanilla extract,1.0,tsp,,1 tsp vanilla extract
Simple Chocolate Chip Cookies (1 of 9 in post),https://www.tiktok.com/@firsttrycook/video/7649544283757792543,7649544283757792543,6,baking soda,0.5,tsp,,1/2 tsp baking soda
Simple Chocolate Chip Cookies (1 of 9 in post),https://www.tiktok.com/@firsttrycook/video/7649544283757792543,7649544283757792543,7,chocolate chips,1.0,cup,,1 cup chocolate chips
Birthday Cake Cookies with Cream Cheese Frosting,https://www.tiktok.com/@keukenprinses/video/7654600517938695446,7654600517938695446,1,butter,115.0,g,softened,115 gr zachte roomboter
Birthday Cake Cookies with Cream Cheese Frosting,https://www.tiktok.com/@keukenprinses/video/7654600517938695446,7654600517938695446,2,granulated sugar,100.0,g,,100 gr kristalsuiker
Birthday Cake Cookies with Cream Cheese Frosting,https://www.tiktok.com/@keukenprinses/video/7654600517938695446,7654600517938695446,3,light brown sugar,80.0,g,,80 gr lichte bastardsuiker
Birthday Cake Cookies with Cream Cheese Frosting,https://www.tiktok.com/@keukenprinses/video/7654600517938695446,7654600517938695446,4,egg,1.0,,,1 ei
Birthday Cake Cookies with Cream Cheese Frosting,https://www.tiktok.com/@keukenprinses/video/7654600517938695446,7654600517938695446,5,vanilla extract,2.0,tsp,,2 tl vanille extract
Birthday Cake Cookies with Cream Cheese Frosting,https://www.tiktok.com/@keukenprinses/video/7654600517938695446,7654600517938695446,6,almond extract,0.5,tsp,,halve tl amandel extract
Birthday Cake Cookies with Cream Cheese Frosting,https://www.tiktok.com/@keukenprinses/video/7654600517938695446,7654600517938695446,7,all-purpose flour,190.0,g,,190gr bloem
Birthday Cake Cookies with Cream Cheese Frosting,https://www.tiktok.com/@keukenprinses/video/7654600517938695446,7654600517938695446,8,cornstarch,15.0,g,,15 gr maizena
Birthday Cake Cookies with Cream Cheese Frosting,https://www.tiktok.com/@keukenprinses/video/7654600517938695446,7654600517938695446,9,baking soda,0.5,tsp,,halve theelepel baking soda
Birthday Cake Cookies with Cream Cheese Frosting,https://www.tiktok.com/@keukenprinses/video/7654600517938695446,7654600517938695446,10,salt,0.5,tsp,,halve theelepel zout
Birthday Cake Cookies with Cream Cheese Frosting,https://www.tiktok.com/@keukenprinses/video/7654600517938695446,7654600517938695446,11,sprinkles,,,,rainbow sprinkles
Birthday Cake Cookies with Cream Cheese Frosting,https://www.tiktok.com/@keukenprinses/video/7654600517938695446,7654600517938695446,12,cream cheese,100.0,g,frosting,100 gr philadelphia
Birthday Cake Cookies with Cream Cheese Frosting,https://www.tiktok.com/@keukenprinses/video/7654600517938695446,7654600517938695446,13,butter,40.0,g,frosting,40 gr boter
Birthday Cake Cookies with Cream Cheese Frosting,https://www.tiktok.com/@keukenprinses/video/7654600517938695446,7654600517938695446,14,powdered sugar,75.0,g,frosting,75 gr poedersuiker
Birthday Cake Cookies with Cream Cheese Frosting,https://www.tiktok.com/@keukenprinses/video/7654600517938695446,7654600517938695446,15,vanilla extract,1.0,tsp,frosting,1 tl vanille
Birthday Cake Cookies with Cream Cheese Frosting,https://www.tiktok.com/@keukenprinses/video/7654600517938695446,7654600517938695446,16,salt,,pinch,frosting,snufje zout
Bakery-Style Brown Butter Chocolate Chip Cookies (repost),https://www.tiktok.com/@thelifestyleofafoodie/video/7655366795385244942,7655366795385244942,1,unsalted butter,1.0,cup,"browned, solidified",1 cup unsalted butter
Bakery-Style Brown Butter Chocolate Chip Cookies (repost),https://www.tiktok.com/@thelifestyleofafoodie/video/7655366795385244942,7655366795385244942,2,brown sugar,1.0,cup,,1 cup packed brown sugar
Bakery-Style Brown Butter Chocolate Chip Cookies (repost),https://www.tiktok.com/@thelifestyleofafoodie/video/7655366795385244942,7655366795385244942,3,granulated sugar,0.5,cup,,1/2 cup granulated sugar
Bakery-Style Brown Butter Chocolate Chip Cookies (repost),https://www.tiktok.com/@thelifestyleofafoodie/video/7655366795385244942,7655366795385244942,4,egg,1.0,,,1 large egg
Bakery-Style Brown Butter Chocolate Chip Cookies (repost),https://www.tiktok.com/@thelifestyleofafoodie/video/7655366795385244942,7655366795385244942,5,egg yolk,2.0,,,2 egg yolks
Bakery-Style Brown Butter Chocolate Chip Cookies (repost),https://www.tiktok.com/@thelifestyleofafoodie/video/7655366795385244942,7655366795385244942,6,vanilla extract,2.0,tsp,,2 tsp vanilla extract
Bakery-Style Brown Butter Chocolate Chip Cookies (repost),https://www.tiktok.com/@thelifestyleofafoodie/video/7655366795385244942,7655366795385244942,7,all-purpose flour,2.25,cup,,2 1/4 cups all-purpose flour
Bakery-Style Brown Butter Chocolate Chip Cookies (repost),https://www.tiktok.com/@thelifestyleofafoodie/video/7655366795385244942,7655366795385244942,8,baking soda,1.0,tsp,,1 tsp baking soda
Bakery-Style Brown Butter Chocolate Chip Cookies (repost),https://www.tiktok.com/@thelifestyleofafoodie/video/7655366795385244942,7655366795385244942,9,salt,1.0,tsp,,1 tsp salt
Bakery-Style Brown Butter Chocolate Chip Cookies (repost),https://www.tiktok.com/@thelifestyleofafoodie/video/7655366795385244942,7655366795385244942,10,semi-sweet chocolate chips,1.5,cup,,1 1/2 cups semi-sweet or dark chocolate chips
Brown Butter Brookies (bar),https://www.tiktok.com/@recipeincaption/video/7657739069706800391,7657739069706800391,1,brown sugar,1.0,cup,cookie dough,1 cup brown sugar
Brown Butter Brookies (bar),https://www.tiktok.com/@recipeincaption/video/7657739069706800391,7657739069706800391,2,granulated sugar,0.5,cup,cookie dough,1/2 cup white sugar
Brown Butter Brookies (bar),https://www.tiktok.com/@recipeincaption/video/7657739069706800391,7657739069706800391,3,unsalted butter,1.0,cup,"browned, cookie dough",1 cup unsalted browned butter
Brown Butter Brookies (bar),https://www.tiktok.com/@recipeincaption/video/7657739069706800391,7657739069706800391,4,egg,2.0,,cookie dough,2 large eggs
Brown Butter Brookies (bar),https://www.tiktok.com/@recipeincaption/video/7657739069706800391,7657739069706800391,5,vanilla bean paste,2.0,tsp,cookie dough,2 tsp vanilla bean paste
Brown Butter Brookies (bar),https://www.tiktok.com/@recipeincaption/video/7657739069706800391,7657739069706800391,6,all-purpose flour,2.0,cup,cookie dough,2 cups all-purpose flour
Brown Butter Brookies (bar),https://www.tiktok.com/@recipeincaption/video/7657739069706800391,7657739069706800391,7,baking soda,0.75,tsp,cookie dough,3/4 tsp baking soda
Brown Butter Brookies (bar),https://www.tiktok.com/@recipeincaption/video/7657739069706800391,7657739069706800391,8,baking powder,0.25,tsp,cookie dough,1/4 tsp baking powder
Brown Butter Brookies (bar),https://www.tiktok.com/@recipeincaption/video/7657739069706800391,7657739069706800391,9,salt,0.25,tsp,cookie dough,1/4 tsp salt
Brown Butter Brookies (bar),https://www.tiktok.com/@recipeincaption/video/7657739069706800391,7657739069706800391,10,semi-sweet chocolate chips,2.0,cup,cookie dough,2 cups semi-sweet chocolate
Brown Butter Brookies (bar),https://www.tiktok.com/@recipeincaption/video/7657739069706800391,7657739069706800391,11,salted butter,0.5,cup,brownie,"1/2 cup salted butter, melted"
Brown Butter Brookies (bar),https://www.tiktok.com/@recipeincaption/video/7657739069706800391,7657739069706800391,12,olive oil,2.0,tbsp,brownie,2 tbsp olive oil
Brown Butter Brookies (bar),https://www.tiktok.com/@recipeincaption/video/7657739069706800391,7657739069706800391,13,egg,2.0,,brownie,2 eggs
Brown Butter Brookies (bar),https://www.tiktok.com/@recipeincaption/video/7657739069706800391,7657739069706800391,14,all-purpose flour,0.75,cup,brownie,3/4 cup flour
Brown Butter Brookies (bar),https://www.tiktok.com/@recipeincaption/video/7657739069706800391,7657739069706800391,15,brown sugar,0.5,cup,brownie,1/2 cup brown sugar
Brown Butter Brookies (bar),https://www.tiktok.com/@recipeincaption/video/7657739069706800391,7657739069706800391,16,granulated sugar,0.25,cup,brownie,1/4 cup white sugar
Brown Butter Brookies (bar),https://www.tiktok.com/@recipeincaption/video/7657739069706800391,7657739069706800391,17,vanilla extract,1.0,tsp,brownie,1 tsp vanilla
Brown Butter Brookies (bar),https://www.tiktok.com/@recipeincaption/video/7657739069706800391,7657739069706800391,18,chocolate chips,1.0,cup,"brownie, melted",1 cup chocolate chips (melted)
Brown Butter Brookies (bar),https://www.tiktok.com/@recipeincaption/video/7657739069706800391,7657739069706800391,19,cocoa powder,0.25,cup,brownie,1/4 cup cocoa powder
Brown Butter Brookies (bar),https://www.tiktok.com/@recipeincaption/video/7657739069706800391,7657739069706800391,20,semi-sweet chocolate,3.0,oz,topping,3 oz semi-sweet chocolate chunks
Small-Batch Thin Brown Butter Chocolate Chip Cookies,https://www.tiktok.com/@sowmthingsweet/video/7660897986712587551,7660897986712587551,1,unsalted butter,54.0,g,browned,¼ cup + ½ tbsp unsalted butter (54g after browning)
Small-Batch Thin Brown Butter Chocolate Chip Cookies,https://www.tiktok.com/@sowmthingsweet/video/7660897986712587551,7660897986712587551,2,brown sugar,38.0,g,,3 tbsp brown sugar (38g)
Small-Batch Thin Brown Butter Chocolate Chip Cookies,https://www.tiktok.com/@sowmthingsweet/video/7660897986712587551,7660897986712587551,3,granulated sugar,37.0,g,,3 tbsp granulated white sugar (37g)
Small-Batch Thin Brown Butter Chocolate Chip Cookies,https://www.tiktok.com/@sowmthingsweet/video/7660897986712587551,7660897986712587551,4,egg yolk,1.0,,,1 egg yolk
Small-Batch Thin Brown Butter Chocolate Chip Cookies,https://www.tiktok.com/@sowmthingsweet/video/7660897986712587551,7660897986712587551,5,milk,2.0,tsp,,2 tsp milk (10g)
Small-Batch Thin Brown Butter Chocolate Chip Cookies,https://www.tiktok.com/@sowmthingsweet/video/7660897986712587551,7660897986712587551,6,vanilla extract,,splash,,splash of vanilla extract
Small-Batch Thin Brown Butter Chocolate Chip Cookies,https://www.tiktok.com/@sowmthingsweet/video/7660897986712587551,7660897986712587551,7,all-purpose flour,56.0,g,,1/2 cup flour (56g)
Small-Batch Thin Brown Butter Chocolate Chip Cookies,https://www.tiktok.com/@sowmthingsweet/video/7660897986712587551,7660897986712587551,8,espresso powder,0.5,tsp,,1/2 tsp espresso powder
Small-Batch Thin Brown Butter Chocolate Chip Cookies,https://www.tiktok.com/@sowmthingsweet/video/7660897986712587551,7660897986712587551,9,baking soda,0.25,tsp,,¼ tsp baking soda
Small-Batch Thin Brown Butter Chocolate Chip Cookies,https://www.tiktok.com/@sowmthingsweet/video/7660897986712587551,7660897986712587551,10,baking powder,0.25,tsp,,¼ tsp baking powder
Small-Batch Thin Brown Butter Chocolate Chip Cookies,https://www.tiktok.com/@sowmthingsweet/video/7660897986712587551,7660897986712587551,11,salt,,pinch,,pinch of salt
Small-Batch Thin Brown Butter Chocolate Chip Cookies,https://www.tiktok.com/@sowmthingsweet/video/7660897986712587551,7660897986712587551,12,chocolate,60.0,g,chopped,heaping 1/3 cup chopped chocolate (~60g)
Small-Batch Thin Brown Butter Chocolate Chip Cookies,https://www.tiktok.com/@sowmthingsweet/video/7660897986712587551,7660897986712587551,13,flaky sea salt,,,topping,Flaky sea salt
Brown Butter Bakery-Style Mini M&M Cookies,https://www.tiktok.com/@katiesbakies/video/7665917262414597406,7665917262414597406,1,salted butter,227.0,g,browned,227g (1 cup) salted butter
Brown Butter Bakery-Style Mini M&M Cookies,https://www.tiktok.com/@katiesbakies/video/7665917262414597406,7665917262414597406,2,light brown sugar,220.0,g,,220g (1 cup packed) light brown sugar
Brown Butter Bakery-Style Mini M&M Cookies,https://www.tiktok.com/@katiesbakies/video/7665917262414597406,7665917262414597406,3,granulated sugar,100.0,g,,100g (½ cup) granulated sugar
Brown Butter Bakery-Style Mini M&M Cookies,https://www.tiktok.com/@katiesbakies/video/7665917262414597406,7665917262414597406,4,egg,1.0,,room temperature,1 large egg
Brown Butter Bakery-Style Mini M&M Cookies,https://www.tiktok.com/@katiesbakies/video/7665917262414597406,7665917262414597406,5,egg yolk,2.0,,room temperature,2 large egg yolk
Brown Butter Bakery-Style Mini M&M Cookies,https://www.tiktok.com/@katiesbakies/video/7665917262414597406,7665917262414597406,6,vanilla extract,2.0,tsp,,2 teaspoons vanilla extract
Brown Butter Bakery-Style Mini M&M Cookies,https://www.tiktok.com/@katiesbakies/video/7665917262414597406,7665917262414597406,7,milk,45.0,g,,45g whole milk
Brown Butter Bakery-Style Mini M&M Cookies,https://www.tiktok.com/@katiesbakies/video/7665917262414597406,7665917262414597406,8,all-purpose flour,360.0,g,,360g (3 cups) all-purpose flour
Brown Butter Bakery-Style Mini M&M Cookies,https://www.tiktok.com/@katiesbakies/video/7665917262414597406,7665917262414597406,9,cornstarch,15.0,g,,15g (2 tablespoons) cornstarch
Brown Butter Bakery-Style Mini M&M Cookies,https://www.tiktok.com/@katiesbakies/video/7665917262414597406,7665917262414597406,10,milk powder,10.0,g,optional,10g (2 tablespoons) nonfat dry milk powder
Brown Butter Bakery-Style Mini M&M Cookies,https://www.tiktok.com/@katiesbakies/video/7665917262414597406,7665917262414597406,11,baking powder,1.0,tsp,,1 teaspoon baking powder
Brown Butter Bakery-Style Mini M&M Cookies,https://www.tiktok.com/@katiesbakies/video/7665917262414597406,7665917262414597406,12,baking soda,0.75,tsp,,¾ teaspoon baking soda
Brown Butter Bakery-Style Mini M&M Cookies,https://www.tiktok.com/@katiesbakies/video/7665917262414597406,7665917262414597406,13,salt,0.5,tsp,,½ teaspoon fine sea salt
Brown Butter Bakery-Style Mini M&M Cookies,https://www.tiktok.com/@katiesbakies/video/7665917262414597406,7665917262414597406,14,m&ms,200.0,g,,200g Mini M&M's
"One Dough, 4 Flavours: Brown Butter Base",https://www.tiktok.com/@thefoodflamingo_/video/7666154626915323154,7666154626915323154,1,unsalted butter,113.0,g,browned,113 g unsalted butter melted
"One Dough, 4 Flavours: Brown Butter Base",https://www.tiktok.com/@thefoodflamingo_/video/7666154626915323154,7666154626915323154,2,brown sugar,100.0,g,,100 g brown sugar
"One Dough, 4 Flavours: Brown Butter Base",https://www.tiktok.com/@thefoodflamingo_/video/7666154626915323154,7666154626915323154,3,granulated sugar,50.0,g,,50 g granulated sugar
"One Dough, 4 Flavours: Brown Butter Base",https://www.tiktok.com/@thefoodflamingo_/video/7666154626915323154,7666154626915323154,4,vanilla extract,1.0,tsp,,1 tsp vanilla extract
"One Dough, 4 Flavours: Brown Butter Base",https://www.tiktok.com/@thefoodflamingo_/video/7666154626915323154,7666154626915323154,5,egg,1.0,,room temperature,1 large egg
"One Dough, 4 Flavours: Brown Butter Base",https://www.tiktok.com/@thefoodflamingo_/video/7666154626915323154,7666154626915323154,6,all-purpose flour,156.0,g,,156 g all-purpose flour
"One Dough, 4 Flavours: Brown Butter Base",https://www.tiktok.com/@thefoodflamingo_/video/7666154626915323154,7666154626915323154,7,baking soda,0.5,tsp,,1/2 tsp baking soda
"One Dough, 4 Flavours: Brown Butter Base",https://www.tiktok.com/@thefoodflamingo_/video/7666154626915323154,7666154626915323154,8,salt,0.25,tsp,,1/4 tsp salt
"One Dough, 4 Flavours: Brown Butter Base",https://www.tiktok.com/@thefoodflamingo_/video/7666154626915323154,7666154626915323154,9,milk powder,15.0,g,,15 g milk powder
"One Dough, 4 Flavours: Brown Butter Base",https://www.tiktok.com/@thefoodflamingo_/video/7666154626915323154,7666154626915323154,10,semi-sweet chocolate chips,115.0,g,,100-130 g semi-sweet chocolate chunks/chips
"One Dough, 4 Flavours: Brown Butter Base",https://www.tiktok.com/@thefoodflamingo_/video/7666154626915323154,7666154626915323154,11,lotus biscoff biscuits,,,variation,Crushed Biscoff cookies
"One Dough, 4 Flavours: Brown Butter Base",https://www.tiktok.com/@thefoodflamingo_/video/7666154626915323154,7666154626915323154,12,speculoos spread,,,variation,Biscoff spread
"One Dough, 4 Flavours: Brown Butter Base",https://www.tiktok.com/@thefoodflamingo_/video/7666154626915323154,7666154626915323154,13,oreo cookies,,,variation,Crushed oreos
"One Dough, 4 Flavours: Brown Butter Base",https://www.tiktok.com/@thefoodflamingo_/video/7666154626915323154,7666154626915323154,14,cocoa powder,,,variation,Cocoa powder
Rilakkuma Shaped Sugar Cookies,https://www.tiktok.com/@thirdtimesthecharm6/video/7666273970471193886,7666273970471193886,1,unsalted butter,0.5,cup,softened,1/2 cup softened unsalted butter
Rilakkuma Shaped Sugar Cookies,https://www.tiktok.com/@thirdtimesthecharm6/video/7666273970471193886,7666273970471193886,2,granulated sugar,67.0,g,,1/3 cup (67g) granulated sugar
Rilakkuma Shaped Sugar Cookies,https://www.tiktok.com/@thirdtimesthecharm6/video/7666273970471193886,7666273970471193886,3,brown sugar,28.0,g,,2tbsp brown sugar (28g)
Rilakkuma Shaped Sugar Cookies,https://www.tiktok.com/@thirdtimesthecharm6/video/7666273970471193886,7666273970471193886,4,egg,1.0,,,1 egg
Rilakkuma Shaped Sugar Cookies,https://www.tiktok.com/@thirdtimesthecharm6/video/7666273970471193886,7666273970471193886,5,vanilla extract,,,,vanilla extract
Rilakkuma Shaped Sugar Cookies,https://www.tiktok.com/@thirdtimesthecharm6/video/7666273970471193886,7666273970471193886,6,almond extract,,,,almond extract
Rilakkuma Shaped Sugar Cookies,https://www.tiktok.com/@thirdtimesthecharm6/video/7666273970471193886,7666273970471193886,7,all-purpose flour,215.0,g,or gluten-free,1 3/4 cup (215g) a p flour
Rilakkuma Shaped Sugar Cookies,https://www.tiktok.com/@thirdtimesthecharm6/video/7666273970471193886,7666273970471193886,8,salt,0.25,tsp,,1/4 tsp salt
Rilakkuma Shaped Sugar Cookies,https://www.tiktok.com/@thirdtimesthecharm6/video/7666273970471193886,7666273970471193886,9,baking powder,0.25,tsp,,1/4 tsp baking powder
Apple-Shaped Butter Cookies (small batch),https://www.tiktok.com/@zestlyco/video/7666851963698416929,7666851963698416929,1,butter,110.0,g,softened,110g soften butter
Apple-Shaped Butter Cookies (small batch),https://www.tiktok.com/@zestlyco/video/7666851963698416929,7666851963698416929,2,granulated sugar,2.5,tbsp,,2-3 tbs sugar
Apple-Shaped Butter Cookies (small batch),https://www.tiktok.com/@zestlyco/video/7666851963698416929,7666851963698416929,3,egg yolk,1.0,,,1 egg yolk
Apple-Shaped Butter Cookies (small batch),https://www.tiktok.com/@zestlyco/video/7666851963698416929,7666851963698416929,4,vanilla sugar,,,,Vanilla (vanilla sugar)
Apple-Shaped Butter Cookies (small batch),https://www.tiktok.com/@zestlyco/video/7666851963698416929,7666851963698416929,5,all-purpose flour,180.0,g,,180g flour
Apple-Shaped Butter Cookies (small batch),https://www.tiktok.com/@zestlyco/video/7666851963698416929,7666851963698416929,6,baking powder,,pinch,,A pinch of baking powder
Apple-Shaped Butter Cookies (small batch),https://www.tiktok.com/@zestlyco/video/7666851963698416929,7666851963698416929,7,salt,,pinch,,A pinch of salt
Apple-Shaped Butter Cookies (small batch),https://www.tiktok.com/@zestlyco/video/7666851963698416929,7666851963698416929,8,food coloring,,,red and green,red and green food coloring
Banana Oat Protein Cookies,https://www.tiktok.com/@sofiyuzu/video/7667185968008514829,7667185968008514829,1,banana,100.0,g,,100g banana
Banana Oat Protein Cookies,https://www.tiktok.com/@sofiyuzu/video/7667185968008514829,7667185968008514829,2,rolled oats,70.0,g,,70g rolled oats
Banana Oat Protein Cookies,https://www.tiktok.com/@sofiyuzu/video/7667185968008514829,7667185968008514829,3,protein powder,30.0,g,,30g whey protein
Banana Oat Protein Cookies,https://www.tiktok.com/@sofiyuzu/video/7667185968008514829,7667185968008514829,4,peanut butter,15.0,g,,15g peanut butter
Banana Oat Protein Cookies,https://www.tiktok.com/@sofiyuzu/video/7667185968008514829,7667185968008514829,5,egg white,35.0,g,,1 egg white (35g)
Banana Oat Protein Cookies,https://www.tiktok.com/@sofiyuzu/video/7667185968008514829,7667185968008514829,6,baking powder,3.0,g,,3g baking powder
Banana Oat Protein Cookies,https://www.tiktok.com/@sofiyuzu/video/7667185968008514829,7667185968008514829,7,walnuts,10.0,g,,10g walnuts
Banana Oat Protein Cookies,https://www.tiktok.com/@sofiyuzu/video/7667185968008514829,7667185968008514829,8,cinnamon,,,"optional, with vanilla and orange zest","Optional: vanilla, cinnamon, orange zest"
Dave's Favorite Chocolate Chip Cookies,https://www.tiktok.com/@davepizzaoven/video/7667760519713017119,7667760519713017119,1,salted butter,1.0,stick,"melted, 85-95°F",1 stick of melted salted butter
Dave's Favorite Chocolate Chip Cookies,https://www.tiktok.com/@davepizzaoven/video/7667760519713017119,7667760519713017119,2,dark brown sugar,140.0,g,,140g dark brown sugar
Dave's Favorite Chocolate Chip Cookies,https://www.tiktok.com/@davepizzaoven/video/7667760519713017119,7667760519713017119,3,granulated sugar,70.0,g,,70g white sugar
Dave's Favorite Chocolate Chip Cookies,https://www.tiktok.com/@davepizzaoven/video/7667760519713017119,7667760519713017119,4,egg yolk,1.0,,,1 egg yolk
Dave's Favorite Chocolate Chip Cookies,https://www.tiktok.com/@davepizzaoven/video/7667760519713017119,7667760519713017119,5,heavy cream,15.0,g,,15g (1 Tbs) heavy cream
Dave's Favorite Chocolate Chip Cookies,https://www.tiktok.com/@davepizzaoven/video/7667760519713017119,7667760519713017119,6,vanilla bean paste,1.0,tsp,,5g (1 tsp) vanilla paste
Dave's Favorite Chocolate Chip Cookies,https://www.tiktok.com/@davepizzaoven/video/7667760519713017119,7667760519713017119,7,all-purpose flour,140.0,g,,140g all purpose flour
Dave's Favorite Chocolate Chip Cookies,https://www.tiktok.com/@davepizzaoven/video/7667760519713017119,7667760519713017119,8,salt,0.5,tsp,,2g (1/2 tsp) salt
Dave's Favorite Chocolate Chip Cookies,https://www.tiktok.com/@davepizzaoven/video/7667760519713017119,7667760519713017119,9,baking soda,0.5,tsp,,2g (1/2tsp) baking soda
Dave's Favorite Chocolate Chip Cookies,https://www.tiktok.com/@davepizzaoven/video/7667760519713017119,7667760519713017119,10,bittersweet chocolate,140.0,g,,140g bitter sweet chocolate
Bakery Style Brown Butter Chocolate Chip Cookies,https://www.tiktok.com/@caked.by.chloe/video/7668654551507012886,7668654551507012886,1,butter,115.0,g,browned,115g butter
Bakery Style Brown Butter Chocolate Chip Cookies,https://www.tiktok.com/@caked.by.chloe/video/7668654551507012886,7668654551507012886,2,light brown sugar,160.0,g,,160g light brown sugar
Bakery Style Brown Butter Chocolate Chip Cookies,https://www.tiktok.com/@caked.by.chloe/video/7668654551507012886,7668654551507012886,3,granulated sugar,40.0,g,,40g granulated sugar
Bakery Style Brown Butter Chocolate Chip Cookies,https://www.tiktok.com/@caked.by.chloe/video/7668654551507012886,7668654551507012886,4,egg,1.0,,,1 large egg
Bakery Style Brown Butter Chocolate Chip Cookies,https://www.tiktok.com/@caked.by.chloe/video/7668654551507012886,7668654551507012886,5,vanilla extract,2.0,tsp,,2tsp vanilla extract
Bakery Style Brown Butter Chocolate Chip Cookies,https://www.tiktok.com/@caked.by.chloe/video/7668654551507012886,7668654551507012886,6,all-purpose flour,320.0,g,,320g plain flour
Bakery Style Brown Butter Chocolate Chip Cookies,https://www.tiktok.com/@caked.by.chloe/video/7668654551507012886,7668654551507012886,7,baking powder,1.0,tsp,,1tsp baking powder
Bakery Style Brown Butter Chocolate Chip Cookies,https://www.tiktok.com/@caked.by.chloe/video/7668654551507012886,7668654551507012886,8,baking soda,1.0,tsp,,1tsp bicarbonate of soda
Bakery Style Brown Butter Chocolate Chip Cookies,https://www.tiktok.com/@caked.by.chloe/video/7668654551507012886,7668654551507012886,9,salt,,pinch,,a pinch of salt
Bakery Style Brown Butter Chocolate Chip Cookies,https://www.tiktok.com/@caked.by.chloe/video/7668654551507012886,7668654551507012886,10,chocolate chips,250.0,g,,250g chocolate chips
Brown Butter Chocolate Chunk Cookies,https://www.tiktok.com/@_poppycarr/video/7669358705040772374,7669358705040772374,1,butter,155.0,g,browned,155g browned butter
Brown Butter Chocolate Chunk Cookies,https://www.tiktok.com/@_poppycarr/video/7669358705040772374,7669358705040772374,2,light brown sugar,140.0,g,,140g light brown sugar
Brown Butter Chocolate Chunk Cookies,https://www.tiktok.com/@_poppycarr/video/7669358705040772374,7669358705040772374,3,granulated sugar,60.0,g,,60g granulated sugar
Brown Butter Chocolate Chunk Cookies,https://www.tiktok.com/@_poppycarr/video/7669358705040772374,7669358705040772374,4,egg,1.0,,,1 egg
Brown Butter Chocolate Chunk Cookies,https://www.tiktok.com/@_poppycarr/video/7669358705040772374,7669358705040772374,5,egg yolk,1.0,,,1 egg yolk
Brown Butter Chocolate Chunk Cookies,https://www.tiktok.com/@_poppycarr/video/7669358705040772374,7669358705040772374,6,vanilla extract,1.0,tsp,,1 tsp vanilla extract
Brown Butter Chocolate Chunk Cookies,https://www.tiktok.com/@_poppycarr/video/7669358705040772374,7669358705040772374,7,heavy cream,1.0,tbsp,,1 tbsp double cream
Brown Butter Chocolate Chunk Cookies,https://www.tiktok.com/@_poppycarr/video/7669358705040772374,7669358705040772374,8,all-purpose flour,240.0,g,,240g plain flour
Brown Butter Chocolate Chunk Cookies,https://www.tiktok.com/@_poppycarr/video/7669358705040772374,7669358705040772374,9,baking powder,0.5,tsp,,1/2 tsp baking powder
Brown Butter Chocolate Chunk Cookies,https://www.tiktok.com/@_poppycarr/video/7669358705040772374,7669358705040772374,10,baking soda,0.5,tsp,,1/2 tsp bicarbonate soda
Brown Butter Chocolate Chunk Cookies,https://www.tiktok.com/@_poppycarr/video/7669358705040772374,7669358705040772374,11,salt,0.5,tsp,,1/2 tsp salt
Brown Butter Chocolate Chunk Cookies,https://www.tiktok.com/@_poppycarr/video/7669358705040772374,7669358705040772374,12,milk chocolate,100.0,g,,100g milk chocolate chunks
Brown Butter Chocolate Chunk Cookies,https://www.tiktok.com/@_poppycarr/video/7669358705040772374,7669358705040772374,13,dark chocolate,100.0,g,,100g dark chocolate chunks
Brown Butter Chocolate Chunk Cookies,https://www.tiktok.com/@_poppycarr/video/7669358705040772374,7669358705040772374,14,milk chocolate chips,50.0,g,optional,50g milk chocolate chips (optional)
Brown Butter Macadamia White Chocolate Cookies,https://www.tiktok.com/@patisjanne/video/7670564386196573472,7670564386196573472,1,butter,120.0,g,browned,120 gram roomboter
Brown Butter Macadamia White Chocolate Cookies,https://www.tiktok.com/@patisjanne/video/7670564386196573472,7670564386196573472,2,granulated sugar,75.0,g,,75 gram kristalsuiker
Brown Butter Macadamia White Chocolate Cookies,https://www.tiktok.com/@patisjanne/video/7670564386196573472,7670564386196573472,3,light brown sugar,100.0,g,,100 gram lichtbruine basterdsuiker
Brown Butter Macadamia White Chocolate Cookies,https://www.tiktok.com/@patisjanne/video/7670564386196573472,7670564386196573472,4,egg,1.0,,,1 ei
Brown Butter Macadamia White Chocolate Cookies,https://www.tiktok.com/@patisjanne/video/7670564386196573472,7670564386196573472,5,vanilla extract,1.5,tsp,,"1,5 tl vanille extract"
Brown Butter Macadamia White Chocolate Cookies,https://www.tiktok.com/@patisjanne/video/7670564386196573472,7670564386196573472,6,all-purpose flour,240.0,g,,240 gram bloem
Brown Butter Macadamia White Chocolate Cookies,https://www.tiktok.com/@patisjanne/video/7670564386196573472,7670564386196573472,7,baking powder,1.0,tsp,,1 tl bakpoeder
Brown Butter Macadamia White Chocolate Cookies,https://www.tiktok.com/@patisjanne/video/7670564386196573472,7670564386196573472,8,baking soda,0.5,tsp,,"0,5 tl baking soda"
Brown Butter Macadamia White Chocolate Cookies,https://www.tiktok.com/@patisjanne/video/7670564386196573472,7670564386196573472,9,salt,3.0,g,,3 gram zout
Brown Butter Macadamia White Chocolate Cookies,https://www.tiktok.com/@patisjanne/video/7670564386196573472,7670564386196573472,10,macadamia nuts,80.0,g,chopped,80 gram gehakte macademianoten
Brown Butter Macadamia White Chocolate Cookies,https://www.tiktok.com/@patisjanne/video/7670564386196573472,7670564386196573472,11,white chocolate,150.0,g,,150 gram witte chocolade
Soft No-Spread Sugar Cookies (decorating),https://www.tiktok.com/@hanncraftedcookies/video/7672024407556115726,7672024407556115726,1,all-purpose flour,3.0,cup,,3 cups all purpose flour
Soft No-Spread Sugar Cookies (decorating),https://www.tiktok.com/@hanncraftedcookies/video/7672024407556115726,7672024407556115726,2,baking powder,2.0,tsp,,2 tsp baking powder
Soft No-Spread Sugar Cookies (decorating),https://www.tiktok.com/@hanncraftedcookies/video/7672024407556115726,7672024407556115726,3,salt,1.0,tsp,,1 tsp salt
Soft No-Spread Sugar Cookies (decorating),https://www.tiktok.com/@hanncraftedcookies/video/7672024407556115726,7672024407556115726,4,unsalted butter,1.0,cup,cold,1 cup (2 sticks) cold unsalted butter
Soft No-Spread Sugar Cookies (decorating),https://www.tiktok.com/@hanncraftedcookies/video/7672024407556115726,7672024407556115726,5,granulated sugar,1.0,cup,,1 cup granulated sugar
Soft No-Spread Sugar Cookies (decorating),https://www.tiktok.com/@hanncraftedcookies/video/7672024407556115726,7672024407556115726,6,egg,1.0,,,1 egg
Soft No-Spread Sugar Cookies (decorating),https://www.tiktok.com/@hanncraftedcookies/video/7672024407556115726,7672024407556115726,7,vanilla extract,1.0,tsp,,1 tsp vanilla extract
Browned Butter Cookies,https://www.tiktok.com/@ms.thessa/video/7673568744462994706,7673568744462994706,1,unsalted butter,170.0,g,browned,¾ cup (170 g) unsalted butter
Browned Butter Cookies,https://www.tiktok.com/@ms.thessa/video/7673568744462994706,7673568744462994706,2,brown sugar,150.0,g,,¾ cup (150 g) brown sugar
Browned Butter Cookies,https://www.tiktok.com/@ms.thessa/video/7673568744462994706,7673568744462994706,3,granulated sugar,70.0,g,,⅓ cup + 1 tbsp (70 g) white sugar
Browned Butter Cookies,https://www.tiktok.com/@ms.thessa/video/7673568744462994706,7673568744462994706,4,egg,1.0,,,1 large egg
Browned Butter Cookies,https://www.tiktok.com/@ms.thessa/video/7673568744462994706,7673568744462994706,5,egg yolk,1.0,,,1 egg yolk
Browned Butter Cookies,https://www.tiktok.com/@ms.thessa/video/7673568744462994706,7673568744462994706,6,vanilla extract,1.0,tsp,,1 tsp (5 g) vanilla extract
Browned Butter Cookies,https://www.tiktok.com/@ms.thessa/video/7673568744462994706,7673568744462994706,7,all-purpose flour,180.0,g,,1½ cups (180 g) all-purpose flour
Browned Butter Cookies,https://www.tiktok.com/@ms.thessa/video/7673568744462994706,7673568744462994706,8,baking soda,0.5,tsp,,½ tsp baking soda
Browned Butter Cookies,https://www.tiktok.com/@ms.thessa/video/7673568744462994706,7673568744462994706,9,salt,0.5,tsp,,½ tsp salt
Browned Butter Cookies,https://www.tiktok.com/@ms.thessa/video/7673568744462994706,7673568744462994706,10,chocolate chips,100.0,g,,½ cup (100 g) chocolate chips or chopped chocolate
Browned Butter Cookies,https://www.tiktok.com/@ms.thessa/video/7673568744462994706,7673568744462994706,11,flaky sea salt,,,optional,"Flaky salt, optional"
Healthy Protein Chocolate Chip Cookies,https://www.tiktok.com/@lukezfit/video/7675048440803511565,7675048440803511565,1,oat flour,0.5,cup,,one half cup oat flour
Healthy Protein Chocolate Chip Cookies,https://www.tiktok.com/@lukezfit/video/7675048440803511565,7675048440803511565,2,protein powder,1.0,scoop,vanilla,one scoop vanilla protein
Healthy Protein Chocolate Chip Cookies,https://www.tiktok.com/@lukezfit/video/7675048440803511565,7675048440803511565,3,egg,2.0,,,two whole eggs
Healthy Protein Chocolate Chip Cookies,https://www.tiktok.com/@lukezfit/video/7675048440803511565,7675048440803511565,4,peanut butter,2.0,tbsp,,two tablespoons peanut butter
Healthy Protein Chocolate Chip Cookies,https://www.tiktok.com/@lukezfit/video/7675048440803511565,7675048440803511565,5,maple syrup,,drizzle,,a drizzle of maple syrup
Healthy Protein Chocolate Chip Cookies,https://www.tiktok.com/@lukezfit/video/7675048440803511565,7675048440803511565,6,dark chocolate,,,topping,dark chocolate
Bakery-Style Brown Butter Chocolate Chip Cookies,https://www.tiktok.com/@cookwithhali/video/7675114761234746655,7675114761234746655,1,salted butter,125.0,g,browned,"125 g salted butter, melted"
Bakery-Style Brown Butter Chocolate Chip Cookies,https://www.tiktok.com/@cookwithhali/video/7675114761234746655,7675114761234746655,2,granulated sugar,100.0,g,,100 g granulated sugar
Bakery-Style Brown Butter Chocolate Chip Cookies,https://www.tiktok.com/@cookwithhali/video/7675114761234746655,7675114761234746655,3,brown sugar,50.0,g,,50 g brown sugar
Bakery-Style Brown Butter Chocolate Chip Cookies,https://www.tiktok.com/@cookwithhali/video/7675114761234746655,7675114761234746655,4,egg,1.0,,,1 large egg
Bakery-Style Brown Butter Chocolate Chip Cookies,https://www.tiktok.com/@cookwithhali/video/7675114761234746655,7675114761234746655,5,vanilla sugar,8.0,g,,8 g vanilla sugar
Bakery-Style Brown Butter Chocolate Chip Cookies,https://www.tiktok.com/@cookwithhali/video/7675114761234746655,7675114761234746655,6,all-purpose flour,177.0,g,,177 g flour
Bakery-Style Brown Butter Chocolate Chip Cookies,https://www.tiktok.com/@cookwithhali/video/7675114761234746655,7675114761234746655,7,baking soda,2.0,g,,2 g baking soda
Bakery-Style Brown Butter Chocolate Chip Cookies,https://www.tiktok.com/@cookwithhali/video/7675114761234746655,7675114761234746655,8,baking powder,3.0,g,,3 g baking powder
Bakery-Style Brown Butter Chocolate Chip Cookies,https://www.tiktok.com/@cookwithhali/video/7675114761234746655,7675114761234746655,9,dark chocolate,110.0,g,chopped,"110 g dark chocolate, chopped"
Kinder White Chocolate Cookies (Romanian),https://www.tiktok.com/@andreeaaagape/video/7675364837949558038,7675364837949558038,1,butter,117.0,g,,115-120g unt
Kinder White Chocolate Cookies (Romanian),https://www.tiktok.com/@andreeaaagape/video/7675364837949558038,7675364837949558038,2,muscovado sugar,80.0,g,,80g zahăr brun Muscovado
Kinder White Chocolate Cookies (Romanian),https://www.tiktok.com/@andreeaaagape/video/7675364837949558038,7675364837949558038,3,granulated sugar,30.0,g,,30g zahăr alb
Kinder White Chocolate Cookies (Romanian),https://www.tiktok.com/@andreeaaagape/video/7675364837949558038,7675364837949558038,4,all-purpose flour,250.0,g,,250g făină
Kinder White Chocolate Cookies (Romanian),https://www.tiktok.com/@andreeaaagape/video/7675364837949558038,7675364837949558038,5,vanilla extract,,,,puțină esență de vanilie
Kinder White Chocolate Cookies (Romanian),https://www.tiktok.com/@andreeaaagape/video/7675364837949558038,7675364837949558038,6,egg,1.0,,,1 ou
Kinder White Chocolate Cookies (Romanian),https://www.tiktok.com/@andreeaaagape/video/7675364837949558038,7675364837949558038,7,baking soda,1.0,tsp,,1 linguriță bicarbonat
Kinder White Chocolate Cookies (Romanian),https://www.tiktok.com/@andreeaaagape/video/7675364837949558038,7675364837949558038,8,salt,,pinch,,1 praf de sare
Kinder White Chocolate Cookies (Romanian),https://www.tiktok.com/@andreeaaagape/video/7675364837949558038,7675364837949558038,9,white chocolate,1.0,bar,,1 ciocolată alba
Kinder White Chocolate Cookies (Romanian),https://www.tiktok.com/@andreeaaagape/video/7675364837949558038,7675364837949558038,10,kinder chocolate,,,,ciocolatele Kinder
Brown Butter Cookies (no-chip base),https://www.tiktok.com/@helenakirschbaum/video/7675420323306638625,7675420323306638625,1,salted butter,280.0,g,browned,280g salted butter
Brown Butter Cookies (no-chip base),https://www.tiktok.com/@helenakirschbaum/video/7675420323306638625,7675420323306638625,2,brown sugar,1.0,cup,,1 cup brown sugar
Brown Butter Cookies (no-chip base),https://www.tiktok.com/@helenakirschbaum/video/7675420323306638625,7675420323306638625,3,granulated sugar,1.0,cup,,1 cup white sugar
Brown Butter Cookies (no-chip base),https://www.tiktok.com/@helenakirschbaum/video/7675420323306638625,7675420323306638625,4,egg,2.0,,,2 eggs
Brown Butter Cookies (no-chip base),https://www.tiktok.com/@helenakirschbaum/video/7675420323306638625,7675420323306638625,5,vanilla extract,,,to taste,"Vanilla, to taste"
Brown Butter Cookies (no-chip base),https://www.tiktok.com/@helenakirschbaum/video/7675420323306638625,7675420323306638625,6,baking soda,1.0,tsp,,1 teaspoon baking soda
Brown Butter Cookies (no-chip base),https://www.tiktok.com/@helenakirschbaum/video/7675420323306638625,7675420323306638625,7,baking powder,0.25,tsp,,¼ teaspoon baking powder
Brown Butter Cookies (no-chip base),https://www.tiktok.com/@helenakirschbaum/video/7675420323306638625,7675420323306638625,8,all-purpose flour,3.0,cup,,3 cups all-purpose flour
Kinder Bueno Stuffed Cookies,https://www.tiktok.com/@iramsfoodstory/video/7675490445631294734,7675490445631294734,1,unsalted butter,227.0,g,"cold, cubed","227g cold European unsalted butter, cubed"
Kinder Bueno Stuffed Cookies,https://www.tiktok.com/@iramsfoodstory/video/7675490445631294734,7675490445631294734,2,brown sugar,180.0,g,,180g brown sugar
Kinder Bueno Stuffed Cookies,https://www.tiktok.com/@iramsfoodstory/video/7675490445631294734,7675490445631294734,3,granulated sugar,110.0,g,,110g granulated sugar
Kinder Bueno Stuffed Cookies,https://www.tiktok.com/@iramsfoodstory/video/7675490445631294734,7675490445631294734,4,egg,1.0,,,1 large egg
Kinder Bueno Stuffed Cookies,https://www.tiktok.com/@iramsfoodstory/video/7675490445631294734,7675490445631294734,5,egg yolk,1.0,,,1 large egg yolk
Kinder Bueno Stuffed Cookies,https://www.tiktok.com/@iramsfoodstory/video/7675490445631294734,7675490445631294734,6,vanilla bean paste,1.0,tbsp,,1 tbsp vanilla bean paste
Kinder Bueno Stuffed Cookies,https://www.tiktok.com/@iramsfoodstory/video/7675490445631294734,7675490445631294734,7,all-purpose flour,405.0,g,,405g all-purpose flour
Kinder Bueno Stuffed Cookies,https://www.tiktok.com/@iramsfoodstory/video/7675490445631294734,7675490445631294734,8,espresso powder,1.0,tsp,,1 tsp espresso powder
Kinder Bueno Stuffed Cookies,https://www.tiktok.com/@iramsfoodstory/video/7675490445631294734,7675490445631294734,9,baking powder,1.0,tsp,,1 tsp baking powder
Kinder Bueno Stuffed Cookies,https://www.tiktok.com/@iramsfoodstory/video/7675490445631294734,7675490445631294734,10,baking soda,0.5,tsp,,1/2 tsp baking soda
Kinder Bueno Stuffed Cookies,https://www.tiktok.com/@iramsfoodstory/video/7675490445631294734,7675490445631294734,11,salt,0.5,tsp,,1/2 tsp salt
Kinder Bueno Stuffed Cookies,https://www.tiktok.com/@iramsfoodstory/video/7675490445631294734,7675490445631294734,12,cornstarch,1.0,tsp,,1 tsp cornstarch
Kinder Bueno Stuffed Cookies,https://www.tiktok.com/@iramsfoodstory/video/7675490445631294734,7675490445631294734,13,semi-sweet chocolate chips,1.0,cup,,1 cup semi sweet chocolate chips
Kinder Bueno Stuffed Cookies,https://www.tiktok.com/@iramsfoodstory/video/7675490445631294734,7675490445631294734,14,kinder bueno,5.5,piece,"chopped, plus topping","5–6 Kinder Bueno bars, chopped"
Kinder Bueno Stuffed Cookies,https://www.tiktok.com/@iramsfoodstory/video/7675490445631294734,7675490445631294734,15,hazelnut spread,0.75,cup,frozen filling,3/4 cup hazelnut chocolate spread
Kinder Bueno Stuffed Cookies,https://www.tiktok.com/@iramsfoodstory/video/7675490445631294734,7675490445631294734,16,kinder chocolate,,,filling,Kinder wafer chocolate
Chocolate Chip Cookies (7 large),https://www.tiktok.com/@alinavrn/video/7675743317627391252,7675743317627391252,1,salted butter,115.0,g,room temperature,"115 g salted butter, room temperature"
Chocolate Chip Cookies (7 large),https://www.tiktok.com/@alinavrn/video/7675743317627391252,7675743317627391252,2,brown sugar,80.0,g,,80 g brown sugar
Chocolate Chip Cookies (7 large),https://www.tiktok.com/@alinavrn/video/7675743317627391252,7675743317627391252,3,granulated sugar,80.0,g,,80 g granulated sugar
Chocolate Chip Cookies (7 large),https://www.tiktok.com/@alinavrn/video/7675743317627391252,7675743317627391252,4,egg,1.0,,room temperature,1 egg
Chocolate Chip Cookies (7 large),https://www.tiktok.com/@alinavrn/video/7675743317627391252,7675743317627391252,5,all-purpose flour,180.0,g,,180 g all-purpose flour
Chocolate Chip Cookies (7 large),https://www.tiktok.com/@alinavrn/video/7675743317627391252,7675743317627391252,6,cornstarch,6.0,g,,6 g cornstarch
Chocolate Chip Cookies (7 large),https://www.tiktok.com/@alinavrn/video/7675743317627391252,7675743317627391252,7,baking soda,0.5,tsp,,½ tsp baking soda
Chocolate Chip Cookies (7 large),https://www.tiktok.com/@alinavrn/video/7675743317627391252,7675743317627391252,8,salt,4.0,g,,4 g salt
Chocolate Chip Cookies (7 large),https://www.tiktok.com/@alinavrn/video/7675743317627391252,7675743317627391252,9,chocolate chips,100.0,g,,100 g chocolate chips
Chocolate Chip Cookies (7 large),https://www.tiktok.com/@alinavrn/video/7675743317627391252,7675743317627391252,10,flaky sea salt,,,topping,flaky sea salt
Brown Butter Chocolate Chip Cookies (Dutch translation),https://www.tiktok.com/@cookingwithme255/video/7676158318569704737,7676158318569704737,1,unsalted butter,115.0,g,browned,1/2 kopje (115 g) ongezouten boter
Brown Butter Chocolate Chip Cookies (Dutch translation),https://www.tiktok.com/@cookingwithme255/video/7676158318569704737,7676158318569704737,2,light brown sugar,79.0,g,,1/2 kopje (79 g) lichtbruine suiker
Brown Butter Chocolate Chip Cookies (Dutch translation),https://www.tiktok.com/@cookingwithme255/video/7676158318569704737,7676158318569704737,3,granulated sugar,69.0,g,,1/3 kop (69 g) kristalsuiker
Brown Butter Chocolate Chip Cookies (Dutch translation),https://www.tiktok.com/@cookingwithme255/video/7676158318569704737,7676158318569704737,4,egg,1.0,,room temperature,1 groot ei
Brown Butter Chocolate Chip Cookies (Dutch translation),https://www.tiktok.com/@cookingwithme255/video/7676158318569704737,7676158318569704737,5,vanilla extract,1.0,tbsp,,1 eetlepel (15 g) vanille-extract
Brown Butter Chocolate Chip Cookies (Dutch translation),https://www.tiktok.com/@cookingwithme255/video/7676158318569704737,7676158318569704737,6,all-purpose flour,160.0,g,,1 1/4 kopjes (160 g) bloem
Brown Butter Chocolate Chip Cookies (Dutch translation),https://www.tiktok.com/@cookingwithme255/video/7676158318569704737,7676158318569704737,7,baking soda,0.5,tsp,,1/2 theelepel zuiveringszout
Brown Butter Chocolate Chip Cookies (Dutch translation),https://www.tiktok.com/@cookingwithme255/video/7676158318569704737,7676158318569704737,8,salt,,pinch,,Snufje zout
Brown Butter Chocolate Chip Cookies (Dutch translation),https://www.tiktok.com/@cookingwithme255/video/7676158318569704737,7676158318569704737,9,semi-sweet chocolate chips,225.0,g,,1 1/2 kopjes (225 g) halfzoete chocoladeschilfers
Chewy White Chocolate Cookies (budget),https://www.tiktok.com/@kelly_caresse/video/7676762889973288224,7676762889973288224,1,butter,100.0,g,melted,100 g roomboter
Chewy White Chocolate Cookies (budget),https://www.tiktok.com/@kelly_caresse/video/7676762889973288224,7676762889973288224,2,all-purpose flour,220.0,g,,220 g bloem
Chewy White Chocolate Cookies (budget),https://www.tiktok.com/@kelly_caresse/video/7676762889973288224,7676762889973288224,3,egg,1.0,,,1 ei
Chewy White Chocolate Cookies (budget),https://www.tiktok.com/@kelly_caresse/video/7676762889973288224,7676762889973288224,4,brown sugar,120.0,g,,120 g bruine suiker
Chewy White Chocolate Cookies (budget),https://www.tiktok.com/@kelly_caresse/video/7676762889973288224,7676762889973288224,5,vanilla sugar,20.0,g,,20 g vanillesuiker
Chewy White Chocolate Cookies (budget),https://www.tiktok.com/@kelly_caresse/video/7676762889973288224,7676762889973288224,6,baking powder,,pinch,,Scheutje bakpoeder
Chewy White Chocolate Cookies (budget),https://www.tiktok.com/@kelly_caresse/video/7676762889973288224,7676762889973288224,7,white chocolate chips,,,to taste,Witte chocolade chips naar smaak
Brown Butter Chocolate Chip Cookies,https://www.tiktok.com/@vanelanook/video/7676876787959319822,7676876787959319822,1,unsalted butter,170.0,g,browned,170g unsalted butter
Brown Butter Chocolate Chip Cookies,https://www.tiktok.com/@vanelanook/video/7676876787959319822,7676876787959319822,2,light brown sugar,175.0,g,,175g light brown sugar
Brown Butter Chocolate Chip Cookies,https://www.tiktok.com/@vanelanook/video/7676876787959319822,7676876787959319822,3,granulated sugar,35.0,g,,35g granulated sugar
Brown Butter Chocolate Chip Cookies,https://www.tiktok.com/@vanelanook/video/7676876787959319822,7676876787959319822,4,egg,1.0,,,1 large egg
Brown Butter Chocolate Chip Cookies,https://www.tiktok.com/@vanelanook/video/7676876787959319822,7676876787959319822,5,egg yolk,1.0,,,1 egg yolk
Brown Butter Chocolate Chip Cookies,https://www.tiktok.com/@vanelanook/video/7676876787959319822,7676876787959319822,6,vanilla extract,1.0,tbsp,,1 tbsp vanilla extract
Brown Butter Chocolate Chip Cookies,https://www.tiktok.com/@vanelanook/video/7676876787959319822,7676876787959319822,7,all-purpose flour,220.0,g,,220g all-purpose flour
Brown Butter Chocolate Chip Cookies,https://www.tiktok.com/@vanelanook/video/7676876787959319822,7676876787959319822,8,baking soda,0.75,tsp,,¾ tsp baking soda
Brown Butter Chocolate Chip Cookies,https://www.tiktok.com/@vanelanook/video/7676876787959319822,7676876787959319822,9,salt,0.75,tsp,,¾ tsp salt
Brown Butter Chocolate Chip Cookies,https://www.tiktok.com/@vanelanook/video/7676876787959319822,7676876787959319822,10,chocolate chips,1.0,cup,,about 1 cup chocolate chips (milk/semisweet)
Brown Butter Chocolate Chip Cookies,https://www.tiktok.com/@vanelanook/video/7676876787959319822,7676876787959319822,11,flaky sea salt,,,optional,Flaky sea salt (optional)
Brown Butter Chocolate Chip Cookies,https://www.tiktok.com/@mariamssweets_/video/7677045421977439518,7677045421977439518,1,unsalted butter,1.125,cup,browned,1 cup + 2 tbsp unsalted butter
Brown Butter Chocolate Chip Cookies,https://www.tiktok.com/@mariamssweets_/video/7677045421977439518,7677045421977439518,2,light brown sugar,1.0,cup,,1 cup light brown sugar
Brown Butter Chocolate Chip Cookies,https://www.tiktok.com/@mariamssweets_/video/7677045421977439518,7677045421977439518,3,granulated sugar,0.5,cup,,1/2 cup granulated sugar
Brown Butter Chocolate Chip Cookies,https://www.tiktok.com/@mariamssweets_/video/7677045421977439518,7677045421977439518,4,egg,2.0,,room temperature,"2 eggs, at room temp"
Brown Butter Chocolate Chip Cookies,https://www.tiktok.com/@mariamssweets_/video/7677045421977439518,7677045421977439518,5,vanilla bean paste,2.0,tsp,,2 tsp vanilla bean paste
Brown Butter Chocolate Chip Cookies,https://www.tiktok.com/@mariamssweets_/video/7677045421977439518,7677045421977439518,6,all-purpose flour,2.75,cup,,2 3/4 cups all-purpose flour
Brown Butter Chocolate Chip Cookies,https://www.tiktok.com/@mariamssweets_/video/7677045421977439518,7677045421977439518,7,baking soda,0.75,tsp,,3/4 tsp baking soda
Brown Butter Chocolate Chip Cookies,https://www.tiktok.com/@mariamssweets_/video/7677045421977439518,7677045421977439518,8,salt,0.5,tsp,,1/2 tsp salt
Brown Butter Chocolate Chip Cookies,https://www.tiktok.com/@mariamssweets_/video/7677045421977439518,7677045421977439518,9,chocolate chips,1.5,cup,plus some chopped chocolate,1 1/2 cups chocolate chips & some chopped chocolate
Brown Butter Choc Chip Cookies with Ice Cream,https://www.tiktok.com/@foodfromclaudnine/video/7677993199566064928,7677993199566064928,1,butter,225.0,g,browned,225 gram boter
Brown Butter Choc Chip Cookies with Ice Cream,https://www.tiktok.com/@foodfromclaudnine/video/7677993199566064928,7677993199566064928,2,dark brown sugar,225.0,g,,225 gram donkerbruine basterdsuiker
Brown Butter Choc Chip Cookies with Ice Cream,https://www.tiktok.com/@foodfromclaudnine/video/7677993199566064928,7677993199566064928,3,granulated sugar,75.0,g,,75 gram kristalsuiker
Brown Butter Choc Chip Cookies with Ice Cream,https://www.tiktok.com/@foodfromclaudnine/video/7677993199566064928,7677993199566064928,4,egg,2.0,,,2 eieren
Brown Butter Choc Chip Cookies with Ice Cream,https://www.tiktok.com/@foodfromclaudnine/video/7677993199566064928,7677993199566064928,5,vanilla extract,1.0,tsp,,1 tl vanille extract
Brown Butter Choc Chip Cookies with Ice Cream,https://www.tiktok.com/@foodfromclaudnine/video/7677993199566064928,7677993199566064928,6,self-raising flour,300.0,g,,300 gram zelfrijzend bakmeel
Brown Butter Choc Chip Cookies with Ice Cream,https://www.tiktok.com/@foodfromclaudnine/video/7677993199566064928,7677993199566064928,7,salt,,pinch,,Snuf zout
Brown Butter Choc Chip Cookies with Ice Cream,https://www.tiktok.com/@foodfromclaudnine/video/7677993199566064928,7677993199566064928,8,dark chocolate,,,"70%, chopped",Pure choco (70%) grof gehakt
White Chocolate Stuffed Cookies,https://www.tiktok.com/@sage.by.lana/video/7679311916090559757,7679311916090559757,1,salted butter,170.0,g,softened,"¾ cup (170 g) salted butter, softened"
White Chocolate Stuffed Cookies,https://www.tiktok.com/@sage.by.lana/video/7679311916090559757,7679311916090559757,2,brown sugar,150.0,g,,¾ cup (150 g) brown sugar
White Chocolate Stuffed Cookies,https://www.tiktok.com/@sage.by.lana/video/7679311916090559757,7679311916090559757,3,granulated sugar,65.0,g,,⅓ cup (65 g) granulated sugar
White Chocolate Stuffed Cookies,https://www.tiktok.com/@sage.by.lana/video/7679311916090559757,7679311916090559757,4,egg,1.0,,,1 large egg
White Chocolate Stuffed Cookies,https://www.tiktok.com/@sage.by.lana/video/7679311916090559757,7679311916090559757,5,vanilla extract,2.0,tsp,,2 tsp vanilla extract
White Chocolate Stuffed Cookies,https://www.tiktok.com/@sage.by.lana/video/7679311916090559757,7679311916090559757,6,all-purpose flour,270.0,g,,2 ¼ cups (270 g) all-purpose flour
White Chocolate Stuffed Cookies,https://www.tiktok.com/@sage.by.lana/video/7679311916090559757,7679311916090559757,7,cornstarch,12.0,g,,1 ½ tbsp (12 g) cornstarch
White Chocolate Stuffed Cookies,https://www.tiktok.com/@sage.by.lana/video/7679311916090559757,7679311916090559757,8,baking soda,0.333,tsp,,⅓ tsp baking soda
White Chocolate Stuffed Cookies,https://www.tiktok.com/@sage.by.lana/video/7679311916090559757,7679311916090559757,9,salt,0.333,tsp,,⅓ tsp salt
White Chocolate Stuffed Cookies,https://www.tiktok.com/@sage.by.lana/video/7679311916090559757,7679311916090559757,10,white chocolate chips,,,,"White chocolate chips, as desired"
White Chocolate Stuffed Cookies,https://www.tiktok.com/@sage.by.lana/video/7679311916090559757,7679311916090559757,11,white chocolate,,,filling and topping,"White chocolate chunks, for filling + topping"
Brown Butter Chocolate Chip Cookies (Romanian),https://www.tiktok.com/@neurotyx/video/7679425138315562262,7679425138315562262,1,butter,160.0,g,browned to 130 g,130 g unt caramelizat (160 g înainte)
Brown Butter Chocolate Chip Cookies (Romanian),https://www.tiktok.com/@neurotyx/video/7679425138315562262,7679425138315562262,2,heavy cream,1.0,tbsp,optional,o lingură de smântână lichidă (optional)
Brown Butter Chocolate Chip Cookies (Romanian),https://www.tiktok.com/@neurotyx/video/7679425138315562262,7679425138315562262,3,granulated sugar,80.0,g,,80 g zahăr alb
Brown Butter Chocolate Chip Cookies (Romanian),https://www.tiktok.com/@neurotyx/video/7679425138315562262,7679425138315562262,4,brown sugar,150.0,g,,150 g zahăr brun
Brown Butter Chocolate Chip Cookies (Romanian),https://www.tiktok.com/@neurotyx/video/7679425138315562262,7679425138315562262,5,egg,1.0,,,1 ou mare
Brown Butter Chocolate Chip Cookies (Romanian),https://www.tiktok.com/@neurotyx/video/7679425138315562262,7679425138315562262,6,vanilla extract,1.0,tbsp,,1 lingură extract de vanilie
Brown Butter Chocolate Chip Cookies (Romanian),https://www.tiktok.com/@neurotyx/video/7679425138315562262,7679425138315562262,7,salt,5.0,g,,5 g sare
Brown Butter Chocolate Chip Cookies (Romanian),https://www.tiktok.com/@neurotyx/video/7679425138315562262,7679425138315562262,8,all-purpose flour,180.0,g,,180 g făină albă
Brown Butter Chocolate Chip Cookies (Romanian),https://www.tiktok.com/@neurotyx/video/7679425138315562262,7679425138315562262,9,baking soda,3.0,g,,3 g bicarbonat de sodiu
Brown Butter Chocolate Chip Cookies (Romanian),https://www.tiktok.com/@neurotyx/video/7679425138315562262,7679425138315562262,10,chocolate,200.0,g,,200 g ciocolată
Viral Brown Butter Cookies,https://www.tiktok.com/@dailyracha/video/7679514894206586134,7679514894206586134,1,butter,127.0,g,browned,127g butter
Viral Brown Butter Cookies,https://www.tiktok.com/@dailyracha/video/7679514894206586134,7679514894206586134,2,light brown sugar,120.0,g,,120g light brown sugar
Viral Brown Butter Cookies,https://www.tiktok.com/@dailyracha/video/7679514894206586134,7679514894206586134,3,granulated sugar,55.0,g,,55g granulated sugar
Viral Brown Butter Cookies,https://www.tiktok.com/@dailyracha/video/7679514894206586134,7679514894206586134,4,heavy cream,1.0,tbsp,,1tbsp heavy cream
Viral Brown Butter Cookies,https://www.tiktok.com/@dailyracha/video/7679514894206586134,7679514894206586134,5,vanilla extract,1.0,tsp,,1tsp vanilla extract
Viral Brown Butter Cookies,https://www.tiktok.com/@dailyracha/video/7679514894206586134,7679514894206586134,6,egg,1.0,,,1 egg
Viral Brown Butter Cookies,https://www.tiktok.com/@dailyracha/video/7679514894206586134,7679514894206586134,7,all-purpose flour,170.0,g,,170g flour
Viral Brown Butter Cookies,https://www.tiktok.com/@dailyracha/video/7679514894206586134,7679514894206586134,8,baking soda,2.5,g,,2.5g baking soda
Viral Brown Butter Cookies,https://www.tiktok.com/@dailyracha/video/7679514894206586134,7679514894206586134,9,salt,,pinch,,pinch of salt
Viral Brown Butter Cookies,https://www.tiktok.com/@dailyracha/video/7679514894206586134,7679514894206586134,10,chocolate,150.0,g,"dark and milk, chopped",150g chopped dark & milk choc
Brown Butter Chocolate Chip Cookies (Turkish),https://www.tiktok.com/@analikizlievyemek/video/7679900652964711701,7679900652964711701,1,butter,113.0,g,browned,113 g tereyağı
Brown Butter Chocolate Chip Cookies (Turkish),https://www.tiktok.com/@analikizlievyemek/video/7679900652964711701,7679900652964711701,2,brown sugar,100.0,g,,100 g esmer şeker
Brown Butter Chocolate Chip Cookies (Turkish),https://www.tiktok.com/@analikizlievyemek/video/7679900652964711701,7679900652964711701,3,granulated sugar,50.0,g,,50 g toz şeker
Brown Butter Chocolate Chip Cookies (Turkish),https://www.tiktok.com/@analikizlievyemek/video/7679900652964711701,7679900652964711701,4,egg,1.0,,,1 adet büyük boy yumurta
Brown Butter Chocolate Chip Cookies (Turkish),https://www.tiktok.com/@analikizlievyemek/video/7679900652964711701,7679900652964711701,5,vanilla extract,1.0,tsp,,1 çay kaşığı vanilya
Brown Butter Chocolate Chip Cookies (Turkish),https://www.tiktok.com/@analikizlievyemek/video/7679900652964711701,7679900652964711701,6,all-purpose flour,150.0,g,,150 g un
Brown Butter Chocolate Chip Cookies (Turkish),https://www.tiktok.com/@analikizlievyemek/video/7679900652964711701,7679900652964711701,7,baking soda,3.0,g,,3 g karbonat
Brown Butter Chocolate Chip Cookies (Turkish),https://www.tiktok.com/@analikizlievyemek/video/7679900652964711701,7679900652964711701,8,salt,1.5,g,,"1,5 g tuz"
Brown Butter Chocolate Chip Cookies (Turkish),https://www.tiktok.com/@analikizlievyemek/video/7679900652964711701,7679900652964711701,9,chocolate chips,,,to taste,Bolca damla çikolata
Taylor Swift's Chai Sugar Cookies,https://www.tiktok.com/@audreybakes/video/7681360589003820319,7681360589003820319,1,unsalted butter,0.5,cup,softened,"½ cup unsalted butter, softened"
Taylor Swift's Chai Sugar Cookies,https://www.tiktok.com/@audreybakes/video/7681360589003820319,7681360589003820319,2,vegetable oil,0.5,cup,,½ cup vegetable oil
Taylor Swift's Chai Sugar Cookies,https://www.tiktok.com/@audreybakes/video/7681360589003820319,7681360589003820319,3,granulated sugar,0.5,cup,,½ cup granulated sugar
Taylor Swift's Chai Sugar Cookies,https://www.tiktok.com/@audreybakes/video/7681360589003820319,7681360589003820319,4,powdered sugar,0.5,cup,,½ cup powdered sugar
Taylor Swift's Chai Sugar Cookies,https://www.tiktok.com/@audreybakes/video/7681360589003820319,7681360589003820319,5,egg,1.0,,,1 large egg
Taylor Swift's Chai Sugar Cookies,https://www.tiktok.com/@audreybakes/video/7681360589003820319,7681360589003820319,6,vanilla extract,2.0,tsp,,2 tsp vanilla extract
Taylor Swift's Chai Sugar Cookies,https://www.tiktok.com/@audreybakes/video/7681360589003820319,7681360589003820319,7,all-purpose flour,2.0,cup,,2 cups all-purpose flour
Taylor Swift's Chai Sugar Cookies,https://www.tiktok.com/@audreybakes/video/7681360589003820319,7681360589003820319,8,baking soda,0.5,tsp,,½ tsp baking soda
Taylor Swift's Chai Sugar Cookies,https://www.tiktok.com/@audreybakes/video/7681360589003820319,7681360589003820319,9,salt,0.25,tsp,,¼ tsp salt
Taylor Swift's Chai Sugar Cookies,https://www.tiktok.com/@audreybakes/video/7681360589003820319,7681360589003820319,10,chai tea,1.0,bag,contents only,1 chai tea bag
Taylor Swift's Chai Sugar Cookies,https://www.tiktok.com/@audreybakes/video/7681360589003820319,7681360589003820319,11,powdered sugar,1.0,cup,icing,1 cup powdered sugar
Taylor Swift's Chai Sugar Cookies,https://www.tiktok.com/@audreybakes/video/7681360589003820319,7681360589003820319,12,milk,2.5,tbsp,icing,2-3 tbsp eggnog or milk
Taylor Swift's Chai Sugar Cookies,https://www.tiktok.com/@audreybakes/video/7681360589003820319,7681360589003820319,13,cinnamon,0.25,tsp,icing,¼ tsp cinnamon
Taylor Swift's Chai Sugar Cookies,https://www.tiktok.com/@audreybakes/video/7681360589003820319,7681360589003820319,14,nutmeg,0.25,tsp,icing,¼ tsp nutmeg
M&S Cookie Dupe,https://www.tiktok.com/@crumbellebyem/video/7683243191612591382,7683243191612591382,1,unsalted butter,65.0,g,,65g unsalted butter
M&S Cookie Dupe,https://www.tiktok.com/@crumbellebyem/video/7683243191612591382,7683243191612591382,2,granulated sugar,100.0,g,,100g caster sugar
M&S Cookie Dupe,https://www.tiktok.com/@crumbellebyem/video/7683243191612591382,7683243191612591382,3,light brown sugar,45.0,g,,45g light brown sugar
M&S Cookie Dupe,https://www.tiktok.com/@crumbellebyem/video/7683243191612591382,7683243191612591382,4,egg yolk,1.0,,,1 large egg yolk
M&S Cookie Dupe,https://www.tiktok.com/@crumbellebyem/video/7683243191612591382,7683243191612591382,5,black treacle,10.0,g,,10g black treacle
M&S Cookie Dupe,https://www.tiktok.com/@crumbellebyem/video/7683243191612591382,7683243191612591382,6,water,1.5,tsp,,1-2 tsp water
M&S Cookie Dupe,https://www.tiktok.com/@crumbellebyem/video/7683243191612591382,7683243191612591382,7,vanilla extract,1.0,tsp,,1 tsp vanilla extract
M&S Cookie Dupe,https://www.tiktok.com/@crumbellebyem/video/7683243191612591382,7683243191612591382,8,all-purpose flour,130.0,g,,130g plain flour
M&S Cookie Dupe,https://www.tiktok.com/@crumbellebyem/video/7683243191612591382,7683243191612591382,9,milk powder,25.0,g,,25g whole milk powder
M&S Cookie Dupe,https://www.tiktok.com/@crumbellebyem/video/7683243191612591382,7683243191612591382,10,baking soda,0.25,tsp,,¼ tsp bicarbonate of soda
M&S Cookie Dupe,https://www.tiktok.com/@crumbellebyem/video/7683243191612591382,7683243191612591382,11,salt,0.5,tsp,,½ tsp fine salt
M&S Cookie Dupe,https://www.tiktok.com/@crumbellebyem/video/7683243191612591382,7683243191612591382,12,chocolate,170.0,g,"70g grated, rest chopped",170g chocolate
Healthy Choc Chip Oat Cookies,https://www.tiktok.com/@piribelly/video/7685366900838190344,7685366900838190344,1,peanut butter,0.5,cup,,1/2 cup smooth peanut butter
Healthy Choc Chip Oat Cookies,https://www.tiktok.com/@piribelly/video/7685366900838190344,7685366900838190344,2,maple syrup,0.333,cup,,1/3 cup maple syrup
Healthy Choc Chip Oat Cookies,https://www.tiktok.com/@piribelly/video/7685366900838190344,7685366900838190344,3,vanilla extract,1.0,tsp,,tsp vanilla
Healthy Choc Chip Oat Cookies,https://www.tiktok.com/@piribelly/video/7685366900838190344,7685366900838190344,4,salt,,pinch,,pinch of salt
Healthy Choc Chip Oat Cookies,https://www.tiktok.com/@piribelly/video/7685366900838190344,7685366900838190344,5,cinnamon,,,to taste,lots of cinnamon
Healthy Choc Chip Oat Cookies,https://www.tiktok.com/@piribelly/video/7685366900838190344,7685366900838190344,6,rolled oats,0.75,cup,quick oats,3/4 cup quick oats
Healthy Choc Chip Oat Cookies,https://www.tiktok.com/@piribelly/video/7685366900838190344,7685366900838190344,7,almond flour,0.5,cup,,1/2 cup almond flour
Healthy Choc Chip Oat Cookies,https://www.tiktok.com/@piribelly/video/7685366900838190344,7685366900838190344,8,dark chocolate chips,,,,dark chocolate chips
Two Big Healthy PB Chocolate Chip Cookies,https://www.tiktok.com/@sofiyuzu/video/7685379657822227726,7685379657822227726,1,peanut butter,50.0,g,,50g peanut butter
Two Big Healthy PB Chocolate Chip Cookies,https://www.tiktok.com/@sofiyuzu/video/7685379657822227726,7685379657822227726,2,egg white,1.0,,,1 egg white
Two Big Healthy PB Chocolate Chip Cookies,https://www.tiktok.com/@sofiyuzu/video/7685379657822227726,7685379657822227726,3,all-purpose flour,30.0,g,,30g flour
Two Big Healthy PB Chocolate Chip Cookies,https://www.tiktok.com/@sofiyuzu/video/7685379657822227726,7685379657822227726,4,coconut sugar,10.0,g,,10g coconut sugar
Two Big Healthy PB Chocolate Chip Cookies,https://www.tiktok.com/@sofiyuzu/video/7685379657822227726,7685379657822227726,5,baking powder,4.5,g,,"4,5g baking powder"
Two Big Healthy PB Chocolate Chip Cookies,https://www.tiktok.com/@sofiyuzu/video/7685379657822227726,7685379657822227726,6,dark chocolate chips,8.0,g,,8g dark chocolate chips
Two Big Healthy PB Chocolate Chip Cookies,https://www.tiktok.com/@sofiyuzu/video/7685379657822227726,7685379657822227726,7,vanilla extract,,,,vanilla
Two Big Healthy PB Chocolate Chip Cookies,https://www.tiktok.com/@sofiyuzu/video/7685379657822227726,7685379657822227726,8,salt,,pinch,,a pinch of salt
Coraline Cheesecake Cookies,https://www.tiktok.com/@its.juliesmith/video/7685781096046349599,7685781096046349599,1,cream cheese,6.0,oz,filling,6 oz cream cheese
Coraline Cheesecake Cookies,https://www.tiktok.com/@its.juliesmith/video/7685781096046349599,7685781096046349599,2,powdered sugar,1.0,cup,filling,1 cup powdered sugar
Coraline Cheesecake Cookies,https://www.tiktok.com/@its.juliesmith/video/7685781096046349599,7685781096046349599,3,granulated sugar,0.25,cup,filling,¼ cup sugar
Coraline Cheesecake Cookies,https://www.tiktok.com/@its.juliesmith/video/7685781096046349599,7685781096046349599,4,vanilla extract,1.0,tsp,filling,1 tsp vanilla
Coraline Cheesecake Cookies,https://www.tiktok.com/@its.juliesmith/video/7685781096046349599,7685781096046349599,5,black food coloring,,,filling,black food coloring
Coraline Cheesecake Cookies,https://www.tiktok.com/@its.juliesmith/video/7685781096046349599,7685781096046349599,6,butter,0.5,cup,,½ cup butter
Coraline Cheesecake Cookies,https://www.tiktok.com/@its.juliesmith/video/7685781096046349599,7685781096046349599,7,granulated sugar,0.5,cup,,½ cup sugar
Coraline Cheesecake Cookies,https://www.tiktok.com/@its.juliesmith/video/7685781096046349599,7685781096046349599,8,brown sugar,0.5,cup,,½ cup brown sugar
Coraline Cheesecake Cookies,https://www.tiktok.com/@its.juliesmith/video/7685781096046349599,7685781096046349599,9,egg,1.0,,,1 egg
Coraline Cheesecake Cookies,https://www.tiktok.com/@its.juliesmith/video/7685781096046349599,7685781096046349599,10,vanilla extract,1.0,tbsp,,1 tbsp vanilla
Coraline Cheesecake Cookies,https://www.tiktok.com/@its.juliesmith/video/7685781096046349599,7685781096046349599,11,food coloring,,,blue and purple,blue + purple food coloring
Coraline Cheesecake Cookies,https://www.tiktok.com/@its.juliesmith/video/7685781096046349599,7685781096046349599,12,all-purpose flour,1.75,cup,,1¾ cups flour
Coraline Cheesecake Cookies,https://www.tiktok.com/@its.juliesmith/video/7685781096046349599,7685781096046349599,13,cornstarch,1.0,tbsp,,1 tbsp cornstarch
Coraline Cheesecake Cookies,https://www.tiktok.com/@its.juliesmith/video/7685781096046349599,7685781096046349599,14,baking powder,0.5,tsp,,½ tsp baking powder
Coraline Cheesecake Cookies,https://www.tiktok.com/@its.juliesmith/video/7685781096046349599,7685781096046349599,15,baking soda,0.5,tsp,,½ tsp baking soda
Coraline Cheesecake Cookies,https://www.tiktok.com/@its.juliesmith/video/7685781096046349599,7685781096046349599,16,salt,0.5,tsp,,½ tsp salt
Coraline Cheesecake Cookies,https://www.tiktok.com/@its.juliesmith/video/7685781096046349599,7685781096046349599,17,mini chocolate chips,,,,mini chocolate chips
Brownie Cookies,https://www.tiktok.com/@arianamariaa11/video/7689922524632730911,7689922524632730911,1,butter,1.0,stick,melted,1 stick of butter
Brownie Cookies,https://www.tiktok.com/@arianamariaa11/video/7689922524632730911,7689922524632730911,2,chocolate,8.0,oz,melted,8 oz chocolate (chips or chunks)
Brownie Cookies,https://www.tiktok.com/@arianamariaa11/video/7689922524632730911,7689922524632730911,3,granulated sugar,150.0,g,,150g granulated sugar
Brownie Cookies,https://www.tiktok.com/@arianamariaa11/video/7689922524632730911,7689922524632730911,4,brown sugar,50.0,g,,50g brown sugar
Brownie Cookies,https://www.tiktok.com/@arianamariaa11/video/7689922524632730911,7689922524632730911,5,egg,2.0,,room temperature,2 eggs (room temp)
Brownie Cookies,https://www.tiktok.com/@arianamariaa11/video/7689922524632730911,7689922524632730911,6,vanilla extract,1.0,tsp,,1 tsp vanilla extract
Brownie Cookies,https://www.tiktok.com/@arianamariaa11/video/7689922524632730911,7689922524632730911,7,all-purpose flour,95.0,g,,95g all purpose flour
Brownie Cookies,https://www.tiktok.com/@arianamariaa11/video/7689922524632730911,7689922524632730911,8,cocoa powder,25.0,g,,25g cocoa powder
Brownie Cookies,https://www.tiktok.com/@arianamariaa11/video/7689922524632730911,7689922524632730911,9,baking soda,0.5,tsp,,1/2 tsp baking soda
Brownie Cookies,https://www.tiktok.com/@arianamariaa11/video/7689922524632730911,7689922524632730911,10,salt,0.5,tsp,,1/2 tsp salt
