video_id,title,channel,url,views,likes,upload_date,ingredient_source,recipe_url,ingredients,canonical_ingredients
3vUtRRZG0xY,The Best Chewy Chocolate Chip Cookies,Tasty,https://www.youtube.com/watch?v=3vUtRRZG0xY,22375381,442718,20170614,description,,"½ cup sugar | ¾ cup brown sugar, packed | 1 teaspoon salt | ½ cup butter, melted | 1 egg | 1 teaspoon vanilla extract | ½ teaspoon baking soda | 4 ounces milk or semi-sweet chocolate chunks | 4 ounces dark chocolate chunks (or your preference)","baking soda,brown sugar,butter,chocolate chips,egg,granulated sugar,salt,vanilla extract"
uJwekkbGPns,Professional Baker Teaches You How To Make CHOCOLATE CHIP COOKIES!,Oh Yum with Anna Olson,https://www.youtube.com/watch?v=uJwekkbGPns,20148253,319158,20160318,description,,"½ cup (115 g) unsalted butter, at room temperature | ½ cup (100 g) packed light brown sugar | ½ cup (100 g) granulated sugar | 1 large egg, at room temperature | 1 tsp vanilla extract | 1 ¼ cup (185 g) all-purpose flour | 1 Tbsp (7.5 g) cornstarch | ½ tsp (2.5 g) baking soda | ½ tsp (2.5 g) salt | 1 ½ cup (262 g) chocolate chips | 1 cup (100 g) lightly toasted, coarsely chopped pecans (optional)","all-purpose flour,baking soda,brown sugar,butter,chocolate chips,cornstarch,egg,granulated sugar,nuts,salt,vanilla extract"
VOy1pXTA7Bc,My Favourite Butter Cookie Recipe,Gracious Treatz,https://www.youtube.com/watch?v=VOy1pXTA7Bc,12637043,224179,20200103,description,,"113g (1/2 cup) unsalted butter, softened | 60g (1/4 cup+1 tbsp) fine sugar | ¼ tsp salt | 1 egg yolk | 1 tbsp heavy cream | 1 tsp vanilla extract | 125g (1 cup) cake flour | 16g (2 tbsp) cornstarch","all-purpose flour,butter,cornstarch,egg,granulated sugar,salt,vanilla extract"
lJ7Ec3bKrxM,The Best Soft Chocolate Chip Cookies Recipe | Emojoie,Emojoie,https://www.youtube.com/watch?v=lJ7Ec3bKrxM,12472310,326914,20230701,description,,100g unsalted butter | 80g sugar | 1g salt | 1 egg | 160g flour | 3g baking powder | 100g chocolate + 20 g | 50g nuts | 7 tablespoons unsalted butter | 6 tablespoons sugar | 1/4 teaspoon salt | 1 egg | 1 and 1/4 cups all-purpose flour | 3/4 teaspoon baking powder | 3.5 ounces chocolate + 0.7 ounces | 1/4 cup chopped nuts,"all-purpose flour,baking powder,butter,egg,granulated sugar,salt"
PFJAuAWxuvI,Soft and Chewy Chocolate Chip Cookies Recipe,The Cooking Foodie,https://www.youtube.com/watch?v=PFJAuAWxuvI,10399574,164229,20201205,description,,"1/2 cup (100g) Brown sugar, packed | 1/4 cup (50g) White sugar | 1/2 cup (115g) Unsalted butter, softened | 1 large Egg | 2 teaspoons Vanilla extract | 3/4 teaspoon Baking soda | 1/2 teaspoon Salt | 1 cup (160g) Chocolate chips or less if you prefer","baking soda,brown sugar,butter,chocolate chips,egg,granulated sugar,salt,vanilla extract"
kCduKbOlHKI,Gingerbread Recipe: How to Make Gingerbread Dough from Cookies Cupcakes and Cardio,Cookies Cupcakes and Cardio,https://www.youtube.com/watch?v=kCduKbOlHKI,8917023,20213,20131219,description,,• 2 3/4 cups all purpose flour | • 1/2 teaspoon baking soda | • 3/4 teaspoon salt | • 1/2 tablespoon ground ginger | • 1/2 tablespoon ground cinnamon | • 3/4 teaspoon cloves | • 1/2 teaspoon nutmeg | • 1/2 cup butter | • 1/2 cup brown sugar | • 1 egg | • 3/4 cup molasses,"all-purpose flour,baking soda,brown sugar,butter,cinnamon,cloves,egg,ginger,molasses,nutmeg,salt"
f-M3JN_7LGU,"World's Best CHOCOLATE CHIP COOKIES Recipe: Crunchy Outside, Soft & Chewy Inside",Honeysuckle,https://www.youtube.com/watch?v=f-M3JN_7LGU,8769383,178240,20200422,description,,1/2 cup white sugar | 1/2 cup dark brown sugar | 1 egg | 1 tsp vanilla | 1/2 tsp salt (kosher) | 1/2 tsp baking soda | 1 1/3 cups AP flour | 1 cup large chocolate chips | 1tsp vanilla | 1/2 tsp salt | 1/2 tsp baking soda,"all-purpose flour,baking soda,brown sugar,chocolate chips,egg,granulated sugar,salt,vanilla extract"
FiKVX1XDiuc,बाजार जैसी कोकोनट कूकीज कैसे बनाते हैं | Eggless COCONUT COOKIES in Kadai | Coconut Cookies Recipe,Cumin Curry,https://www.youtube.com/watch?v=FiKVX1XDiuc,6908866,82240,20220209,description,,"60 gram or 1/3 cup ghee/clarified butter | 1/2 cup sugar or as per taste | 1 cup, 120 gram maida/all purpose flour | 1 cup nariyal chura/kopra powder/desiccated coconut | 2 tbsp vanilla custard powder | 1/4 tsp salt / Namak | 1-2 tbsp milk or as required | 1 tsp hari ilaychi/green cardamom powder | 1/2 tsp baking powder | 1/4 tsp baking soda","all-purpose flour,baking powder,baking soda,butter,granulated sugar,milk,salt,vanilla extract"
jVI2eNW5iuM,3-Ingredient Butter Cookies Recipe,The Cooking Foodie,https://www.youtube.com/watch?v=jVI2eNW5iuM,6905395,141212,20201224,description,,"1 cup (230g) Butter, softened | 2 cups (250g) Flour | 2/3 cup (85g) Powdered sugar","all-purpose flour,butter,powdered sugar"
pC6zs5BaEz8,Nutella Chocolate Chip Cookies Recipe,Haeum Cooking,https://www.youtube.com/watch?v=pC6zs5BaEz8,6161065,173148,20211205,description,,- 170g (1+1/3 cup) all-purpose flour | - 110g (1/2 cup) unsalted butter(softened at room temperature) | - 50g (1/4 cup) granulated sugar | - 50g (1/4 cup) brown sugar | - 1 tsp vanilla extract | - 1/2 tsp baking soda | - 1 tbsp corn starch | - 1 egg | - 100g (1/2 cup) chocolate chips | - 10 1/2 tbsp Nutella,"all-purpose flour,baking soda,brown sugar,butter,chocolate chips,cornstarch,egg,granulated sugar,vanilla extract"
e1xCU9ydG-A,48-Hour Chocolate Chip Cookies,Alvin Zhou,https://www.youtube.com/watch?v=e1xCU9ydG-A,6141972,210011,20200808,description,,"1 stick unsalted butter | 1 cup light brown sugar | 1 tsp kosher salt | 2 sticks unsalted butter | 2 ice cubes | 1/2 cup sugar | 1 ½ cups dark brown sugar | 2 tsp espresso powder | 2 tsp kosher salt | ½ tsp baking soda | 2 eggs | 2 tsp good vanilla extract | 2 ½ cups all purpose flour | 6 oz chocolate, 70% cacao minimum","all-purpose flour,baking soda,brown sugar,butter,egg,granulated sugar,salt,vanilla extract"
wDO4pRXpRmU,The PERFECT Chocolate Chip Cookie Recipe - Baking Basics,Rosanna Pansino,https://www.youtube.com/watch?v=wDO4pRXpRmU,5900994,163563,20200516,description,,"2 1/2 cups all-purpose flour | 2 teaspoons baking soda | 1 teaspoon salt | 2 sticks (16 tablespoons) salted butter, room temperature | 3/4 cup granulated sugar | 3/4 cup light brown sugar | 1 teaspoon vanilla extract | 2 large eggs | 12 ounces semisweet chocolate chips","all-purpose flour,baking soda,brown sugar,butter,chocolate chips,egg,granulated sugar,salt,vanilla extract"
YKG_g9B4fQk,누텔라 브라우니 쿠키 만들기 : Nutella Brownie Cookies Recipe : ブラウニークッキー | Cooking tree,Cooking tree 쿠킹트리,https://www.youtube.com/watch?v=YKG_g9B4fQk,5790360,253631,20191005,description,,150g Dark chocolate | 40g Unsalted butter  | 1 Egg | 55g Brown sugar | 1g Salt | 50g Nutella  | 3g Vanilla extract  | 60g Plain flour | 2g Baking powder  | 1g Baking soda  | 75g Unsalted butter | 55g Sugar | 1g Salt | 25g Egg | 2g Vanilla extract | 150g Cake flour,"all-purpose flour,baking powder,baking soda,brown sugar,butter,chocolate chips,egg,granulated sugar,salt,vanilla extract"
Z6a6x0tH_pU,1 Minute Microwave CHOCOLATE CHIP COOKIE ! The EASIEST Chocolate Chip Cookies Recipe,Emma's Goodies,https://www.youtube.com/watch?v=Z6a6x0tH_pU,5689717,190763,20200917,description,,1 Minute Chocolate Chip Cookie recipe ( Microwave Cookie): | 20 g ( 1 ½  tbsp) Butter | 25 g ( 1 ¾ tbsp) Sugar | 10 g ( ¾ tbsp) Milk | 55 g ( ⅓ cup + ½  tbsp) All purpose flour | 1/8 tsp Baking Soda,"all-purpose flour,baking soda,butter,chocolate chips,granulated sugar,milk"
77B_GLBhXGs,How To Make The Perfect Chocolate Chip Cookie,Nick's Kitchen,https://www.youtube.com/watch?v=77B_GLBhXGs,5143796,61981,20250131,recipe_page,https://www.nickskitchen.com/brown-butter-chocolate-chip-cookies,1 stick salted butter | 1 cup plus 2 tablespoons all-purpose flour | 1 cup bread flour | ½ teaspoon baking soda | 1 teaspoon kosher salt | 1 cup dark brown sugar | ½ cup white sugar | 2  large egg plus 1 egg yolk | 1 tablespoon vanilla extract or vanilla bean paste | ⅔ cup dark chocolate (roughly chopped) | ⅔ cup semi-sweet chocolate chips | flaky salt | vanilla ice cream,"all-purpose flour,baking soda,bread flour,brown sugar,butter,chocolate chips,egg,flaky sea salt,granulated sugar,salt,vanilla extract"
i3aSP9UHLyw,Biscotti Morbidi al Limone 🍋 che si Sciolgono in bocca 🤤,Fatto in Casa da Alba,https://www.youtube.com/watch?v=i3aSP9UHLyw,5036004,119998,20240912,description,,2 uova | 100 gr. zucchero | 80 ml. olio di girasole | 50 ml. succo di limone | 380 gr. farina 00 | 12 gr. lievito in polvere | 80 gr. zucchero a velo,
t3Ou6KcxPpE,SUPER EASY CRISPY OATMEAL COOKIES,Food Metrica,https://www.youtube.com/watch?v=t3Ou6KcxPpE,4869087,77874,20210101,recipe_page,https://foodmetrica.com/crispy-oatmeal-cookies/,1 cup oat flour (130g) | 1 cup rolled oats old fashioned (100g) | ¾ tsp baking powder | ⅓ cup melted coconut oil (90g) | ¼ cup raw sugar (granulated) (50g) | 3 tbsp milk (45g) | ¼ tsp salt | 1 tsp vanilla extract | ¼ cup chopped nuts or dried fruits (optional),"all-purpose flour,baking powder,granulated sugar,milk,oats,oil,salt,vanilla extract"
9LmJWfAE27o,Chocolate Chip Nutella Cookies | How Tasty Channel,How Tasty,https://www.youtube.com/watch?v=9LmJWfAE27o,4854716,127388,20200330,recipe_page,https://www.how-tasty.com/chocolate-chips-nutella-cookies/,10 large teaspoons Nutella | 110 g (1/2 cup) unsalted butter (softened at room temperature) | 100 g (1/2 cup) caster sugar | 1 teaspoon vanilla paste (or vanilla extract) | 1  egg | 175 g (1+1/3 cup) all purpose flour | 1 teaspoon baking soda | 7 g (1 tbsp) cornstarch | 100 g (2/3 cup) chocolate chips |   Pinch of salt,"all-purpose flour,baking soda,butter,chocolate chips,cornstarch,egg,granulated sugar,salt,vanilla extract"
sJsXDi26b-Y,EASY CHOCOLATE CHIP COOKIES,Chef RV Manabat,https://www.youtube.com/watch?v=sJsXDi26b-Y,4823681,91950,20200822,description,,"1/2 cup salted butter (see note) | 1/2 cup brown sugar | 1/2 cup white sugar | 1 whole egg | 1 1/4 cup all-purpose flour | 1/2 teaspoon baking soda | 1 cup chocolate chips | 1/2 cup walnuts, coarsely chopped (optional)","all-purpose flour,baking soda,brown sugar,butter,chocolate chips,egg,granulated sugar,nuts"
YEZPxhMneOc,Best Chocolate Chip Cookies Recipe - Natasha's Kitchen,Natashas Kitchen,https://www.youtube.com/watch?v=YEZPxhMneOc,4642521,79747,20190308,recipe_page,https://natashaskitchen.com/soft-chocolate-chip-cookies-recipe/,"1 cup unsalted butter ((16 Tbsp), softened) | 1/2 cup granulated sugar | 1 1/4 cup light brown sugar (packed) | 2  large eggs (room temperature) | 2 tsp vanilla extract | 3 cups all-purpose flour (measured correctly*) | 1 tsp baking soda (sifted) | 1 tsp salt | 2 cups semi-sweet chocolate chips ((12 oz), divided, reserving 1/4 cup for the top)","all-purpose flour,baking soda,brown sugar,butter,chocolate chips,egg,granulated sugar,salt,vanilla extract"
loqCY9b7aec,Classic Chocolate Chip Cookies Recipe,Preppy Kitchen,https://www.youtube.com/watch?v=loqCY9b7aec,4539387,72257,20211130,recipe_page,https://preppykitchen.com/chewy-chocolate-chip-cookies/,¾ teaspoon baking soda | ¾ teaspoon salt | 1 cup unsalted butter (softened (227g)) | ¾ cup light brown sugar ((165g)) | ½ cup granulated sugar ((100g)) | 1 large egg | 1 tablespoon vanilla extract | 2½ cups all-purpose flour ((300g)) | 1½ cups semisweet chocolate chips ((or chocolate chunks) (270g)),"all-purpose flour,baking soda,brown sugar,butter,chocolate chips,egg,granulated sugar,salt,vanilla extract"
blKCLBWudZ0,Make ANY Cookie with THIS Recipe  (Linzer/Sugar/Gingerbread/Chocolate/Butter/Holiday Cookies,Emma's Goodies,https://www.youtube.com/watch?v=blKCLBWudZ0,3984697,155194,20191203,description,,- 750 gr soft room temp Butter ( 6 2/3 sticks ) | - 300 gr Powdered Sugar ( 2 1/2 cups) | - 3 room temp X Large Egg Whites | - 900 gr All purpose Flour ( 6 cups + 1/2 cup) | - 3 tsp Vanilla | - 1/4 tsp Salt | - 60 gr Almond Flour (1/2 cup) | - 40 gr All Purpose Flour ( 4 tbsp) | - 1/2 tsp Almond Extract | - 2 3/4 tsp Ginger | - 3 tsp Cinnamon | - 2 or 3 tsp Cocoa Powder | - 40 gr Flour ( 4 tbsp) | - 50 gr All Purpose Flour ( 5 tbsp) | - 1/2 tsp Vanilla | - 20 gr All Purpose Flour ( 2 tbsp),"all-purpose flour,butter,cinnamon,cocoa powder,egg,ginger,nuts,powdered sugar,salt,vanilla extract"
v785tAUthlA,Best Ever Nutella Cookie Pie! EASY,Fitwaffle Kitchen,https://www.youtube.com/watch?v=v785tAUthlA,3823070,30991,20230815,description,,"200g salted butter, softened | 250g light brown sugar | 1 large egg, room temp | 1 tsp vanilla extract | 320g plain flour | 1/4 tsp bicarbonate of soda | 200g chocolate chips + some for the top | 150g Nutella | 8 Kinder Bueno sticks | 150g hazelnut cream spread (I got this one from M&S)","all-purpose flour,baking soda,brown sugar,butter,chocolate chips,egg,nuts,vanilla extract"
P1gqm9CG8sw,NYC Cookie Recipe | The Best New York Chocolate Chip Cookies You'll Ever Try! | Cupcake Jemma,CupcakeJemma,https://www.youtube.com/watch?v=P1gqm9CG8sw,3587914,64765,20191121,description,,"100g Walnuts (Without Skins) | 400g Milk Chocolate Chips | 230g Cold Butter, Cubed | 160g Caster Sugar | 160g Soft Light Brown Sugar | 200g Self-Raising Flour | 300g Plain Flour | 1/4 tsp Salt | 1/4 tsp Bicarbonate of soda | 2 tsp Baking Powder | 2 LG eggs | 1 Kingly Court","all-purpose flour,baking powder,baking soda,brown sugar,butter,chocolate chips,egg,granulated sugar,nuts,raisins,salt"
0TinKW3HJ7Y,I think it’s working! Making Christmas Cookies | Johnny’s Communication Center (JCC) Ep.25,채널 NCT DAILY,https://www.youtube.com/watch?v=0TinKW3HJ7Y,3546130,318716,20201223,description,,12/27 SUN 3PM (KST) | 12/26 SAT 10PM (PST) | 12/27 SUN 1AM (EST),
XDfFH-nUrUM,Fluffy Chocolate Chip S'more Cookies ♡ Bake With Me,a little calm,https://www.youtube.com/watch?v=XDfFH-nUrUM,3530765,170955,20241204,description,,1 1/2 cups dark brown sugar | 1/2 cup white sugar | 1 cup melted butter | 2 eggs | 2 tsp vanilla extract | 2 tbsp milk (any milk of your choice) | 3 cups all-purpose flour | 3/4 tsp salt | 3/4 tsp baking soda | 1/2 tsp baking powder | 1 tsp cornstarch | 1/4 tsp cinnamon (add 1/2 tsp if you love more cinnamon flavour) | 1-2 cups chocolate chips | 1 bar of any milk chocolate of your choice | 330g dark brown sugar | 100g white sugar | 226g melted butter | 2 eggs | 2 tsp vanilla extract | 2 tbsp milk (any milk of your choice) | 360g all-purpose flour | 3/4 tsp salt | 3/4 tsp baking soda | 1/2 tsp baking powder | 1 tsp cornstarch | 1/4 tsp cinnamon (add 1/2 tsp if you love more cinnamon flavour) | 200-400g chocolate chips | 1 bar of any milk chocolate of your choice,"all-purpose flour,baking powder,baking soda,brown sugar,butter,chocolate chips,cinnamon,cornstarch,egg,granulated sugar,milk,salt,vanilla extract"
kPauR6tP_cg,Claire Saffitz Makes CHOCOLATE CHIP COOKIES | Dessert Person,Claire Saffitz x Dessert Person,https://www.youtube.com/watch?v=kPauR6tP_cg,3529144,86288,20210429,description,,"2 sticks unsalted butter (8 oz / 227g), cut into tablespoons | 2 tablespoons heavy cream, half-and-half, or whole milk (1 oz / 28g) | 2 cups all-purpose flour (9.2 oz / 260g) | 2 teaspoons Diamond Crystal kosher salt (0.22 oz / 6g) | 1 teaspoon baking soda (0.21 oz / 6g) | 3/4 cup packed dark brown sugar (5.3 oz / 150g) | 3/4 cup granulated sugar (5.3 oz / 150g) | 2 large eggs (3.5 oz / 100g), cold from the refrigerator | 1 tablespoon vanilla extract | 5 ounces (142g) bittersweet chocolate disks, half coarsely chopped | 5 ounces (142g) milk chocolate disks, half coarsely chopped","all-purpose flour,baking soda,brown sugar,butter,chocolate chips,egg,granulated sugar,milk,salt,vanilla extract"
17lp_x27_RI,Chris Makes Chocolate Chip Cookies | From the Test Kitchen | Bon Appétit,Bon Appétit,https://www.youtube.com/watch?v=17lp_x27_RI,3395683,97750,20190605,recipe_page,https://www.bonappetit.com/recipe/bas-best-chocolate-chip-cookies,"¾ tsp. (4 g) baking soda | ¾ cup (1½ sticks; 169 g) unsalted butter, divided | 1 cup (200 g) (packed) dark brown sugar | ¼ cup (50 g) granulated sugar | 1 large egg | 2 large egg yolks | 2 tsp. vanilla extract | 6 oz. (170 g) bittersweet chocolate (60%–70% cacao), coarsely chopped, or semisweet chocolate chips | 1½ cups plus 1 Tbsp. (200 g) all-purpose flour (spooning into measuring cups, then leveling) | 1¼ tsp. (4 g) Diamond Crystal or ¾ tsp. (4 g) Morton kosher salt","all-purpose flour,baking soda,brown sugar,butter,chocolate chips,egg,granulated sugar,salt,vanilla extract"
4kP0v0rXqfA,The BEST CHEWY Chocolate Chip Cookies Recipe,Philip Lemoine,https://www.youtube.com/watch?v=4kP0v0rXqfA,3322871,71247,20200110,description,,"304 Grams all-purpose flour | 2 Grams of baking soda | 2 Grams salt | 170 Grams cup unsalted butter, melted | 180 Grams packed brown sugar | 106 Grams white sugar | 10 Grams of vanilla extract | 1 whole egg | 1 egg yolk | 322 Grams cups semisweet chocolate chips | 2 cups all-purpose flour | 1/2 teaspoon baking soda | 1/2 teaspoon salt | 3/4 cup unsalted butter, melted | 1 cup packed brown sugar | 1/2 cup white sugar | 1 tablespoon vanilla extract | 1 whole egg | 1 egg yolk | 2 cups semisweet chocolate chips","all-purpose flour,baking soda,brown sugar,butter,chocolate chips,egg,granulated sugar,salt,vanilla extract"
fNen4IXo5kY,Fudgy And Chewy CHOCOLATE CRINKLES,Savor Easy,https://www.youtube.com/watch?v=fNen4IXo5kY,3282420,41087,20191010,description,,3/4 cup unsweetened cocoa powder (60g) (I use Hershey's pure cocoa powder and it measures 20g per 1/4 cup) | 1/2 cup brown sugar (95g) | 1/2 cup white sugar (95g) | 1/4 cup oil (50g) | 2 large eggs | 1 teaspoon vanilla | 1 cup all purpose flour (120g) | 1 teaspoon baking powder (5g) | 1/2 teaspoon salt (3g) | 1/2 cup icing sugar (60 grams),"all-purpose flour,baking powder,brown sugar,cocoa powder,egg,granulated sugar,oil,powdered sugar,salt,vanilla extract"
HPavvkTPQX0,Dreamy Buttercream Frosting Recipe | So Easy!,Preppy Kitchen,https://www.youtube.com/watch?v=HPavvkTPQX0,3237187,57439,20220222,recipe_page,https://preppykitchen.com/vanilla-buttercream/,1 cup unsalted butter (room temperature (226g)) | 4 cups powdered sugar (sifted (480g)) | ½ teaspoon salt | 1 tablespoon vanilla extract | 3-5 tablespoons heavy cream (room temperature),"butter,powdered sugar,salt,vanilla extract"
qfXJLxpRzbg,"BEST SUGAR COOKIE RECIPE FOR CUT OUT COOKIES, TIPS ON COOKIE BAKING",Haniela's,https://www.youtube.com/watch?v=qfXJLxpRzbg,3150622,53016,20130721,recipe_page,https://www.hanielas.com/sugar-cookie-recipe-for-cut-out-cookies/,"3 cups all-purpose flour  ( 430 grams) | 1  tsp baking powder ((optional - check the notes)) | 1/2 tsp salt | 1 cup room temperature unsalted butter  (2 sticks, 226 grams) | 1 cup granulated sugar (200 grams) | 1  large egg | 1 tbsp Vanilla Extract | 1/2 tsp Almond Extract (optional) | 1/2 tsp Lemon Extract (optional)","all-purpose flour,baking powder,butter,egg,granulated sugar,nuts,salt,vanilla extract"
7ElRjElwEl8,How to Make Delicious Almond Cookies / Easy Recipes🍪💕,마미오븐 MOMMY OVEN,https://www.youtube.com/watch?v=7ElRjElwEl8,3076324,57023,20191221,description,,"100 g butter | 60g sugar, two pinch of salt | 1 egg, some vanilla extract | 1 egg yolk + 1 TBSP milk | 100g bơ, 60g đường, hai nhúm muối, 1 quả trứng, một ít chiết xuất vani, bột bánh100g, bột hạnh nhân 120g, bột nở 1g | 100g tereyağı, 60g şeker, iki tutam tuz, 1 yumurta, biraz vanilya özü, kek unu100g, badem tozu 120g, kabartma tozu 1g","butter,granulated sugar,milk,vanilla extract"
hvFNVAOvOXk,Easy No Spread Sugar Cookies,Preppy Kitchen,https://www.youtube.com/watch?v=hvFNVAOvOXk,2999472,77088,20190919,recipe_page,https://preppykitchen.com/sugar-cookies/,4 cups all-purpose flour ((480g)) | ¾ teaspoon salt | ¾ teaspoon baking powder | 1 cup unsalted butter (softened (227g)) | 1 cup granulated sugar ((200g)) | 2 large eggs | 2 teaspoons vanilla extract,"all-purpose flour,baking powder,butter,egg,granulated sugar,salt,vanilla extract"
wyuec0PPz68,The Ideal Chocolate Chip Cookie + A Cookie Hack,Joshua Weissman,https://www.youtube.com/watch?v=wyuec0PPz68,2916090,93440,20180613,description,,"1/2 cup (112g) White sugar | 3/4 cup plus 2 tablespoons (200g) packed brown sugar *I used dark brown sugar* | 1/2 cup (112g) unsalted butter, melted | 1/2 teaspoon (3g) kosher salt | 1 whole egg | 1 egg yolk | 2 teaspoons (6g) vanilla extract | 1 1/2 cups (200g)  all purpose flour | 1/2 teaspoon (4g) baking soda | 7 ounces dark chocolate (60-70 percent cacao)","all-purpose flour,baking soda,brown sugar,butter,chocolate chips,egg,granulated sugar,salt,vanilla extract"
ED7ZFDvPy4U,Easy Delicious Peanut Butter Cookies,Preppy Kitchen,https://www.youtube.com/watch?v=ED7ZFDvPy4U,2838719,54144,20190829,recipe_page,https://preppykitchen.com/peanut-butter-cookies-recipe/,"1 1/2 cup all-purpose flour (180g) | 1/2 cup butter (unsalted, room temp 113g) | 1 cup peanut butter (250g) | 1/2 cup brown sugar (100g, lightly packed) | 1/2 cup sugar (100g) | 1 tsp vanilla extract (5mL) | 1  egg (large, room temp) | 3/4 tsp baking powder (3g)","all-purpose flour,baking powder,brown sugar,butter,egg,granulated sugar,peanut butter,vanilla extract"
Y36OS7TgY8s,"Easy CHOCOLATE CHIP COOKIE Recipe | Crisp Outside, Soft & Chewy Inside",Yeast Mode,https://www.youtube.com/watch?v=Y36OS7TgY8s,2826088,38445,20210925,description,,1/2 cup unsalted butter(softened)  [115 grams] | 1/2 cup brown sugar [100 grams] | 1/2 cup white sugar [100 grams] | 1 whole egg (large) [60 grams] | 1 & 1/4 cups all purpose flour [168 grams] | 1 tbsp cornstarch [8 grams] | 1/2 tsp baking soda [0.7 gram] | 1/4 tsp salt [1.5 gram] | 1 cup chocolate chips [150 grams],"all-purpose flour,baking soda,brown sugar,butter,chocolate chips,cornstarch,egg,granulated sugar,salt"
ubSVLdgvbYo,Nutella Stuffed Chocolate Chip Cookies Recipe,The Cooking Foodie,https://www.youtube.com/watch?v=ubSVLdgvbYo,2716571,75233,20181105,description,,1 cup (230g) butter | 2 eggs | 1 cup (200g) brown sugar | 1/2 cup (100g) white sugar | 1 teaspoon vanilla extract | 1 teaspoon baking soda | 1/2 teaspoon salt | 1 cup (175g) Chocolate chips,"baking soda,brown sugar,butter,chocolate chips,egg,granulated sugar,salt,vanilla extract"
sdTJWvH7--0,3-ingredient Butter Cookies That Will Melt In Your Mouth,Spice Bangla,https://www.youtube.com/watch?v=sdTJWvH7--0,2456442,58434,20231211,recipe_page,https://www.spicebangla.com/butter-cookies-recipe/,1 cup Soften Butter. | 1/2 cup Powdered Sugar. | 2 cups All-Purpose Flour.,"all-purpose flour,butter,powdered sugar"
2fbVUzl8Uyk,How to Make Royal Icing,Preppy Kitchen,https://www.youtube.com/watch?v=2fbVUzl8Uyk,2338557,49089,20211202,recipe_page,https://preppykitchen.com/royal-icing/,3  egg whites | 1 pound confectioners’ sugar ((450g)) | 1 teaspoon vanilla extract,"egg,powdered sugar,vanilla extract"
mwiKZ4qmRnQ,The Best Ever Vegan Chocolate Chip Cookies,Tasty,https://www.youtube.com/watch?v=mwiKZ4qmRnQ,2317741,64025,20171219,recipe_page,https://tasty.co/recipe/vegan-chocolate-chip-cookies,"½ cup sugar | ¾ cup dark brown sugar, packed | 1 teaspoon salt | ½ cup refined coconut oil, melted | ¼ cup non-dairy milk | 1 teaspoon vanilla extract | 1 ½ cups flour | ½ teaspoon baking soda | 4 oz vegan semi-sweet chocolate, chunks | 4 oz vegan dark chocolate, chunks","all-purpose flour,baking soda,brown sugar,chocolate chips,granulated sugar,milk,oil,salt,vanilla extract"
bwPRW5brvoM,COCONUT COOKIES / Original Bakery Biscuits at Home by (YES I CAN COOK),Yes I Can Cook,https://www.youtube.com/watch?v=bwPRW5brvoM,2220878,31204,20201031,description,,6 ARABIC RECIPES | 10 DAYS DINNER RECIPES | 13 SNACKS FOLDING IDEAS | 6 FAST FOOD RECIPES YOU CAN MAKE AT HOME | 6 BEST CHICKEN CURRIES | 4 RECIPES FOR A TASTY DINNER PARTY | 4 SPECIAL BIRYANI RECIPES | 6 COFFEE RECIPES,
zgCO25Ute0s,Can A Vegan Chocolate Chip Cookie Satisfy A Cookie Lover? | Goodful,Goodful,https://www.youtube.com/watch?v=zgCO25Ute0s,2190605,68260,20191213,description,,"3 ounces finely chopped pecans (about 1 cup) | ¾ cup refined coconut oil, melted | ¾ cup dark brown sugar | ½ cup granulated sugar | ¼ cup unsweetened non-dairy milk of choice | 1 teaspoon vanilla extract | ½ teaspoon baking soda | 1 3.5-ounce dark chocolate bar, chopped | ½ cup semisweet chocolate chunks | 1 cup raw unsalted cashews | 4 cups filtered water | 3-4 Medjool dates, pitted | 1 vanilla bean, seeds scraped, or 1 teaspoon vanilla extract | ¼ teaspoon Himalayan salt","baking soda,brown sugar,chocolate chips,granulated sugar,milk,nuts,oil,salt,vanilla extract"
q8oy0pz5YKA,3 Ingredient Sugar Cookies,Dished,https://www.youtube.com/watch?v=q8oy0pz5YKA,1943531,23104,20210215,description,,"1/3 cup granulated sugar | 1 stick plus 2 tbsp salted butter, softened | 1 cup all-purpose flour","all-purpose flour,butter,granulated sugar"
nklRiQXkY9o,The Best Soft & Chewy Snickerdoodle Cookies,Tasty,https://www.youtube.com/watch?v=nklRiQXkY9o,1884828,47630,20170909,description,,"¼ cup sugar | 2 tablespoons ground cinnamon | 1 cup butter, softened | 2 teaspoon vanilla | 1 cup sugar | ⅓ cup brown sugar | 2 eggs | 3 cups flour | 1 tablespoon cinnamon | 2 teaspoons cream of tartar | 1 teaspoon baking soda | ¼ teaspoon salt","all-purpose flour,baking soda,brown sugar,butter,cinnamon,cream of tartar,egg,granulated sugar,salt,vanilla extract"
gGBC4-CsXOM,Claire Saffitz Makes The Best Oatmeal Cookies | Dessert Person,Claire Saffitz x Dessert Person,https://www.youtube.com/watch?v=gGBC4-CsXOM,1863831,60197,20201217,description,,"1 1/4 cups coarsely chopped pecans (5oz / 142g) | 3/4 cups granulated sugar (5.3oz / 150g) | 4 tablespoons unsalted butter (2 oz / 57g) | 1/2 teaspoon baking soda | 1/2 teaspoon Diamond Crystal kosher salt | 2 sticks unsalted butter (8 oz/ 227g), cut into tablespoons | 1 1/3 cups all-purpose flour (6.1oz / 173g) | 2 teaspoons Diamond Crystal kosher salt (0.22 oz / 6g) | 1 teaspoon baking soda (0.21 oz / 6g) | 2 cups old-fashioned rolled oats, not quick-cooking (7 oz / 200g) | 3/4 cup packed dark brown sugar (5.3 oz / 150g) | 1/2 cup granulated sugar (3.5 oz / 100g) | 2 large eggs (3.5 oz / 100g) cold from refrigerator | 1 tablespoon vanilla extract","all-purpose flour,baking soda,brown sugar,butter,egg,granulated sugar,nuts,oats,salt,vanilla extract"
ChDz833ew48,How to Make Chocolate Chip Cookies - Easy Soft Chewy Chocolate Chip Cookie Recipe,In The Kitchen With Matt,https://www.youtube.com/watch?v=ChDz833ew48,1842701,35669,20161213,description,,2 1/2 cups of all-purpose flour (310g) | 1 cup of unsalted softened butter (225 g) | 1 cup of packed brown sugar (200 g) | 1/2 cup of white granulated sugar (100 g) | 2 large eggs | 2 tsp. of vanilla extract (10ml) | 1/2 tsp. of salt (2.5 g) | 1 tsp. of baking soda (5 g) | 1 package semi-sweet chocolate chips or milk chocolate (about 2 cups or 350g),"all-purpose flour,baking soda,brown sugar,butter,chocolate chips,egg,granulated sugar,salt,vanilla extract"
dzm_QDCqm2U,Butter Cookies Recipe | How to Make Butter cookies,The Cooking Foodie,https://www.youtube.com/watch?v=dzm_QDCqm2U,1802815,42595,20191207,description,,"1 cup (230g) Butter, room temperature | 2/3 cup (85g) powdered sugar | 1/3 cup (45g) Cornstarch | 1/4 teaspoon Salt | 1 teaspoon Vanilla extract","butter,cornstarch,powdered sugar,salt,vanilla extract"
Hobi9J9fRnA,Super Easy HEALTHY Oatmeal Cookies,Food Metrica,https://www.youtube.com/watch?v=Hobi9J9fRnA,1763638,22465,20230214,recipe_page,https://foodmetrica.com/oatmeal-cookies-with-pecan/,1 cup rolled oats (100 g) | ¾ tsp baking powder (4 g) | 1 tsp cinnamon | 1 pinch nutmeg | ¼ tsp salt | 1 tsp vanilla extract | ⅓ cup melted coconut oil (90 g) | ⅓ cup granulated sugar (NOT FINE!!) (60 g) | 1 Tbsp ground flax seeds | 3 Tbsp milk or water ((30-40 g)) | ¼ cup chopped pecan nuts (or any chopped nuts) | ¼ cup dried cranberries (or any chopped dried fruits/berries) | 1⅓ cup oat flour (130 g),"all-purpose flour,baking powder,cinnamon,granulated sugar,milk,nutmeg,nuts,oats,oil,salt,vanilla extract"
mA7R20BMfTo,EASY No Spread Sugar Cookies Recipe,Preppy Kitchen,https://www.youtube.com/watch?v=mA7R20BMfTo,1753341,36051,20231114,recipe_page,https://preppykitchen.com/sugar-cookies/,4 cups all-purpose flour ((480g)) | ¾ teaspoon salt | ¾ teaspoon baking powder | 1 cup unsalted butter (softened (227g)) | 1 cup granulated sugar ((200g)) | 2 large eggs | 2 teaspoons vanilla extract,"all-purpose flour,baking powder,butter,egg,granulated sugar,salt,vanilla extract"
brZVMqRlc5w,Classic Gingerbread Cookies Recipe,Preppy Kitchen,https://www.youtube.com/watch?v=brZVMqRlc5w,1748633,34091,20211211,recipe_page,https://preppykitchen.com/gingerbread-men/,"3 cups all-purpose flour ((360g)) | 1 teaspoon baking soda | ¼ teaspoon salt | 2 teaspoons ground ginger | 1 teaspoon cinnamon | ¼ teaspoon ground cloves | ¼ teaspoon ground nutmeg | ¾ cup unsalted butter (room temperature (170g)) | ¾ cup firmly packed light brown sugar ((165g)) | ½ cup unsulphured molasses ((120mL)) | 1  large egg (room temperature) | 1 teaspoon vanilla extract ((5mL)) | Royal icing (or easy sugar cookie icing, for decorating)","all-purpose flour,baking soda,brown sugar,butter,cinnamon,cloves,egg,ginger,granulated sugar,molasses,nutmeg,salt,vanilla extract"
nfn0O25aDaU,The Best Recipe for Chewy Oatmeal Cookies is Not on the Back of the Oat Canister,America's Test Kitchen,https://www.youtube.com/watch?v=nfn0O25aDaU,1727293,38044,20190413,recipe_page,https://cooks.io/2q33t4O,1 cup (5 ounces/142 grams) all-purpose flour | 3/4 teaspoon salt | 1/2 teaspoon baking soda | 4 tablespoons (57 grams) unsalted butter | 1/4 teaspoon ground cinnamon | 3/4 cup packed (5 1/4 ounces/149 grams) dark brown sugar | 1/2 cup (3 1/2 ounces/99 grams) granulated sugar | 1/2 cup (105 grams) vegetable oil | 1 large egg plus 1 large yolk | 1 teaspoon vanilla extract | 3 cups (9 ounces/255 grams) old-fashioned rolled oats | 1/2 cup (71 grams) raisins,"all-purpose flour,baking soda,brown sugar,butter,cinnamon,egg,granulated sugar,oats,oil,raisins,salt,vanilla extract"
dMPTxTmZDzE,Rick Makes Chocolate Chip Toffee Cookies | From the Test Kitchen | Bon Appétit,Bon Appétit,https://www.youtube.com/watch?v=dMPTxTmZDzE,1705040,54047,20181123,recipe_page,https://www.bonappetit.com/recipe/brown-butter-and-toffee-chocolate-chip-cookies,"1 cup (2 sticks; 227 g) unsalted butter | 2 cups (250 g) all-purpose flour | 1 tsp. baking soda | ¾ tsp. Diamond Crystal or ½ tsp. Morton kosher salt | 1 cup (packed; 215 g) dark brown sugar | ⅓ cup (73 g) granulated sugar | 2 large eggs, room temperature | 2 tsp. vanilla extract | 2 1.4-oz. (80 g total) chocolate toffee bars (preferably Skor), chopped into ¼"" pieces | 1½ cups (216 g) chocolate wafers (disks, pistoles, fèves; preferably 72% cacao) | Flaky sea salt","all-purpose flour,baking soda,brown sugar,butter,egg,flaky sea salt,granulated sugar,salt,vanilla extract"
4hMfOmqD720,3-Ingredient Peanut Butter Cookies,Tasty,https://www.youtube.com/watch?v=4hMfOmqD720,1701601,27461,20170323,description,,1 cup peanut butter | ½ cup sugar | 1 egg,"egg,granulated sugar,peanut butter"
sF7HEkSHbic,Milk Cookies in 5 Minutes! A Simple and Delicious Recipe!,Sweet Recipes,https://www.youtube.com/watch?v=sF7HEkSHbic,1693749,25261,20250925,description,,2 Eggs | 1/4 tsp Salt | 1 cup Sugar (200 g) | 1/2 cup Vegetable Oil (100 ml) | 1/3 cup Milk (80 ml) | 1 tsp Baking Powder | 1.5 tsp Baking powder | 1/4 tsp Salt | 6.3 oz Butter (180g) | 1 can Condensed milk (380g),"baking powder,butter,egg,granulated sugar,milk,oil,salt"
5NDJ6uuVFA4,Easy and Delicious Shortbread Cookies,Preppy Kitchen,https://www.youtube.com/watch?v=5NDJ6uuVFA4,1664965,37236,20190926,recipe_page,https://preppykitchen.com/shortbread-cookies-recipe/,"10 tbsp unsalted butter (unsalted butter, at room temperature 142g) | 1/2 cup confectioners' sugar | 1/2 teaspoon pure vanilla extract | 1 1/2 cups all-purpose flour (180g) | 1/2 teaspoon kosher salt (optional)","all-purpose flour,butter,powdered sugar,salt,vanilla extract"
F5n-JYMUY34,"5-Minuten-Kokosplätzchen, die das Internet im Sturm erobert haben!",Tasty cookies,https://www.youtube.com/watch?v=F5n-JYMUY34,1664347,34590,20250814,description,,80 g Zucker | 80 g Butter | 2 Eier | 110 g Mehl | 1 TL Backpulver | 100 g Kokosflocken | 1 TL Vanilleextrakt,butter
te2hbuewsEM,3 Ingredient Shortbread Cookies - Easy and Delicious Shortbread Cookies,Yummy Kitchen Recipe,https://www.youtube.com/watch?v=te2hbuewsEM,1537970,18412,20201120,description,,"1 cup (16 tbsp, 230g) butter | 1/2 cup (50g) powdered sugar | 2 cups (250g) all purpose flour | 2.5 inch cookie cutter","all-purpose flour,butter,powdered sugar"
L5mVKZnTqac,How to Make The BEST ROYAL ICING (Quick & Easy Tasty Recipe),Little Cookie Co,https://www.youtube.com/watch?v=L5mVKZnTqac,1536625,36219,20210404,description,,1 bag of icing sugar (1kg) *see note below | 3 tablespoons of meringue powder (30 grams) | 2/3 cup of water (158 ml - do not use all at once) | 1/4 cup corn syrup (85 grams) | 1 tablespoon of vanilla extract (15 ml) | 1 tablespoon of butter bakery emulsion (15 ml) | 1 teaspoon of Americolor bright white (15 ml),"butter,powdered sugar,vanilla extract"
9ThezB21fhA,"Once You Try Chocolate chip Cookies This Way, You Won't Go Back",Sugar Spun Run,https://www.youtube.com/watch?v=9ThezB21fhA,1494577,44655,20260122,description,,1 cup (225 g) unsalted butter cut into Tablespoon-sized pieces | 1 cup (200 g) light or dark brown sugar¹ | ⅔ cup (135 g) white sugar | 2 large eggs room temperature | 1 ½ teaspoons vanilla extract | 2 ¾ cups (340 g) all-purpose flour | 1 teaspoon cornstarch | 1 teaspoon baking powder | 1 teaspoon baking soda | ¾ teaspoon table salt | 10 oz (285 g) semisweet chocolate² see note,"all-purpose flour,baking powder,baking soda,brown sugar,butter,chocolate chips,cornstarch,egg,granulated sugar,salt,vanilla extract"
EMRWGjQ2Xzc,Quick and Easy Royal Icing Recipe,The Honey Blonde,https://www.youtube.com/watch?v=EMRWGjQ2Xzc,1480207,26605,20200526,description,,1 lb (453 g) powdered sugar (about 4 cups) | 1/4 cup (60 ml) water (plus more for thinning) | 1 tsp (1.2 ml) vanilla extract,"powdered sugar,vanilla extract"
55ChT43cjE0,4 Ingredient Butter Cookie Crunch super easy to make,Savor Easy,https://www.youtube.com/watch?v=55ChT43cjE0,1420060,16215,20230704,description,,1 and ½ cup softened butter (340g) salted butter | 3/4 cup icing sugar (100g) | 2 teaspoon vanilla extract (10ml) | 2 and 3/4 cups all purpose flour (350g),"all-purpose flour,butter,powdered sugar,vanilla extract"
glmGqRcrgDM,"Easy, Delicious Chocolate Crinkle Cookies",Preppy Kitchen,https://www.youtube.com/watch?v=glmGqRcrgDM,1413199,34704,20191114,recipe_page,https://preppykitchen.com/chocolate-crinkle-cookies/,1 cup unsweetened cocoa powder ((100g)) | ½ cup vegetable oil ((120mL)) | 4 large eggs (room temperature) | 2 teaspoons vanilla extract | 2 cups all-purpose flour ((240g)) | 2 teaspoons baking powder | ¾ teaspoon salt | 1 cup powdered sugar ((120g)) | 1¾ cups granulated sugar ((350g)),"all-purpose flour,baking powder,cocoa powder,egg,granulated sugar,oil,powdered sugar,salt,vanilla extract"
Pnu7HB_lSOA,Easy Homemade Lofthouse Cookies,Preppy Kitchen,https://www.youtube.com/watch?v=Pnu7HB_lSOA,1409652,54103,20210525,recipe_page,https://preppykitchen.com/lofthouse-cookies/,2 1/4 cups all-purpose flour ((270g)) | 1/2 teaspoon baking powder | ¼ tsp baking soda | 1 tbsp cornstarch | 1/2 tsp salt | 1/2 cup unsalted butter  (room temperature (113g)) | 1 cup granulated sugar ((200g)) | 1  egg  (room temperature) | 1/4 cup sour cream room temperature ((60g)) | 1 1/2 tsp vanilla extract ((7.5ml)) | ¼ tsp almond extract  (optional) | ½ cup butter room temperature ((113g)) | 2 cups powdered sugar  ((240g)) | 1 tsp pure vanilla extract ((5ml)) | 2 tbsp Milk  ((30mL) plus more if needed) | Food coloring optional | Sprinkles optional,"all-purpose flour,baking powder,baking soda,butter,cornstarch,egg,granulated sugar,milk,nuts,powdered sugar,salt,vanilla extract"
q_-Lj5Ly33M,Stuffed Chocolate Chip Cookies,Tasty,https://www.youtube.com/watch?v=q_-Lj5Ly33M,1387802,42149,20180804,recipe_page,https://tasty.co/recipe/stuffed-chocolate-chip-cookies,"1 cup unsalted butter, 2 sticks | ½ cup granulated sugar | 1 ½ cups dark brown sugar | 2 teaspoons vanilla extract | 1 tablespoon greek yogurt | 1 large egg | 1 large egg yolk | 2 ½ cups all-purpose flour | ½ teaspoon baking soda | ¼ teaspoon salt | ¾ cup milk chocolate chips | ½ cup mini chocolate chips | 1 tablespoon caramel, per cooking | 1 tablespoon cookie butter, per cookie | 1 tablespoon chocolate hazelnut spread, per cookie | 1 tablespoon peanut butter, per cookie | ¼ cup mini marshmallows | ¼ cup chocolate caramel candy, chopped | ¼ cup chocolate chips | ¼ cup chocolate sandwich cookie, crushed | ¼ cup white chocolate chip | ¾ cup rainbow sprinkles | ¼ cup pretzel, crushed | ¼ cup potato chip, crushed","all-purpose flour,baking soda,brown sugar,butter,chocolate chips,egg,granulated sugar,nuts,peanut butter,salt,vanilla extract,white chocolate"
hgxRfVqcr7o,CHEWY Vanilla Sugar Cookie Recipe,Emma's Goodies,https://www.youtube.com/watch?v=hgxRfVqcr7o,1374982,37838,20170825,description,,"00133 Roma | - 140 gr All Purpose Flour | - 100 gr unsalted Butter ( Use good quality butter, I use 82% fat butter) | - 120 gr White Sugar | - 2 Egg Yolks | - 1 tsp Vanilla Extract | - 3/4 tsp Baking Powder | - 1/2 tsp Baking Soda | - 1 cup + 1 tbsp All Purpose Flour | - 1 stick of unsalted Butter  ( Use good quality butter, I use 82% fat butter) | - 1/2 cup + 2 tbsp White Sugar | - 2 Egg Yolks | - 1 tsp Vanilla Extract | - 3/4 tsp Baking Powder | - 1/2 tsp Baking Soda","all-purpose flour,baking powder,baking soda,butter,egg,granulated sugar,vanilla extract"
kSvexYR2w6E,Chewy Oatmeal Cookies Recipe,Preppy Kitchen,https://www.youtube.com/watch?v=kSvexYR2w6E,1360908,25936,20241031,recipe_page,https://preppykitchen.com/oatmeal-raisin-cookies/,"1 cup all-purpose flour ((120g)) | 1/2 tsp baking soda ((3g)) | 1/2 tsp salt ((5g)) | 1/2 tsp cinnamon | 1/2 cup unsalted butter (room temperature, (113g)) | 1/2 cup brown sugar (packed (110g)) | 1/3 cup granulated sugar ((66g)) | 1 1/2 tsp vanilla extract ((7mL)) | 1  large egg | 1 1/2 cups rolled oats ((150g)) | 1 cup raisins ((160g))","all-purpose flour,baking soda,brown sugar,butter,cinnamon,egg,granulated sugar,oats,raisins,salt,vanilla extract"
YKc05pfqtm8,Easy Classic Sugar Cookies | No Mixer Needed!,Cook Me Food,https://www.youtube.com/watch?v=YKc05pfqtm8,1348179,28865,20200619,description,,"• 2 ¾ cup (358g) all-purpose flour | • 1 tsp baking soda | • ½ tsp baking powder (Optional: However, using it creates more lift) | • 1 cup (225g) unsalted butter (room temperature) | • 1 large egg (room temperature) | • 1 ½ cup (300g) white sugar + more for coating | * 3 - INGREDIENT Scottish Shortbread Cookies | No Mixer Needed! | * 5 - INGREDIENT Cheesecake Thumbprint Cookies | No Mixer Needed!","all-purpose flour,baking powder,baking soda,butter,egg,granulated sugar"
0JSFKhco8cY,Giant Levain Bakery Chocolate Chip Cookies By June | Delish,Delish,https://www.youtube.com/watch?v=0JSFKhco8cY,1289051,35691,20191126,recipe_page,https://www.delish.com/cooking/recipe-ideas/recipes/a46396/copycat-levain-bakery-cookies/,"2 c. all-purpose flour | 1 1/4 c. cake flour | 2 tsp. baking powder | 1/4 tsp. baking soda | 1/4 tsp. kosher salt | 1 c. (2 sticks) cold butter, cubed | 2/3 c. packed brown sugar | 2/3 c. granulated sugar | 2 c. dark chocolate chips | 1 c. very coarsely chopped walnuts, lightly toasted | 2 large eggs, lightly beaten","all-purpose flour,baking powder,baking soda,brown sugar,butter,chocolate chips,egg,granulated sugar,nuts,salt"
y-uiS-JQle4,Super Easy Double Chocolate Chip Cookies Recipe,Preppy Kitchen,https://www.youtube.com/watch?v=y-uiS-JQle4,1271310,25614,20211120,recipe_page,https://preppykitchen.com/double-chocolate-chip-cookies/,"1 cup all-purpose flour ((120g)) | ⅓ cup natural unsweetened cocoa powder ((33g)) | ½ teaspoon baking soda | ½ teaspoon salt | ½ cup unsalted butter (softened, (113g)) | ½ cup light brown sugar ((110g)) | ⅓ cup granulated sugar ((66g)) | 1  large egg | 2 teaspoons vanilla extract | 1 cup semisweet chocolate chips (or dark chocolate chunks or chopped bars (180g))","all-purpose flour,baking soda,brown sugar,butter,chocolate chips,cocoa powder,egg,granulated sugar,salt,vanilla extract"
NJnUbkAXvjk,Salted Chocolate Brownie Cookies | Cupcake Jemma,CupcakeJemma,https://www.youtube.com/watch?v=NJnUbkAXvjk,1269885,32426,20150723,description,,"120g rye flour | 1 tsp baking powder | 1/4tsp salt | 395g dark chocolate (70% cocoa solids) | 50g unsalted butter, chopped | 4 lg free range eggs | 270g light soft brown sugar | 1 Kingly Court","all-purpose flour,baking powder,brown sugar,butter,chocolate chips,egg,salt"
Xhq-EVufDzM,Scottish Shortbread All Butter Just like Walkers!,Backyard Chef,https://www.youtube.com/watch?v=Xhq-EVufDzM,1269749,38811,20230725,description,,600g A. P Flour | 400g unsalted butter | 200g caster sugar,"all-purpose flour,butter,granulated sugar"
jICNW-T11bM,My Ultimate Cookie | Basics with Babish,Binging with Babish,https://www.youtube.com/watch?v=jICNW-T11bM,1255735,42809,20230325,recipe_page,https://basicswithbabish.co/basicsepisodes/ultimate-cookie,"226 g browned butter, room temperature (see notes for flavor enhancement) | 276 g light brown sugar (reduce by 30% for a less sweet cookie) | 127 g granulated white sugar | 2 large eggs | 326 g all purpose flour | 2 tsp kosher salt (adjust to 1 tbsp for a savory cookie, or reduce for less salty flavor) | 1 tbsp hazelnut coffee grounds, finely ground | 1 tsp vanilla extract | 1/2 tsp baking soda | 1/2 tsp baking powder | 453 g inclusions of your choice (see suggestions below) | 1 tbsp brown miso paste (for an umami boost, reduce salt if adding miso) suggested by avalonhpa | 100 g sourdough discard (reduced by 10% to 20%) | For the Dough | For the Optional Additions | For the Suggested Inclusions | Semi  sweet or dark chocolate chips | milk chocolate chips | butterscotch chips | peanut butter chips | toffee bar chunks | dark chocolate | kettle chips | pretzel chips | caramel popcorn","all-purpose flour,baking powder,baking soda,brown sugar,butter,chocolate chips,egg,granulated sugar,nuts,peanut butter,salt,vanilla extract"
oXamQySpYsg,Chewy Chocolate Chip Cookies,Preppy Kitchen,https://www.youtube.com/watch?v=oXamQySpYsg,1243466,28997,20190212,recipe_page,https://preppykitchen.com/chewy-chocolate-chip-cookies/,¾ teaspoon baking soda | ¾ teaspoon salt | 1 cup unsalted butter (softened (227g)) | ¾ cup light brown sugar ((165g)) | ½ cup granulated sugar ((100g)) | 1 large egg | 1 tablespoon vanilla extract | 2½ cups all-purpose flour ((300g)) | 1½ cups semisweet chocolate chips ((or chocolate chunks) (270g)),"all-purpose flour,baking soda,brown sugar,butter,chocolate chips,egg,granulated sugar,salt,vanilla extract"
gf-er6Rbw5g,Soft Cookies n' Cream Cookies ♡ Bake With Me,a little calm,https://www.youtube.com/watch?v=gf-er6Rbw5g,1242628,40441,20250312,description,,12 chopped oreos | 1/2 cup (90g) white chocolate chips | 1 and 1/2 cups (340g) dark brown sugar | 1/3 cup (65g) sugar | 1 cup melted butter (227g) (unsalted or salted) | 2 eggs | 2 tsp vanilla extract | 2 tbsp milk (any milk will work) | 3 cups (360g) all-purpose flour | 3/4 tsp salt | 3/4 tsp baking soda | 1/2 tsp baking powder | 1/2 tsp cinnamon | 1 tsp cornstarch,"all-purpose flour,baking powder,baking soda,brown sugar,butter,cinnamon,cornstarch,egg,granulated sugar,milk,salt,vanilla extract,white chocolate"
MQzJ9PEiy-Y,Levain Bakery's Chocolate Chip Walnut Cookie,Savor Easy,https://www.youtube.com/watch?v=MQzJ9PEiy-Y,1210917,26797,20200715,description,,200 grams cold unsalted butter | 3/4 cup brown sugar (130g) | 1/2 cup white sugar (100g) | 2 large eggs | 1 tsp vanilla | 2 and 1/2 cup all purpose flour (312g) | 1 tsp baking powder (5g) | 1 tsp baking soda (5g) | 1/2 tsp salt (3g) | 2 cups roasted walnuts (roughly chopped) 200g | 2 and 1/2 cup semi sweet chocolate chips (300g) | 200 جرام زبدة غير مملحة باردة | 3/4 كوب سكر بني (130 جم) | 1/2 كوب سكر أبيض (100 جرام) | 2 بيض كبير | 1 ملعقة صغيرة فانيليا | 2 و 1/2 كوب دقيق متعدد الأغراض (312 جم) | 1 ملعقة صغيرة بيكنج بودر (5 جم) | 1 ملعقة صغيرة من صودا الخبز (5 جم) | 1/2 ملعقة صغيرة ملح (3 جم) | 2 كوب من الجوز المحمص (مفروم تقريبًا) 200 جم | 2 و 1/2 كوب رقائق شوكولاتة نصف حلوة (300 جرام) | 200 gramas de manteiga sem sal fria | 3/4 de xícara de açúcar mascavo (130g) | 1/2 xícara de açúcar branco (100g) | 2 ovos grandes | 1 colher de chá de baunilha | 2 e 1/2 xícara de farinha de trigo (312g) | 1 colher de chá de fermento em pó (5g) | 1 colher de chá de bicarbonato de sódio (5g) | 1/2 colher de chá de sal (3g) | 2 xícaras de nozes torradas (picadas) 200g | 2 e 1/2 xícara de gotas de chocolate semi-doce (300g) | 200 gramos de mantequilla sin sal fría | 3/4 taza de azúcar morena (130 g) | 1/2 taza de azúcar blanca (100 g) | 2 huevos grandes | 1 cucharadita de vainilla | 2 y 1/2 taza de harina para todo uso (312 g) | 1 cucharadita de polvo de hornear (5 g) | 1 cucharadita de bicarbonato de sodio (5 g) | 1/2 cucharadita de sal (3 g) | 2 tazas de nueces tostadas (picadas) 200 g | 2 y 1/2 taza de chispas de chocolate semi dulce (300 g),"all-purpose flour,baking powder,baking soda,brown sugar,butter,chocolate chips,egg,granulated sugar,nuts,salt,vanilla extract"
HNB1b5mod1g,Oatmeal Raisin Cookies,Preppy Kitchen,https://www.youtube.com/watch?v=HNB1b5mod1g,1139728,28370,20210204,recipe_page,https://preppykitchen.com/oatmeal-raisin-cookies/,"1 cup all-purpose flour ((120g)) | 1/2 tsp baking soda ((3g)) | 1/2 tsp salt ((5g)) | 1/2 tsp cinnamon | 1/2 cup unsalted butter (room temperature, (113g)) | 1/2 cup brown sugar (packed (110g)) | 1/3 cup granulated sugar ((66g)) | 1 1/2 tsp vanilla extract ((7mL)) | 1  large egg | 1 1/2 cups rolled oats ((150g)) | 1 cup raisins ((160g))","all-purpose flour,baking soda,brown sugar,butter,cinnamon,egg,granulated sugar,oats,raisins,salt,vanilla extract"
OEK7ZqHrxbI,"Recipe: Nutella Stuffed Chocolate Chip Skillet Cookie – Warm, Melty Perfection",Cafe Delites,https://www.youtube.com/watch?v=OEK7ZqHrxbI,1139618,19188,20160124,recipe_page,http://cafedelites.com/2015/01/31/nutella-stuffed-deep-dish-chocolate-chip-skillet-cookie-pizookie/,"1/2 cup butter (softened) | 1/2 cup light brown sugar (lightly packed) | 1/3 cup granulated sugar | 2 teaspoons vanilla extract | 1  egg (large) | 1 cup flour (all purpose or plain flour) | 1/2 teaspoon baking soda | 1/3 teaspoon salt | 1/2 cup dark/semi-sweet chocolate chips | 1/2 cup nutella (melted, or this Refined Sugar-Free Nutella Spread)","all-purpose flour,baking soda,brown sugar,butter,chocolate chips,egg,granulated sugar,salt,vanilla extract"
h9BV6rtr5n8,"Christmas Cookies 🎅🏼 SLICE & BAKE! (Santa, boots & wreath cookies) | Holiday Cookies Recipe",Pastry Living with Aya,https://www.youtube.com/watch?v=h9BV6rtr5n8,1093183,23115,20221211,recipe_page,https://pastryliving.com/slice-bake-3-cute-christmas-cookies-video/,226 g Butter (softened) | 160 g Powdered sugar | 1/4 teaspoon Salt | 1 egg Whole egg | 1 yolk Egg yolk (Save the egg white for egg wash.) | 350 g Cake flour | 70 g Almond flour | Some  Food colorings (Your choice) | Some  Sprinkles (Your choice) | Some  Egg white for egg wash (Mix the same amount of egg white and water to make the egg wash.),"all-purpose flour,butter,egg,nuts,powdered sugar,salt"
XNmjr8AQZbk,The BEST Gingerbread Cookie Recipe Ever!,Rosanna Pansino,https://www.youtube.com/watch?v=XNmjr8AQZbk,1061691,24696,20181216,description,,4 cups all-purpose flour | 1 teaspoon baking soda | 2 teaspoons ground cinnamon | 1 1/2 teaspoons ground ginger | 1/2 teaspoon ground cloves | 1/2 teaspoon ground nutmet | 1 teaspoon salt | 12 tablespoons unsalted butter | 1 cup packed dark brown sugar | 1 large egg | 3/4 cup molasses,"all-purpose flour,baking soda,brown sugar,butter,cinnamon,cloves,egg,ginger,molasses,salt"
QEoqWx-Lq1A,My Scottish Grandma's Famous Shortbread Recipe + Why I Flew to Florida for it!,Brian Lagerstrom ,https://www.youtube.com/watch?v=QEoqWx-Lq1A,1058041,33806,20211223,description,,320g or 2 -2.5 CUPS AP FLOUR | 110g or 1/2 CUP WHITE RICE FLOUR | 110g or 1/2 CUP  SUGAR | 220g or 2 STICKS COLD BUTTER(16 TBSP) (cut into small cubes or grated on box grater) | 3g SALT or 1/2 tsp | 9 Cut along perforations while still hot...serve | 320g or  2-2.5  CUPS AP FLOUR | 110g or 1/2 CUP WHITE RICE FLOUR | 55g or 1/4C.  SUGAR | 55g 0r 1/4C.  BROWN SUGAR | 3g or 3/4tsp VANILLA EXTRACT | 220g or 2 STICKS (16 TBPS) COLD BUTTER (cut into small cubes or grated on box grater) | 3g or 1/2 tsp SALT | 115g or 4 OZ  70% CACAO CHOCOLATE,"all-purpose flour,brown sugar,butter,granulated sugar,salt,vanilla extract"
LV99_0ji4q4,How to make the BEST Double Chocolate Cookies,Simply Home Cooked,https://www.youtube.com/watch?v=LV99_0ji4q4,1050021,23645,20200509,description,,* 1 cup all-purpose flour | * 1/3 cup dutch cocoa powder | * 1/4 teaspoon salt | * 1 teaspoon baking powder | * 1/3 cup unsalted butter melted | * 1/2 cup golden brown sugar | * 1/2 cup granulated sugar | * 1 large egg + 1 egg yolk at room temp | * 1 teaspoon vanilla extract | * 1 cup semisweet chocolate chips,"all-purpose flour,baking powder,brown sugar,butter,chocolate chips,cocoa powder,egg,granulated sugar,salt,vanilla extract"
64C1NLfPFLM,S`mores Cookies | 3 Flavors Chocolate Chip Cookies With Marshmallow | Red Velvet And Chocolate,Let's Stella,https://www.youtube.com/watch?v=64C1NLfPFLM,1021405,30659,20210415,description,,90g room temperature butter (1/3 cup and 1tbsp) | 30g white sugar (2 and 1/2tbsp) | 50g brown sugar (1/3 cup) | 1 egg ( room temperature) | 160g cake flour ( 1 and 1/3 cup) | 1/2 tsp baking powder | 1/2 tsp baling soda | 1tsp vanilla extract | 1/4 tsp salt | 40g chopped walnut (1/3 cup) | 40g chunk chocolate (1/3 cup) | 90g butter | 30g white sugar | 50g brown sugar | 1 egg | 130g cake flour ( 1cup and 2tbsp) | 20g cocoa powder (1/4 cup) | 1/2 tsp baking powder | 1/2 tsp baking soda | 1 tsp vanilla extract | 1/4 tsp salt | 50g chunk chocolate | 40g chopped nuts | 90g butter | 30g white sugar | 50g brown sugar | 1 egg | 140g cake flour ( 1cup and 3tbsp) | 10g cocoa powder (3tbsp) | 1/2 tsp baking powder | 1/2 tsp baking soda | 1/4 tsp salt | 1 and 1/2 tsp red food color | 50g chunk chocolate | 40g sliced almond | 20g white chocolate chips ( topping),"all-purpose flour,baking powder,baking soda,brown sugar,butter,cocoa powder,egg,granulated sugar,nuts,salt,vanilla extract,white chocolate"
_aYy_rdCZCQ,Easy Cut Out Sugar Cookies | Just 5 INGREDIENTS! | No Spread Sugar Cookie Recipe,Cook Me Food,https://www.youtube.com/watch?v=_aYy_rdCZCQ,1014659,19163,20211223,description,,• 1 cup (225g) salted butter (room temperature) | • 1 1/2 cup (180g) powdered sugar/icing sugar | • 1 large egg (room temperature) | • 1 1/2 tsp vanilla extract | • 3 1/4 cup (422g) all-purpose flour,"all-purpose flour,butter,egg,powdered sugar,vanilla extract"
LsnEE5ykwCs,The Best Chocolate Chip Cookies You’ll Ever Make (Bakery-Quality) | Epicurious 101,Epicurious,https://www.youtube.com/watch?v=LsnEE5ykwCs,1008835,23537,20241212,description,,"3 cups (385g) bread flour, scooped and leveled | 1 teaspoon (3g) baking powder | 1/2 teaspoon (3g) baking soda | 1 teaspoon (4g) kosher salt, such as diamond crystal | 8 ounces (226g) unsalted butter, chilled and cubed | 1 cup (200g) packed light brown sugar | 3/4 cup (145g) granulated sugar | 2 large eggs, chilled 131g in the shell | 2 teaspoon (10g) pure vanilla extract | 1 cup (145g) roughly chopped bittersweet chocolate, such as Guittard | 1 cup (145g) roughly chopped semisweet chocolate, such as Guittard | 1.In a large bowl, whisk together the bread flour, baking powder, baking soda, and salt. Set aside.","baking powder,baking soda,bread flour,brown sugar,butter,chocolate chips,egg,granulated sugar,salt,vanilla extract"
gLfIPN_WM48,Double Chocolate Chunk Cookies,Home Cooking Adventure,https://www.youtube.com/watch?v=gLfIPN_WM48,998596,16832,20140616,recipe_page,https://www.homecookingadventure.com/double-chocolate-chunk-cookies,4 ounces (120g) semisweet chocolate | 1/2 cup (110g) butter | 2  large eggs | 1 ¼ cup (250g) granulated sugar | 1 tsp (5g) vanilla extract | 1 cup (125g) all-purpose flour | 1/2 cup (60g) unsweetened cocoa powder | 1/2 tsp (3g) salt | 1/2 tsp (2g) baking soda | 1 ½ cup (240g) chocolate chunks or chocolate chips,"all-purpose flour,baking soda,butter,chocolate chips,cocoa powder,egg,granulated sugar,salt,vanilla extract"
X_5tAbWmby4,How to Make the Perfect Chocolate Chip Cookie ... Even Better? | Vaughn Vreeland | NYT Cooking,NYT Cooking,https://www.youtube.com/watch?v=X_5tAbWmby4,998483,22100,20230203,recipe_page,https://nyti.ms/3WYyoMm,"2 cups minus 2 tablespoons cake flour (8 ½ ounces) | 1 ⅔ cups bread flour (8 ½ ounces) | 1 ¼ teaspoons baking soda | 1 ½ teaspoons baking powder | 1 ½ teaspoons coarse sea salt, plus more for sprinkling | 1 ¼ cups unsalted butter (2 ½ sticks) | 1 ¼ cups light brown sugar (10 ounces) | 1 cup plus 2 tablespoons granulated sugar (8 ounces) | 2 large eggs | 2 teaspoons natural vanilla extract | 1 ¼ pounds bittersweet chocolate disks or fèves, at least 60 percent cacao content (see note)","all-purpose flour,baking powder,baking soda,bread flour,brown sugar,butter,egg,flaky sea salt,granulated sugar,vanilla extract"
22IdpXjZDZs,Easy Peanut Butter Bars Recipe,Preppy Kitchen,https://www.youtube.com/watch?v=22IdpXjZDZs,996948,29409,20250911,recipe_page,https://preppykitchen.com/peanut-butter-bars/,1 cup unsalted butter (melted and slightly cooled (226g)) | 2 cups graham cracker crumbs ((240g)) | 1½ cups creamy peanut butter (divided (396g)) | 1¾ cups powdered sugar ((210g)) | 1½ cups semi-sweet chocolate chips or milk chocolate chips ((270g)),"butter,chocolate chips,peanut butter,powdered sugar"
fRpxyaDw_nA,EASY Sugar Cookie Icing Recipe,Preppy Kitchen,https://www.youtube.com/watch?v=fRpxyaDw_nA,996385,25050,20211207,recipe_page,https://preppykitchen.com/sugar-cookie-icing/,1 cup powdered sugar | 1 tablespoon milk | 2 teaspoons light corn syrup | 1/4 teaspoon vanilla extract or almond extract | food coloring,"milk,powdered sugar,vanilla extract"
I0xAz9K3gMQ,How to make Chewy Salted Caramels | Cupcake Jemma,CupcakeJemma,https://www.youtube.com/watch?v=I0xAz9K3gMQ,992140,25274,20160623,description,,360g double cream | 1 tsp vanilla extract | 1 tsp sea salt | 360g golden syrup or liquid glucose | 420g caster sugar | 120g chopped unsalted butter | 1 Kingly Court,"butter,flaky sea salt,granulated sugar,vanilla extract"
enywbTvUKAc,EASY VEGAN COOKIE RECIPES,Liv B,https://www.youtube.com/watch?v=enywbTvUKAc,989883,36753,20170121,description,,1/2 cup vegan butter | 1 cup sugar | 1/4 cup non-dairy milk | 2 cups flour | 1 tsp baking powder | 1 tsp baking soda | 1/4 cup vegan butter | 1/4 cup vegan Nutella or homemade chocolate hazelnut butter | 1 cup sugar | 1/4 cup non-dairy milk | 2 cups flour | 1 tsp baking powder | 1 tsp baking soda | 1/2 cup vegan butter | 1 cup sugar | 1/4 cup non-dairy milk | 2 cups flour | 1 tsp baking powder | 1 tsp baking soda,"all-purpose flour,baking powder,baking soda,butter,granulated sugar,milk,nuts"
XvbJLZxCSM8,How To Make Sugar Cookies With Claire Saffitz | Dessert Person,Claire Saffitz x Dessert Person,https://www.youtube.com/watch?v=XvbJLZxCSM8,988276,23283,20211209,description,,"2 sticks unsalted butter | ¾ cup granulated sugar | 1 large egg | 2 teaspoons vanilla extract | 1 teaspoon kosher salt | 2 large egg whites | 1 lb. box confectioners sugar | 1 tablespoon fresh lemon juice, plus more as needed to thin","butter,egg,granulated sugar,powdered sugar,salt,vanilla extract"
C6nfwzawEcM,Chewy Oatmeal Raisin Cookies | Everyday Food with Sarah Carey,Everyday Food,https://www.youtube.com/watch?v=C6nfwzawEcM,950697,14632,20121129,description,,"1 1/2 cups old-fashioned rolled oats (not quick-cooking) | 1/2 cup all-purpose flour, (spooned and leveled) | 1/2 cup raisins | 1/2 teaspoon baking soda | 1/2 teaspoon salt | 6 tablespoons unsalted butter, room temperature | 1/2 cup packed dark-brown sugar | 1/4 cup granulated sugar | 1 large egg | 1 teaspoon pure vanilla extract","all-purpose flour,baking soda,brown sugar,butter,egg,granulated sugar,oats,raisins,salt,vanilla extract"
CMrkchcWHNo,Butter Cookies,Preppy Kitchen,https://www.youtube.com/watch?v=CMrkchcWHNo,943067,26294,20201008,recipe_page,https://preppykitchen.com/butter-cookies/,2 cups all-purpose flour ((240g)) | 1 cup unsalted butter (softened (227g)) | ½ teaspoon salt | ½ cup granulated sugar ((100g)) | 2  large egg yolks | 2 teaspoons vanilla extract | ⅓ cup sanding sugar or coarse sugar ((66g)),"all-purpose flour,butter,egg,granulated sugar,salt,vanilla extract"
FvN2oZQ1OJQ,Chewy Chocolate Chip Cookies Recipe,Preppy Kitchen,https://www.youtube.com/watch?v=FvN2oZQ1OJQ,942662,15937,20250710,recipe_page,https://preppykitchen.com/chewy-chocolate-chip-cookies/,¾ teaspoon baking soda | ¾ teaspoon salt | 1 cup unsalted butter (softened (227g)) | ¾ cup light brown sugar ((165g)) | ½ cup granulated sugar ((100g)) | 1 large egg | 1 tablespoon vanilla extract | 2½ cups all-purpose flour ((300g)) | 1½ cups semisweet chocolate chips ((or chocolate chunks) (270g)),"all-purpose flour,baking soda,brown sugar,butter,chocolate chips,egg,granulated sugar,salt,vanilla extract"
D8qydjmXjtQ,GINGERBREAD COOKIES | gingerbread man recipe,Irene Magazine,https://www.youtube.com/watch?v=D8qydjmXjtQ,916415,20139,20201216,description,,150g honey | 100g granulated sugar | 1tsp ground cinnamon | 1tsp ground ginger | 1/2 tsp ground cloves (optional) | 2 tsp baking soda | 130g unsalted butter (room temperature) | 1 egg | 400-450g flour,"all-purpose flour,baking soda,butter,cinnamon,cloves,egg,ginger,granulated sugar,honey"
k_1BdSzBaMc,Easy Coconut Macaroons Recipe | So delicious!,Preppy Kitchen,https://www.youtube.com/watch?v=k_1BdSzBaMc,904720,20969,20220419,recipe_page,https://preppykitchen.com/coconut-macaroons/,1 14-ounce/ 396g bag sweetened shredded coconut | ⅔ cup sweetened condensed milk ((160ml) (see Notes about using the whole can)) | 1 teaspoon vanilla extract | ½ teaspoon salt | 2  large egg whites (room temperature) | 6 ounces semi-sweet chocolate chips or chopped bars ((170g)),"chocolate chips,egg,milk,salt,vanilla extract"
67ZO1VXZQ4o,Coconut Macaroons | Easy No Flour Cookie Recipe,valerie is cooking,https://www.youtube.com/watch?v=67ZO1VXZQ4o,865568,13079,20210915,description,,• 2 1/2 cups unsweetened finely shredded coconut | • 2/3 cup sweetened condensed milk | • 1/2 tsp vanilla extract | • 2 egg whites | • 1/4 tsp salt | • 2 1/2 cups of coconut flakes is about 250 g but I encourage you to stick to the volume measurement. | 1 cup = 240 ml | 1 tbsp = 15 ml | 1 tsp = 5 ml,"egg,milk,salt,vanilla extract"
U9FeO5dxPIc,Oatmeal Chocolate Chip Cookies,Preppy Kitchen,https://www.youtube.com/watch?v=U9FeO5dxPIc,859399,21375,20201224,recipe_page,https://preppykitchen.com/oatmeal-chocolate-chip-cookies/,"1 cup all-purpose flour (120g) | 1/2 tsp baking soda (3g) | 1/2 tsp salt (5g) | 1/2 cup unsalted butter (room temperature, 113g) | 1/3 cup granulated sugar (65g) | 2/3 cup light-brown sugar (140g, packed) | 2 tsp pure vanilla extract (10mL) | 1  large egg | 1 1/2 cups rolled oats (135g) | 1 cup semisweet chocolate chips (150g)","all-purpose flour,baking soda,brown sugar,butter,chocolate chips,egg,granulated sugar,oats,salt,vanilla extract"
cg-ZyW9oy-o,초간단 쫀득한 말차 화이트초코 쿠키 만들기 | 자도르,J'adore자도르,https://www.youtube.com/watch?v=cg-ZyW9oy-o,856354,16563,20190305,description,,115g Unsalted butter | 60g Caster sugar | 115g Brown sugar | 55g Egg | 153g Plain flour | 12g Matcha powder | 2g Baking soda | 1g Salt | 3g Vanilla extract | 70g White coverture chocolate | 45g Macadamia nut,"all-purpose flour,baking soda,brown sugar,butter,egg,granulated sugar,macadamia nuts,salt,vanilla extract"
fsiJrbLR3kg,Easy Lemon Crinkle Cookies Recipe,Preppy Kitchen,https://www.youtube.com/watch?v=fsiJrbLR3kg,842733,27002,20220818,recipe_page,https://preppykitchen.com/lemon-crinkle-cookies/,"1 cup granulated sugar ((200g)) | 1 tablespoon grated lemon zest ((about 2 lemons)) | ½ teaspoon salt | ½ cup unsalted butter, melted ((113g)) | 2  large eggs (room temperature) | ¼ cup fresh lemon juice ((about 2 lemons) (60ml) ) | 1-2 drops yellow gel food coloring ((optional)) | 1 teaspoon vanilla extract | ½ teaspoon baking soda | ¼ cup granulated sugar ((50g)) | ¾ cup powdered sugar ((90g)) | 2⅓ cups all-purpose flour ((280g))","all-purpose flour,baking soda,butter,egg,granulated sugar,powdered sugar,salt,vanilla extract"
9h1xNlh5LAo,Recreating The Levain Chocolate Chip Cookie | Anything With Alvin,Anything with Alvin,https://www.youtube.com/watch?v=9h1xNlh5LAo,816238,19739,20240829,recipe_page,https://diningwithskyler.com/2019-2-6-diy-levain-chocolate-walnut-cookies,"1 cup light brown sugar | 1/2 cup white granulated sugar | 2  eggs | 2 2/3 cup bleached all purpose flour | 3  tbsp corn starch | 1 1/4 tsp baking soda | 1 1/2 tsp kosher salt (if using salted butter, adjust this to 3/4 tsp) | 1 3/4 cups roughly chopped walnuts (or to taste) | 1 1/2-2 cups semisweet chocolate chips (or to taste) | 1 1/4 cup cold unsalted butter (cut into cubes. Refrigerate until you put it into the mixer)","all-purpose flour,baking soda,brown sugar,butter,chocolate chips,cornstarch,egg,granulated sugar,nuts"
5wemXknCUFA,The BEST Peanut Butter Cookies,Preppy Kitchen,https://www.youtube.com/watch?v=5wemXknCUFA,776892,17262,20241212,recipe_page,https://preppykitchen.com/peanut-butter-cookies-recipe/,"1 1/2 cup all-purpose flour (180g) | 1/2 cup butter (unsalted, room temp 113g) | 1 cup peanut butter (250g) | 1/2 cup brown sugar (100g, lightly packed) | 1/2 cup sugar (100g) | 1 tsp vanilla extract (5mL) | 1  egg (large, room temp) | 3/4 tsp baking powder (3g)","all-purpose flour,baking powder,brown sugar,butter,egg,granulated sugar,peanut butter,vanilla extract"
Lu9rcp3cU1s,Lemon Cheesecake Cookies ♡ Bake With Me,a little calm,https://www.youtube.com/watch?v=Lu9rcp3cU1s,763972,46468,20250528,description,,8oz (226g) softened cream cheese | 3 tbsp (38g) sugar (add more or less depending on how sweet you prefer) | 1/2 tbsp (3g) lemon zest | 1/2 tsp (2.5ml) vanilla extract | 1 tsp (5ml) lemon juice | 1 cup (200g) sugar | 1 tbsp (6g) lemon zest | 1/2 cup (113g) melted butter | 1 egg | 1 tsp (5ml) vanilla extract | 1 and 2/3 cup + 1 tbsp (210g) all-purpose flour | 1/2 tsp (2g) baking powder | 1/2 tsp (2g) baking soda | 1/2 tsp (3g) salt,"all-purpose flour,baking powder,baking soda,butter,egg,granulated sugar,salt,vanilla extract"
vaJ83--Uh-I,Butter Cookie Easy Recipe,Savor Easy,https://www.youtube.com/watch?v=vaJ83--Uh-I,758677,12784,20200428,description,,"1 cup salted butter 220g (softened) you can use unsalted butter and add ½ tsp of salt | ¾ cup icing sugar (100g) | 1 large egg 55g | 2 tsp vanilla extract  (10g) | 2 cups all purpose flour (250g) | 1 كوب زبدة مملحة 220 جم (طرية) يمكنك استخدام الزبدة غير المملحة وإضافة نصف ملعقة صغيرة من الملح | ¾ كوب سكر بودرة (100 جرام) | 1 بيضة كبيرة 55 جم | 2 ملعقة صغيرة خلاصة فانيليا (10 جم) | 2 كوب طحين لجميع الأغراض (250 جم) | 3/4 kawb sikar budra (100 jaram)an | 1 bidat kabirat 55 jm | 2 mulaeaqat saghirat khulasat fanilya (10 jm) | 2 kub tahin lajamie al'aghrad (250 jm) | 1 xícara de manteiga com sal 220g (amolecida), você pode usar manteiga sem sal e adicionar ½ colher de chá de sal | ¾ xícara de açúcar de confeiteiro (100g) | 1 ovo grande 55g | 2 colheres de chá de extrato de baunilha (10g) | 2 xícaras de farinha de trigo (250g)","all-purpose flour,butter,egg,powdered sugar,vanilla extract"
XQP_6wU-wnU,Oatmeal Chocolate Chip Cookies,Preppy Kitchen,https://www.youtube.com/watch?v=XQP_6wU-wnU,754461,16844,20200128,recipe_page,https://preppykitchen.com/oatmeal-chocolate-chip-cookies/,"1 cup all-purpose flour (120g) | 1/2 tsp baking soda (3g) | 1/2 tsp salt (5g) | 1/2 cup unsalted butter (room temperature, 113g) | 1/3 cup granulated sugar (65g) | 2/3 cup light-brown sugar (140g, packed) | 2 tsp pure vanilla extract (10mL) | 1  large egg | 1 1/2 cups rolled oats (135g) | 1 cup semisweet chocolate chips (150g)","all-purpose flour,baking soda,brown sugar,butter,chocolate chips,egg,granulated sugar,oats,salt,vanilla extract"
txw2zaUW9UA,Soft and Chewy Sugar Cookies,"Life, Love and Sugar",https://www.youtube.com/watch?v=txw2zaUW9UA,753658,14722,20191009,recipe_page,https://www.lifeloveandsugar.com/best-soft-and-chewy-sugar-cookies/,2 ¾ cups (358g) all-purpose flour | 1 teaspoon baking soda | ½ teaspoon baking powder | ½ teaspoon salt | 1 cup (224g) unsalted butter (room temperature) | 1 cup + 2 tbsp (233g) granulated sugar | 2 tablespoons (28g) light brown sugar (packed) | 1  large egg | 2 teaspoons vanilla extract | ¼ cup (52g) granulated sugar (additional for rolling),"all-purpose flour,baking powder,baking soda,brown sugar,butter,egg,granulated sugar,salt,vanilla extract"
doDkm6aEkt4,Beginner's easy to bake 10 minute Melt in your mouth Butter Cookies / बेस्ट  बटर  कुकीज़,COCO-NAHD by Dhan Tandel,https://www.youtube.com/watch?v=doDkm6aEkt4,742507,16848,20230916,description,,100g   unsalted butter | 25g     icing sugar | 1/8      tsp vanilla extract | 110g   all purpose flour/maida | 8g        corn starch,"all-purpose flour,butter,cornstarch,powdered sugar,vanilla extract"
NHAsc97jTYI,Snickerdoodle Cookies,Preppy Kitchen,https://www.youtube.com/watch?v=NHAsc97jTYI,736118,22483,20200512,recipe_page,https://preppykitchen.com/snickerdoodle-cookies-recipe/,1 teaspoon baking soda | 1 teaspoon cream of tartar | 1 teaspoon ground cinnamon | ¾ teaspoon salt | 1 cup unsalted butter (softened (226g)) | 1 cup granulated sugar ((200g)) | 2 large eggs (room temperature) | 2 teaspoons vanilla extract | ⅓ cup granulated sugar ((67g)) | 2¾ cups all-purpose flour ((330g)) | 1½ teaspoons ground cinnamon,"all-purpose flour,baking soda,butter,cinnamon,cream of tartar,egg,granulated sugar,salt,vanilla extract"
BtO8OGO14iQ,Easy Cut Out Sugar Cookie Recipe | Wilton,Wilton,https://www.youtube.com/watch?v=BtO8OGO14iQ,736074,15228,20191101,recipe_page,http://bit.ly/2Nw1roz,"3  cups all-purpose flour, plus more for dusting | 1 teaspoon baking powder | 1 teaspoon salt | 3/4 cup (1-1/2 sticks) butter, softened | 1 cup granulated sugar | 2 eggs | 1 teaspoon vanilla extract | 3 ounces unsweetened chocolate, melted and cooled","all-purpose flour,baking powder,butter,egg,granulated sugar,salt,vanilla extract"
__6mfv7NBWw,The BEST Shortbread Cookies,Preppy Kitchen,https://www.youtube.com/watch?v=__6mfv7NBWw,734127,18243,20241203,recipe_page,https://preppykitchen.com/shortbread-cookies-recipe/,"10 tbsp unsalted butter (unsalted butter, at room temperature 142g) | 1/2 cup confectioners' sugar | 1/2 teaspoon pure vanilla extract | 1 1/2 cups all-purpose flour (180g) | 1/2 teaspoon kosher salt (optional)","all-purpose flour,butter,powdered sugar,salt,vanilla extract"
DPMUZAeI7no,CHOCOLATE CHIP COOKIES [The Only Chocolate Chip Cookie Recipe You Need],Brian Lagerstrom ,https://www.youtube.com/watch?v=DPMUZAeI7no,729512,24308,20201231,description,,220g (or 2 sticks/1 cup) nice butter | 100g (or 1/2 cup) granulated sugar | 200g (or 1 cup) dark brown sugar | 2 large eggs + 1 yolk | 4g (or 1 1/4 teas) vanilla extract | 8oz of 70% cacao nice baking chocolate (bars not chips) | 330g (or 2 1/3 cups) AP flour | 1/2 teas baking soda | 1/4 teas baking powder | 7g (or 1 1/4 teas) salt,"all-purpose flour,baking powder,baking soda,brown sugar,butter,egg,granulated sugar,salt,vanilla extract"
tZv7nNRpqZw,Soft Gooey Biscoff Chocolate Chip Cookies ♡ Bake With Me,a little calm,https://www.youtube.com/watch?v=tZv7nNRpqZw,726473,30597,20250718,description,,1 and 1/2 cup (320g) brown sugar | 1/4 cup (50g) sugar | 1 cup (227g) melted butter (salted or unsalted) | 2 eggs | 2 tsp vanilla extract | 2 tbsp milk | 1/3 cup (85g) Biscoff cookie butter | 3 cups (375g) all-purpose flour | 1 tsp salt | 3/4 tsp baking soda | 1/2 tsp baking powder | 1 tsp cornstarch | 10 crushed biscoff cookies (more for topping cookies) | 1/2 cup (85g) chocolate chips | 1/2 a white chocolate bar (I used Lindt) | 2 tbsp melted biscoff cookie butter (for topping cookies),"all-purpose flour,baking powder,baking soda,brown sugar,butter,chocolate chips,cornstarch,egg,granulated sugar,milk,salt,vanilla extract,white chocolate"
1L15XbZ5NSk,One Cookie Dough in 4 Flavors New York Style Cookie,Savor Easy,https://www.youtube.com/watch?v=1L15XbZ5NSk,711786,14154,20241023,description,,1 and 1/3 cup cold unsalted butter (300g) | 1 cup brown sugar (200g) | 3/4 cup white sugar (150g) | 3 large eggs | 2 tsp vanilla | 4 cups all purpose flour (500g) | 1 tsp baking powder (4g) | 1 tsp baking soda (4g) | 1 tsp salt (5g) | 1/4 portion of the batter (330g) | 1/3 cup chopped walnuts (40g) | 1/3 cup choco chips (50g) | 1/4 portion of the batter (330g) | 1/4 cup biscoff spread (50g) | 1/2 cup crushed biscoff cookies (60g) | 1/4 portion of the batter (330g) | 2 tsp matcha powder (8g) | 1/3 cup white chocolate (50g) | 1/4 portion of the batter (330g) | 2 tbsp dark cocoa powder (12g) | 1/2 cup choco chips (75g) | 1/3 cup chopped pecans (50g),"all-purpose flour,baking powder,baking soda,brown sugar,butter,cocoa powder,egg,granulated sugar,nuts,salt,vanilla extract,white chocolate"
1gcLatHJa8o,Chewy Chocolate Chip Cookies ♡ Bake With Me,a little calm,https://www.youtube.com/watch?v=1gcLatHJa8o,694311,21447,20250917,description,,3/4 cup (170g) melted butter (salted or unsalted) | 3/4 cup (150g) light brown sugar | 1/3 cup (65g) granulated sugar | 1 and 1/2 tsp vanilla extract | 1/4 cup (60ml) milk (any milk will work) | 1 and 3/4 cup + 1 tbsp (218g) all-purpose flour | 3/4 tsp baking soda | 3/4 tsp salt | 1/2 tsp cinnamon | 2 tsp cornstarch | 1 and 1/2 cups (270g) chocolate (I used 1 cup of chocolate chips and 1/2 cup of chopped semi-sweet chocolate bar),"all-purpose flour,baking soda,brown sugar,butter,chocolate chips,cinnamon,cornstarch,granulated sugar,milk,salt,vanilla extract"
TEdVeTBmSeY,Melt In Your Mouth Butter Cookies | Danish Butter Cookies Recipe | 쉬운 베이킹,Yummeth,https://www.youtube.com/watch?v=TEdVeTBmSeY,680530,17997,20210524,description,,2 cup plain flour | 230g salted butter (use wijsman butter for best results) | ½ cup caster sugar | 1 egg | ½ tsp vanilla extract | ¼ tsp salt | ½ tsp granulated sugar (for rectangular sugar slice),"all-purpose flour,butter,egg,granulated sugar,salt,vanilla extract"
ulVK4ejTp0w,Making Christmas Cookies With My Family,Preppy Kitchen,https://www.youtube.com/watch?v=ulVK4ejTp0w,676518,19109,20211218,recipe_page,https://preppykitchen.com/peanut-butter-blossoms/,¾ cup creamy peanut butter ((188g)) | ½ cup unsalted butter (softened (113g)) | ½ cup granulated sugar (plus more for rolling (100g)) | ½ cup packed light brown sugar ((110g)) | ¼ teaspoon salt | 1 large egg  (room temperature) | 1 teaspoon vanilla extract | ½ teaspoon baking soda | 36  Hersey’s chocolate kisses (unwrapped) | 1½ cups all-purpose flour ((180g)),"all-purpose flour,baking soda,brown sugar,butter,egg,granulated sugar,peanut butter,salt,vanilla extract"
C2BWKh-qjRM,How To Make Green Tea Cookies (Recipe) 抹茶クッキーの作り方（レシピ）,Just One Cookbook,https://www.youtube.com/watch?v=C2BWKh-qjRM,673063,14221,20160724,description,,"240 g (2 cups) all purpose flour (See Note if you use cup measurement) | 15 g (2½ Tbsp.) matcha green tea powder (1 Tbsp. matcha is 6 g) | 170 g (3/4 cup) unsalted butter, softened | 130 g (roughly 1 cup) powder sugar | 2 large egg yolks | 50-65 g (1/4-1/3 cup) white chocolate chips","all-purpose flour,butter,egg,granulated sugar,white chocolate"
f24gpOgAXwY,Cut Out Sugar Cookies | Sally's Baking,Sally's Baking Recipes,https://www.youtube.com/watch?v=f24gpOgAXwY,670983,4004,20200703,recipe_page,https://sallysbakingaddiction.com/best-sugar-cookies/,"2 and 1/4 cups (281g) all-purpose flour (spooned & leveled), plus more as needed for rolling and work surface | 1/2 teaspoon baking powder | 1/4 teaspoon salt | 3/4 cup (12 Tbsp; 170g) unsalted butter, softened to room temperature | 3/4 cup (150g) granulated sugar | 1 large egg, at room temperature | 2 teaspoons pure vanilla extract | 1/4 teaspoon almond extract (optional, but makes the flavor outstanding)* | Royal Icing, Easy Glaze Icing, or Cookie Buttercream (royal icing is pictured) | Assorted sprinkles","all-purpose flour,baking powder,butter,egg,granulated sugar,nuts,salt,vanilla extract"
degkGwsyUx8,White Chocolate Macadamia Nut Cookies Recipe,Emojoie,https://www.youtube.com/watch?v=degkGwsyUx8,669648,11744,20170311,description,,120g butter | 70g brown sugar | 70g granulated sugar | 1 egg | 1tbsp vanilla extract or vanilla syrup | 160g plain Flour | 1/2tsp baking soda | 1/2tsp salt | 80g macadamia nuts | 100g white chocolate,"all-purpose flour,baking soda,brown sugar,butter,egg,granulated sugar,macadamia nuts,salt,vanilla extract,white chocolate"
qUrLHw7GOzU,Make 10 Holiday Cookies from One Dough!🎁 | Christmas Cookie Box,Pastry Living with Aya,https://www.youtube.com/watch?v=qUrLHw7GOzU,652291,26093,20221202,recipe_page,https://pastryliving.com/10-amazing-holiday-cookies-from-one-dough-holiday-cookie-box-video/,226 g Unsalted butter (softened) | 142 g Powdered sugar | 1/4 teaspoon Salt | 1 egg Egg | 1 yolk Egg yolk (Save the egg white for egg wash if you need it.) | 285 g All-purpose flour | 85 g Almond flour | 400 g The base dough (1/2 of the whole base cookie dough) | 1/2 teaspoon Vanilla extract | 200 g The base dough (1/4 of the whole base dough) | 40 g Molasses | 3/4 teaspoon Ginger powder | 3/4 teaspoon Cinnamon powder | 1/8 teaspoon Allspice powder | 1/8 teaspoon Clove powder | 25 g All-purpose flour | 200 g The base dough (1/4 of the whole base cookie dough) | 4 teaspoon Cocoa powder | 100 g The vanilla dough (1/4 of the whole vanilla dough) | 33 g Toasted pecans | 100 g The vanilla dough (1/4 of the whole vanilla dough) | 100 g The vanilla dough (1/4 of the whole vanilla dough) | 100 g The vanilla dough (1/4 of the whole vanilla dough) | 16.6 g Brown sugar | 1/8 teaspoon Baking soda | 33 g Chocolate chip | 100 g Gingerbread dough (1/3 of the gingerbread dough) | 16.6 g Brown sugar | 1/8 teaspoon Baking soda | 100 g Chocolate dough (1/2 of the chocolate dough) | 16 g Brown sugar | 1/8 teaspoon Baking soda | 1.5 teaspoon Milk | Some  Toasted nuts  (optional. I used mixed nuts.) | Some  Dark chocolate (melted) | Some  Dried cranberries as decoration (optional) | Some  Sprinkles | Some  Granulated sugar for coating | Some  White chocolate as decoration | Some  Dark chocolate as decoration (optional) | Some  Dried cranberries as decoration (optional) | The rest  The gingerbread dough | Some  Sprinkles (optional) | Some  Dark chocolate as decoration | The rest  The chocolate dough | Some  Jam of your choice | Some  Powdered sugar as decoration | Some  The dough from Linzer cookies | Some  Egg white  (for egg wash) | Some  Sprinkles (optional) | Any  Leftover dough  | Some  Dried fruits | Some  Toasted nuts (I used mixed nuts.) | Some  Egg white (for egg wash) | Some  Granulated sugar for coating,"all-purpose flour,baking soda,brown sugar,butter,chocolate chips,cinnamon,cloves,cocoa powder,egg,ginger,granulated sugar,milk,molasses,nuts,powdered sugar,salt,vanilla extract,white chocolate"
ZONuDoNWb-8,3-Ingredient Sugar Cookies,Christine Mills,https://www.youtube.com/watch?v=ZONuDoNWb-8,648206,14054,20200416,description,,"10 Tbsp. or 5 ounces softened, unsalted butter | 1/3 cup sugar | 1 cup all-purpose flour","all-purpose flour,butter,granulated sugar"
brFFODZNxkE,3 Ingredient ALMOND COOKIES | The EASIEST Cookies to Make | Quick Recipe,Spain on a Fork,https://www.youtube.com/watch?v=brFFODZNxkE,646473,23558,20211224,recipe_page,https://spainonafork.com/3-ingredient-almond-cookies-recipe,2 cups blanched Spanish marcona almonds (260 grams) | 1 cup powdered sugar (120 grams) | 1  cage-free organic egg | 2 tbsp powdered sugar (15 grams),"egg,nuts,powdered sugar"
U8U-dekTdec,Sugar Cookie Icing that's Easier to Make and Foolproof,Sugar Spun Run,https://www.youtube.com/watch?v=U8U-dekTdec,644740,15952,20221205,description,,"3 cups powdered sugar, sifted (375g) (weigh before sifting) | 3-4 Tablespoons milk (I use whole milk, but any kind will work) | 2 Tablespoons light corn syrup or glucose syrup (see note) | ½ teaspoon vanilla extract","milk,powdered sugar,vanilla extract"
Vc7GYy17NMw,NYC Style Chocolate Chip Cookies From One Dough ♡ Bake With Me,Pinch Of Warmth,https://www.youtube.com/watch?v=Vc7GYy17NMw,643946,19215,20250604,description,,- 226g unsalted cold butter (1 cup) | - 100g sugar (½ cup) | - 200g brown sugar (1 cup) | - 2 eggs | - 2 tsp vanilla extract | - 480g all-purpose flour (4 cups) | - 20g cornstarch (2 tbsp) | - 6g baking soda (1 tsp) | - 10g baking powder (2 tsp) | - 7g salt (1 tsp),"all-purpose flour,baking powder,baking soda,brown sugar,butter,cornstarch,egg,granulated sugar,salt,vanilla extract"
a4qzHXAB3c0,Best Chocolate Chip Cookie 🍪 Recipe 😍 By Chef Hafsa,Hafsa's Kitchen,https://www.youtube.com/watch?v=a4qzHXAB3c0,630898,11637,20230602,description,,1 cup butter | 1 cup brown sugar | 1/2 cup icing sugar | 1 tbsp vanilla essence | 2 eggs | 3 cups flour | 1tsp baking soda | 1/2 tsp baking powder | 1/2 cup chocolate chips | 1 cup chocolate chunks,"all-purpose flour,baking powder,baking soda,brown sugar,butter,chocolate chips,egg,powdered sugar,vanilla extract"
VRLsDE1LTUw,AMAZING Lemon Cookies Recipe,Preppy Kitchen,https://www.youtube.com/watch?v=VRLsDE1LTUw,623589,21108,20200312,recipe_page,https://preppykitchen.com/lemon-cookies/,2 cups all-purpose flour ((240g)) | ½ teaspoon baking powder | ½ teaspoon baking soda | ½ teaspoon salt | ½ cup unsalted butter (softened (113g)) | ¾ cup granulated sugar ((150g)) | 3 tablespoons grated lemon zest ((about 3 lemons)) | 1 large egg | 2 tablespoons fresh lemon juice | 1 teaspoon lemon extract | 1 cup powdered sugar ((120g)) | 1 to 3 tablespoons fresh lemon juice | Yellow food coloring ((optional)),"all-purpose flour,baking powder,baking soda,butter,egg,granulated sugar,powdered sugar,salt"
M255MuO0CdE,Red Velvet Cookies,Preppy Kitchen,https://www.youtube.com/watch?v=M255MuO0CdE,620045,18506,20200623,recipe_page,https://preppykitchen.com/red-velvet-cookies/,"1 cup unsalted butter ((226g)) | 1 cup granulated sugar ((200g)) | 1  egg | 2 teaspoons vanilla extract ((10mL)) | 2 cups all-purpose flour ((240g)) | ¼ cup cocoa powder ((25g)) | ½ teaspoon baking soda | ½ teaspoon baking powder | ¼ teaspoon kosher salt | 1 tablespoon hot brewed coffee ((15mL)) | 1 tablespoon liquid red food coloring ((15mL)) | ¾ cup chopped semisweet chocolate chips ((130g)) | 12 ounces cream cheese (softened, (340g)) | 1 cup powdered sugar (sifted, (100g)) | 2 tablespoon milk or heavy cream ((30mL)) | 1 cup white chocolate chips ((150g))","all-purpose flour,baking powder,baking soda,butter,chocolate chips,cocoa powder,egg,granulated sugar,milk,powdered sugar,salt,vanilla extract,white chocolate"
1Zv4oRaPaWI,Peanut Butter Chocolate Chip Cookies,Preppy Kitchen,https://www.youtube.com/watch?v=1Zv4oRaPaWI,619886,16307,20190320,recipe_page,https://preppykitchen.com/peanut-butter-chocolate-chip-cookies/,"¾ teaspoon baking soda | ½ teaspoon salt | 1 cup unsalted butter (softened, (226g)) | ¾ cup packed light-brown sugar ((165g)) | ⅔ cup granulated sugar ((135g)) | 2 teaspoons pure vanilla extract | 2  large eggs (room temperature) | 2¼ cups all-purpose flour ((270g)) | 1½ cups creamy peanut butter ((like Jif) (396g)) | 1½ cups semisweet chocolate chips ((270g))","all-purpose flour,baking soda,brown sugar,butter,chocolate chips,egg,granulated sugar,peanut butter,salt,vanilla extract"
MD7wTq_kNPg,Vanilla Sugar Cookies - Perfect for cut out and decorating,Adilicious,https://www.youtube.com/watch?v=MD7wTq_kNPg,617569,9391,20170319,description,,225 grams (1 cup) Unsalted Butter | 200 grams (1 cup)Granulated Sugar | 2 tsp Vanilla Extract | 1 egg | 1 tsp Orange/Lemon Zest (optional) | 440 grams (3.5 cups) All Purpose Flour | 1 tsp Baking Powder | 1/4 tsp Salt,"all-purpose flour,baking powder,butter,egg,granulated sugar,salt,vanilla extract"
ATqMm4lHKgg,4-Ingredient Italian CHRISTMAS COOKIES | Easy Butter Cookies Recipe,Emma's Goodies,https://www.youtube.com/watch?v=ATqMm4lHKgg,613450,13500,20241205,description,,- 1 stick (115g) Butter | - 1/2 cup (60g) Powdered Sugar | - 1 large Egg Yolk | - 1 cup (140g) All Purpose Flour | - 1/4 tsp Salt,"all-purpose flour,butter,egg,powdered sugar,salt"
o3_UgJgn-uE,Amazing Peanut Butter Chocolate Chip Cookies Recipe,Preppy Kitchen,https://www.youtube.com/watch?v=o3_UgJgn-uE,591502,12366,20230831,recipe_page,https://preppykitchen.com/peanut-butter-chocolate-chip-cookies/,"¾ teaspoon baking soda | ½ teaspoon salt | 1 cup unsalted butter (softened, (226g)) | ¾ cup packed light-brown sugar ((165g)) | ⅔ cup granulated sugar ((135g)) | 2 teaspoons pure vanilla extract | 2  large eggs (room temperature) | 2¼ cups all-purpose flour ((270g)) | 1½ cups creamy peanut butter ((like Jif) (396g)) | 1½ cups semisweet chocolate chips ((270g))","all-purpose flour,baking soda,brown sugar,butter,chocolate chips,egg,granulated sugar,peanut butter,salt,vanilla extract"
PYT-Z2PBt_k,The BEST Lemon Cookies Recipe,Preppy Kitchen,https://www.youtube.com/watch?v=PYT-Z2PBt_k,584412,16490,20240530,recipe_page,https://preppykitchen.com/lemon-cookies/,2 cups all-purpose flour ((240g)) | ½ teaspoon baking powder | ½ teaspoon baking soda | ½ teaspoon salt | ½ cup unsalted butter (softened (113g)) | ¾ cup granulated sugar ((150g)) | 3 tablespoons grated lemon zest ((about 3 lemons)) | 1 large egg | 2 tablespoons fresh lemon juice | 1 teaspoon lemon extract | 1 cup powdered sugar ((120g)) | 1 to 3 tablespoons fresh lemon juice | Yellow food coloring ((optional)),"all-purpose flour,baking powder,baking soda,butter,egg,granulated sugar,powdered sugar,salt"
UJmewcEnlJY,Professional Baker Teaches You How To Make CRINKLE COOKIES!,Oh Yum with Anna Olson,https://www.youtube.com/watch?v=UJmewcEnlJY,570544,11297,20171115,description,,"- 9 oz (270 g) dark couverture chocolate, chopped, divided | - 2 large eggs, at room temperature | - ½ cup (100 g) granulated sugar | - 1 tsp (5 mL) vanilla extract | - 1 tsp (5 mL) balsamic vinegar | - 1 cup (130 g) icing sugar, plus extra for rolling cookies | - ½ cup (60 g) cocoa powder | - 1 Tbsp (7 g) cornstarch | - ½ tsp (2.5 g) salt","cocoa powder,cornstarch,egg,granulated sugar,powdered sugar,salt,vanilla extract"
qsMEKFzRaRM,"Chocolate Chip Cookie Upgrade: Crinkly, Chewy, Browned Butter | Easy No-Mixer Recipe",sheldo's kitchen,https://www.youtube.com/watch?v=qsMEKFzRaRM,561007,19919,20211014,description,,"- 150g (2/3 cup) unsalted butter (if not weighing, melt butter first then measure in liquid measure cup) | - 30g (2 tbsp) cold water | - 100g (1/2 cup) sugar | - 100g (1/2 cup packed) dark brown sugar (light will also work) | - 1 large egg, fridge cold | - 1 tbsp vanilla extract | - 1 tsp baking soda | - 1 tsp kosher salt (use 1/2 tsp for table salt) | - 175g (1 1/4 cup) all-purpose flour | - 150g (3/4 cup) semi-sweet chocolate chips (sub any chocolate: bitter-sweet or dark chips, chunks, chopped bars, etc)","all-purpose flour,baking soda,brown sugar,butter,chocolate chips,egg,granulated sugar,salt,vanilla extract"
TPcRbti4-6g,Thick Soft And Chewy Chocolate Chip Cookies,Cooking With Donna,https://www.youtube.com/watch?v=TPcRbti4-6g,559971,12641,20190817,description,,3 1/4 c. all purpose flour spooned into cup then level off with back of knife | 1/2 tsp salt | 1 1/4 teaspoon baking soda | 1 tablespoon cornstarch plus 1 teaspoon | 1 c. real butter not margarine softened | 1 c. brown sugar | 1/2 c.sugar | 1 tablespoon canola oil | 2 large eggs at room temperature | 1 tablespoon vanilla extract | 1 c. semi sweet chocolate chunks | 1 c. semi chocolate chips,"all-purpose flour,baking soda,brown sugar,butter,chocolate chips,cornstarch,egg,granulated sugar,oil,salt,vanilla extract"
MvPdE27Otig,Smores Cookies,Preppy Kitchen,https://www.youtube.com/watch?v=MvPdE27Otig,559303,18268,20200818,recipe_page,https://preppykitchen.com/smores-cookies/,"1 1/2 cups all-purpose flour ( 180g) | ½ tsp. baking powder | ½ tsp. baking soda | 1 tsp corn starch | 3/4 cup semisweet chocolate chips | 10 tbsp unsalted butter ( room temperature) | 1/4 cup granulated sugar | 1/2 cup light brown sugar | 1  egg | 1 tsp vanilla extract | ¼ tsp  salt | 1 cup mini marshmallows (OR marshmallow bits, divided) | 1 bar Hershey's Chocolate (1.55oz) | 4  Graham crackers (56g)","all-purpose flour,baking powder,baking soda,brown sugar,butter,chocolate chips,cornstarch,egg,granulated sugar,salt,vanilla extract"
DInhdqoIszg,Coconut Cookies,Preppy Kitchen,https://www.youtube.com/watch?v=DInhdqoIszg,558755,15629,20200423,recipe_page,https://preppykitchen.com/coconut-cookies/,2 cups all-purpose flour ((240g)) | ½ teaspoon salt | 1 teaspoon baking soda | ¾ cup unsalted butter (softened (170g)) | ½ cup light brown sugar ((110g)) | ½ cup granulated sugar ((100g)) | 1 large egg | 1 teaspoon vanilla extract | 1¾ cups shredded sweetened coconut ((150g)),"all-purpose flour,baking soda,brown sugar,butter,egg,granulated sugar,salt,vanilla extract"
bGJi2sbuWVI,"Italian Almond Cookies — No Flour, 15 Minutes🍪Gluten Free & So Easy!",Dessertology,https://www.youtube.com/watch?v=bGJi2sbuWVI,554469,19805,20250922,description,,3 egg whites. | ½ cup granulated sugar (about 110 g). | 1 egg white. | 1 cup almond flakes (about 80 g).,"egg,granulated sugar,nuts"
wlLhL59gerA,EASY SUGAR COOKIE RECIPE ~ PERFECT FOR CUT OUT COOKIES,Natalia Campbell,https://www.youtube.com/watch?v=wlLhL59gerA,549736,16765,20180813,description,,175 grams icing sugar/powdered sugar [US Conversion: 1 ½ Cups] | 225 grams salted butter (room temperature) [US Conversion: 2 Sticks or 1 Cup] | 1 egg (room temperature) | 2 teaspoons vanilla extract (or any flavour your prefer) | 1 teaspoon baking powder | 420 grams all-purpose flour [US Conversion: 3 ¼ Cups],"all-purpose flour,baking powder,butter,egg,powdered sugar,vanilla extract"
cYq_DPR1kMU,How to Make Easy Classic Sugar Cookies for Decorating | NO Spread Rollout Sugar Cookies | UPDATED,Sweet Dreams Bake Shoppe,https://www.youtube.com/watch?v=cYq_DPR1kMU,542325,14183,20201220,description,,2 cups salted butter | 3 cups sugar | 4 eggs | 6 cups all purpose flour | 2 tsps. baking powder,"all-purpose flour,baking powder,butter,egg,granulated sugar"
hqd8i8eXDsQ,"The BEST Bakery-Style Chocolate Chip Cookies (egg-free, dairy-free!) 🍪",Pick Up Limes,https://www.youtube.com/watch?v=hqd8i8eXDsQ,538858,19101,20241010,recipe_page,https://www.pickuplimes.com/recipe/the-best-chocolate-chip-cookies-1437,½ cup unsalted vegan butter | ¾ cup light brown sugar | ¼ cup granulated sugar | ¼ cup unsweetened soy milk | 1 Tbsp pure vanilla extract | 2 cup all-purpose flour | 1 tsp baking powder | ½ tsp baking soda | ¼ tsp salt | 4.586 oz dairy-free dark chocolate,"all-purpose flour,baking powder,baking soda,brown sugar,butter,chocolate chips,granulated sugar,milk,salt,vanilla extract"
I6FjixsH10Y,"Best Italian Almond Cookies Recipe | Soft, Chewy & Flourless",Mamagourmand,https://www.youtube.com/watch?v=I6FjixsH10Y,522945,18257,20251130,description,,"2 egg whites | 8 ounces (227 g) almond paste (NOT almond filling), SOLO brand almond paste recommended | ⅔ cup (134 g) granulated sugar | ½ teaspoon salt | ½ teaspoon vanilla extract, or almond extract | ½ cup (52 g) almond flour","egg,granulated sugar,nuts,salt,vanilla extract"
vdR7Wx9PptY,Thumbprint Cookies Recipe,Preppy Kitchen,https://www.youtube.com/watch?v=vdR7Wx9PptY,519654,13781,20231207,recipe_page,https://preppykitchen.com/thumbprint-cookies/,"1 cup unsalted butter (softened (227g)) | ¾ cup granulated sugar ((150g)) | 2 large  egg yolks | 1 teaspoon vanilla extract | ½ teaspoon salt | 3 cups all-purpose flour ((360g)) | 1 tablespoon milk or water (only if needed) | ⅓ cup fruit jam ((strawberry, raspberry, or apricot jam))","all-purpose flour,butter,egg,granulated sugar,milk,salt,vanilla extract"
NoF8MsYFnv4,Chewy Salted Caramel Cookie Recipe | Cupcake Jemma,CupcakeJemma,https://www.youtube.com/watch?v=NoF8MsYFnv4,514783,15865,20160630,description,,350g plain flour | 1/2 tsp salt | 1 tsp bicarbonate of soda | 230g soft unsalted butter | 100g caster sugar | 155g soft light brown sugar | 45g demerara sugar | 1 large free range egg | 1 tsp vanilla | 18 chewy salted caramels | 1 Kingly Court,"all-purpose flour,baking soda,brown sugar,butter,egg,granulated sugar,salt,vanilla extract"
vJwCDaCQgFs,Easy Lofthouse Cookies Recipe,Preppy Kitchen,https://www.youtube.com/watch?v=vJwCDaCQgFs,513153,15201,20251030,recipe_page,https://preppykitchen.com/lofthouse-cookies/,2 1/4 cups all-purpose flour ((270g)) | 1/2 teaspoon baking powder | ¼ tsp baking soda | 1 tbsp cornstarch | 1/2 tsp salt | 1/2 cup unsalted butter  (room temperature (113g)) | 1 cup granulated sugar ((200g)) | 1  egg  (room temperature) | 1/4 cup sour cream room temperature ((60g)) | 1 1/2 tsp vanilla extract ((7.5ml)) | ¼ tsp almond extract  (optional) | ½ cup butter room temperature ((113g)) | 2 cups powdered sugar  ((240g)) | 1 tsp pure vanilla extract ((5ml)) | 2 tbsp Milk  ((30mL) plus more if needed) | Food coloring optional | Sprinkles optional,"all-purpose flour,baking powder,baking soda,butter,cornstarch,egg,granulated sugar,milk,nuts,powdered sugar,salt,vanilla extract"
8lJAYXTNgoI,Soft n Chewy Gluten-Free Chocolate Chip Cookies,Divas Can Cook,https://www.youtube.com/watch?v=8lJAYXTNgoI,506760,13409,20150611,recipe_page,http://divascancook.com/easy-gluten-free-chocolate-chip-cookies-recipe-soft-chewy/,1 1/2 cup gluten-free all-purpose flour (I use Pamela's and love it!) | 1/2 teaspoon salt | 1/2 teaspoon baking soda | 1/2 teaspoon baking powder (gluten free) | 1/3 cup butter-flavored shortening | 1/3 cup real butter (softened at room temperature) | 1 tablespoon coconut oil | 1/4 cup white sugar | 3/4 cup brown sugar packed | 1  egg (room temperature) | 1  egg yolk (room temperature) | 2 teaspoons real vanilla extract (gluten free) | 6-8 oz chocolate chips (I use a mixture of dark and semi-sweet and reserve some to place on top of cookies before baking),"all-purpose flour,baking powder,baking soda,brown sugar,butter,chocolate chips,egg,granulated sugar,oil,salt,vanilla extract"
OO5N9HkyLbQ,Perfect Easy Gingerbread Cookies For Christmas | Soft and Chewy | Cookies de Natal Gingerbread,Cup of B,https://www.youtube.com/watch?v=OO5N9HkyLbQ,504990,7784,20201217,description,,"5 tbsp   Butter, room temperature | 6 tbsp   Brown Sugar | ⅓ cup    Molasses | 1 pc       Egg | 2 cups   Flour | ½ tsp     Baking Soda | ¼ tsp     Salt | ½ tbsp   Ginger | ½ tbsp   Cinnamon | ¼ tsp     Cloves | ½ cup  Powdered Sugar | 1 tbsp   Milk | 5 col/sopa     Manteiga, temp. ambiente | 6 col/sopa     Açúcar Mascavo | ⅓ xíc              Melaço | 1 uni               Ovo | 2 xíc               Farinha de Trigo | ½ col/chá      Bicarbonato de Sódio | ¼ col/chá      Sal | ½ col/sopa    Gengibre, em pó | ½ col/sopa    Canela, em pó | ¼ col/chá      Cravo, em pó | ½ xíc            Açúcar de Confeiteiro | 1 col/sopa    Leite","all-purpose flour,baking soda,brown sugar,butter,cinnamon,cloves,egg,ginger,milk,molasses,powdered sugar,salt"
EcfZ3PaqdeI,Claire Saffitz Makes Holiday Molasses Spice Cookies | Dessert Person,Claire Saffitz x Dessert Person,https://www.youtube.com/watch?v=EcfZ3PaqdeI,500070,14843,20211021,description,,"3 3/4 cups all-purpose flour (17 oz / 488g) | 1 tablespoon baking soda (0.63 oz / 18g) | 2 1/2 teaspoons ground ginger | 1/2 teaspoon finely ground black pepper | 1/2 teaspoon ground allspice | 1/2 teaspoon Diamond Crystal kosher salt | 1/4 teaspoon ground cloves | 1 1/2 sticks unsalted butter (6 oz / 170g), melted and cooled to room temperature | 1 1/2 cups packed dark brown sugar (10.6 oz/ 300g) | 2 large eggs (3.5 oz/ 100g), at room temperature | 1/2 cup unsulfured molasses (5.6 oz/ 160g) | 2 teaspoons apple cider vinegar (0.33 oz/ 9g) | 2 teaspoons vanilla extract | 1/2 cup demerara sugar, for rolling","all-purpose flour,baking soda,brown sugar,butter,cloves,egg,ginger,granulated sugar,molasses,salt,vanilla extract"
xrk7Z-stp60,Easy Snickerdoodle Cookies Recipe,Preppy Kitchen,https://www.youtube.com/watch?v=xrk7Z-stp60,493833,11798,20231031,recipe_page,https://preppykitchen.com/snickerdoodle-cookies-recipe/,1 teaspoon baking soda | 1 teaspoon cream of tartar | 1 teaspoon ground cinnamon | ¾ teaspoon salt | 1 cup unsalted butter (softened (226g)) | 1 cup granulated sugar ((200g)) | 2 large eggs (room temperature) | 2 teaspoons vanilla extract | ⅓ cup granulated sugar ((67g)) | 2¾ cups all-purpose flour ((330g)) | 1½ teaspoons ground cinnamon,"all-purpose flour,baking soda,butter,cinnamon,cream of tartar,egg,granulated sugar,salt,vanilla extract"
Prj3b0ExrO4,Amazing Coconut Cookies Recipe,Preppy Kitchen,https://www.youtube.com/watch?v=Prj3b0ExrO4,487839,14634,20250116,recipe_page,https://preppykitchen.com/coconut-cookies/,2 cups all-purpose flour ((240g)) | ½ teaspoon salt | 1 teaspoon baking soda | ¾ cup unsalted butter (softened (170g)) | ½ cup light brown sugar ((110g)) | ½ cup granulated sugar ((100g)) | 1 large egg | 1 teaspoon vanilla extract | 1¾ cups shredded sweetened coconut ((150g)),"all-purpose flour,baking soda,brown sugar,butter,egg,granulated sugar,salt,vanilla extract"
yNtBl979qFc,Professional Baker Teaches You How To Make SHORTBREAD!,Oh Yum with Anna Olson,https://www.youtube.com/watch?v=yNtBl979qFc,485276,9815,20180606,description,,"1 ¼ cup unsalted butter at room temperature | 1 cup icing sugar, sifted | 1 ½ tsp vanilla bean paste (or extract, if paste is not available) | 1 ½ cup all-purpose flour | ⅓ cup cornstarch | ¼ tsp salt","all-purpose flour,butter,cornstarch,powdered sugar,salt,vanilla extract"
otOjV1xjgWM,Red Velvet Chocolate Chip Cookies Recipe,The Cooking Foodie,https://www.youtube.com/watch?v=otOjV1xjgWM,483901,10616,20180723,description,,"1/2 cup (115g) butter, softened | 1/3 cup (67g) white sugar | 1/2 cup (100g) brown sugar | 1 egg | 1 tablespoon milk/buttermilk | 1 teaspoon vanilla extract | 1/4 cup (30g) cocoa powder | 1 teaspoon baking soda | 1/4 teaspoon salt | 1 teaspoon red food coloring | 1 cup (180g) white chocolate chips (or other chocolate)","baking soda,brown sugar,butter,cocoa powder,egg,granulated sugar,salt,vanilla extract,white chocolate"
anroriK2xXg,Soft Lemon Crinkle Cookies | Em’s Kitchen,Em's Kitchen,https://www.youtube.com/watch?v=anroriK2xXg,481714,11888,20200729,description,,"1/2 cup butter, softened (113g) | 3/4 cup granulated sugar (150g) | 1 egg | 2 tbsp fresh lemon juice (30ml) | 1 tbsp lemon zest (6g) | 1 1/2 cups all-purpose flour (192g) | 1/2 tsp baking powder | 1/8 tsp salt | 2-4 drops yellow food coloring (optional)","all-purpose flour,baking powder,butter,egg,granulated sugar,salt"
oCt3xhKCX1k,How to Make the Best Chocolate Chip Cookies | Chocolate Chip Cookies | What's Eating Dan?,America's Test Kitchen,https://www.youtube.com/watch?v=oCt3xhKCX1k,480926,15378,20190112,recipe_page,https://cooks.io/2SGteUU,"1 3/4 cups unbleached all-purpose flour (8 3/4 ounces/248 grams) | 1/2 teaspoon baking soda | 14 tablespoons (200 grams) unsalted butter | 1/2 cup granulated sugar (3 1/2 ounces/99 grams) | 3/4 cups packed dark brown sugar (5 1/4 ounces/149 grams) (see note) | 1 teaspoon table salt | 2 teaspoons vanilla extract | 1 large egg | 1 large egg yolk | 1 1/4 cups (213 grams) semisweet chocolate chips or chunks (see note) | 3/4 cup (89 grams) chopped pecans or walnuts, toasted (optional)","all-purpose flour,baking soda,brown sugar,butter,chocolate chips,egg,granulated sugar,nuts,salt,vanilla extract"
yJbaY5mE-BI,Eggless Chocolate Chip Nutella Cookies | How Tasty Channel,How Tasty,https://www.youtube.com/watch?v=yJbaY5mE-BI,472467,12074,20200603,recipe_page,https://www.how-tasty.com/eggless-chocolate-chips-nutella-cookies/,9-10 large teaspoons Nutella | 110 g  (1/2 cup) unsalted butter (softened at room temperature) | 65 g (6 tbsp) light brown sugar | 35 g (2+1/2 tbsp) caster sugar | 1 tsp  vanilla paste (or vanilla extract) | 30 g (2 tbsp) milk (room temperature) | 3 g  (1/2 tsp) baking soda | 180 g (1+1/3 cups) all purpose flour | 100 g (2/3 cup) chocolate chips |   Pinch of salt,"all-purpose flour,baking soda,brown sugar,butter,chocolate chips,granulated sugar,milk,salt,vanilla extract"
4XfYBAfiI5c,The Ultimate Ginger Cookies | Barefoot Contessa: Cook Like a Pro | Food Network,Food Network,https://www.youtube.com/watch?v=4XfYBAfiI5c,467123,8204,20191209,description,,"2 1/4 cups all-purpose flour | 1 teaspoon baking soda | 2 teaspoons ground cinnamon | 1 1/2 teaspoons ground cloves | 1/2 teaspoon ground nutmeg | 1/2 teaspoon ground ginger | 1/4 teaspoon kosher salt | 1 cup dark brown sugar, lightly packed | 1/4 cup vegetable oil | 1/3 cup unsulfured molasses | 1 extra-large egg, at room temperature | 1 1/4 cups chopped crystallized ginger (6 ounces)","all-purpose flour,baking soda,brown sugar,cinnamon,cloves,egg,ginger,molasses,nutmeg,oil,salt"
ONjRr1-mjfY,Double Chocolate Chip Cookies,Preppy Kitchen,https://www.youtube.com/watch?v=ONjRr1-mjfY,465099,16448,20190131,recipe_page,https://preppykitchen.com/double-chocolate-chip-cookies/,"1 cup all-purpose flour ((120g)) | ⅓ cup natural unsweetened cocoa powder ((33g)) | ½ teaspoon baking soda | ½ teaspoon salt | ½ cup unsalted butter (softened, (113g)) | ½ cup light brown sugar ((110g)) | ⅓ cup granulated sugar ((66g)) | 1  large egg | 2 teaspoons vanilla extract | 1 cup semisweet chocolate chips (or dark chocolate chunks or chopped bars (180g))","all-purpose flour,baking soda,brown sugar,butter,chocolate chips,cocoa powder,egg,granulated sugar,salt,vanilla extract"
pRpnKwNhZxk,Red Velvet & White Chocolate Chip Cookies | Cupcake Jemma,CupcakeJemma,https://www.youtube.com/watch?v=pRpnKwNhZxk,463956,14654,20160225,description,,"200g plain flour | 20g cocoa powder | 1 tsp baking powder | 1/4 tsp salt | 115g unsalted butter, soft | 150g light soft brown sugar | 50g caster sugar | 1 large free range egg | 2 tbsp natural yoghurt | 1.5 tsp vanilla extract | 1.5 tsp red food colour paste | 100g white chocolate chips | 1 Kingly Court","all-purpose flour,baking powder,brown sugar,butter,cocoa powder,egg,granulated sugar,salt,vanilla extract,white chocolate"
4c03v7sbhIk,Soft Chewy M&M Cookies Recipe,Preppy Kitchen,https://www.youtube.com/watch?v=4c03v7sbhIk,463091,11877,20211009,recipe_page,https://preppykitchen.com/mm-cookies/,1 teaspoon baking soda | ¼ teaspoon kosher salt | ½ cup unsalted butter (softened (113g)) | ½ cup granulated sugar ((100g)) | ¼ cup packed light brown sugar ((55g)) | 1 large egg (room temperature) | 1 teaspoon vanilla extract | ¾ cup M&Ms (plus more for the tops) | 1½ cups all-purpose flour ((180g)),"all-purpose flour,baking soda,brown sugar,butter,egg,granulated sugar,salt,vanilla extract"
NVe41gu3fpw,How to Make the Best Chewy Peanut Butter Cookies,America's Test Kitchen,https://www.youtube.com/watch?v=NVe41gu3fpw,456375,11028,20220105,recipe_page,https://cooks.io/3v7phMJ,"1 1/2 cups (7½ ounces/213 grams) all-purpose flour | 1 teaspoon baking soda | 1/2 teaspoon table salt | 1 cup (9 ounces/255 grams) creamy peanut butter | 2 large eggs | 4 tablespoons unsalted butter, melted and cooled | 2 tablespoons honey | 1 teaspoon vanilla extract | 1/2 cup unsalted dry-roasted peanuts, chopped fine | 1½ cups packed (10½ ounces/298 grams) dark brown sugar","all-purpose flour,baking soda,brown sugar,butter,egg,honey,peanut butter,salt,vanilla extract"
5OCO0klXrO0,EPIC DOUBLE CHOCOLATE CHUNK COOKIES | WITH EGGLESS OPTION | SUBWAY STYLE CHEWY CHOCOLATE COOKIES,Bake With Shivesh,https://www.youtube.com/watch?v=5OCO0klXrO0,455225,12851,20200810,description,,"1/2 cup salted butter, softened | 1/2 cup caster sugar (superfine sugar) | 1/2 cup brown sugar | 1 egg or flax egg | 1 tsp vanilla extract | 1 cup flour | 1/2 tsp baking soda | 1 tbsp cornflour (optional) | 1/4 cup cocoa powder | 1 tbsp water + 1 tsp coffee powder","all-purpose flour,baking soda,brown sugar,butter,cocoa powder,cornstarch,egg,granulated sugar,vanilla extract"
8823kYwzqjI,NYC Style Chocolate Chip Cookies ♡ Bake With Me,Pinch Of Warmth,https://www.youtube.com/watch?v=8823kYwzqjI,454016,13642,20250419,description,,- 200g softened butter (about 3/4cup) | - 50g brown sugar (1/4 cup) | - 100g granulated sugar (1/2 cup) | - 2 eggs | - 2 tsp vanilla extract | - 320g all purpose flour (2 & 1/2 cups) | - 2g salt (1/2 tsp) | - 6g baking powder (1 & 1/2 tsp) | - 25g chopped Oreo | - 30g semisweet chocolate | - 30g white chocolate | - 40g chopped caramel | - 40g chocolate chips | - 40g chopped Kit Kat chocolate | - 40g chocolate chips | - 25g Reese cups | - 40g chocolate chips | - 15g peanut butter,"all-purpose flour,baking powder,brown sugar,butter,chocolate chips,egg,granulated sugar,peanut butter,salt,vanilla extract,white chocolate"
OjHqwBDHA0Q,EASY CHRISTMAS COOKIE RECIPE,Kaitlyn Taylor,https://www.youtube.com/watch?v=OjHqwBDHA0Q,449540,11934,20201214,description,,"• 1 cup unsalted butter or vegan butter (227g) *softened at room temperature | • 1 cup granulated sugar (201g) | • 1 egg (large) | • 1 tsp vanilla extract | • 2 tsp baking powder (8g) | • 2lbs (480g) confectioner's (powdered) sugar, sifted | • 3 Tbsp meringue powder | • 1/2 cup water","baking powder,butter,egg,granulated sugar,vanilla extract"
RqS3aayHJ58,Double Chocolate Cookies | BakeClub,BakeClub,https://www.youtube.com/watch?v=RqS3aayHJ58,445819,8283,20140407,description,,- 300g Mehl | - 110g Kakaopulver | - 250g Butter | - 240g Zucker | - 2 Eier | - 150g dunkle Schokolade | - 150g weiße Schokolade,butter
zs63Nxe19ZE,Professional Baker Teaches You How To Make OATMEAL RAISIN COOKIES!,Oh Yum with Anna Olson,https://www.youtube.com/watch?v=zs63Nxe19ZE,426994,8409,20160429,description,,"1 cup unsalted butter, at room temperature | 1 cup granulated sugar | ½ cup packed dark brown sugar | 2 large eggs, at room temperature | 1 tsp vanilla extract | 1 ¼ cup all-purpose flour | 2 Tbsp cornstarch | ½ tsp ground cinnamon | ½ tsp ground ginger | ½ tsp baking soda | ¼ tsp salt | ¼ tsp ground allspice | 2 ¼ cup regular rolled oats (not instant) | 1 cup raisins | ¾ cup peanut butter | ¼ cup unsalted butter, at room temperature | ½ cup icing sugar, sifted","all-purpose flour,baking soda,brown sugar,butter,cinnamon,cornstarch,egg,ginger,granulated sugar,oats,peanut butter,powdered sugar,raisins,salt,vanilla extract"
KsKH8bbfK_Q,The Best Nutella Cookie Pie Recipe! Easy Tutorial!,Fitwaffle Kitchen,https://www.youtube.com/watch?v=KsKH8bbfK_Q,418212,12927,20220620,description,,"200g unsalted butter, softened | 250g light brown sugar | 1 large egg, room temperature | 1 tsp vanilla extract | 320g plain flour | 1/2 tsp bicarbonate of soda | 200g chocolate chips + some for the top | 350g-400g Nutella","all-purpose flour,baking soda,brown sugar,butter,chocolate chips,egg,vanilla extract"
ggFlmQpKl9o,This Basic Cookie Becomes Insanely Better with These Methods,Chef Billy Parisi,https://www.youtube.com/watch?v=ggFlmQpKl9o,417080,12696,20260325,description,,"• 1 cup (227 g) unsalted butter | • 2 tablespoons (30 g) heavy whipping cream | • 2 1/4 (281 g) cups all-purpose flour | • 1 teaspoon (5 g) baking soda | • 1/2 teaspoon (2 g) baking powder | • 1 teaspoon (6 g) salt | • ½ tablespoon (4 g) cornstarch | • 1 cup (220 g) packed light brown sugar | • ½ cup (100 g) granulated sugar | • 2 large eggs | • 2 teaspoons (10 g) vanilla extract | • 1 cup (170 g) semi-sweet chips | • 6 ounces (170 g) bitter-sweet chocolate 70% cacao, cut into small chunks","all-purpose flour,baking powder,baking soda,brown sugar,butter,chocolate chips,cornstarch,egg,granulated sugar,salt,vanilla extract"
XNLeG-TeCBU,How to Make Peanut Butter Cookies,The Cooking Foodie,https://www.youtube.com/watch?v=XNLeG-TeCBU,415057,5816,20180208,description,,"3/4 cup (185g) peanut butter (creamy) | 1/2 cup (110g) unsalted butter, soft | 1/2 cup (100g) white sugar | 1/2 cup (100g) brown sugar | 1 egg | 2 cups (250g) flour | 1/2 tsp baking soda | 1/2 tsp baking powder | 1/2 tsp salt | 1 tsp vanilla extract","all-purpose flour,baking powder,baking soda,brown sugar,butter,egg,granulated sugar,peanut butter,salt,vanilla extract"
DMSRr5vsE8E,How to Make Brown Butter Chocolate Chip Cookies,Sugar Spun Run,https://www.youtube.com/watch?v=DMSRr5vsE8E,413122,11693,20190520,description,,1 cup unsalted butter cut into Tablespoon-sized pieces (225g) | 1 cup light or dark brown sugar¹ (200g) | 2/3 cup white sugar (135g) | 2 large eggs room temperature | 1 1/2 teaspoons vanilla extract | 2 3/4 cups all-purpose flour (340g) | 1 teaspoon cornstarch | 1 teaspoon baking powder | 1 teaspoon baking soda | 3/4 teaspoon salt | 10 oz semisweet chocolate² chopped into pieces (285g),"all-purpose flour,baking powder,baking soda,brown sugar,butter,chocolate chips,cornstarch,egg,granulated sugar,salt,vanilla extract"
PXzLU-4l1FM,3-Ingredient Shortbread Cookies-How To Make Old Fashioned Shortbread Cookies EASY Recipe,Small Town Southern Wife,https://www.youtube.com/watch?v=PXzLU-4l1FM,410999,21037,20260729,description,,1 1/2 stick of butter | 1/4 cup of sugar | 2 cups of all purpose flour,"all-purpose flour,butter,granulated sugar"
VG6PaXzf1Pc,Almond Flour Cookies | gluten-free chocolate chip cookies!,Detoxinista,https://www.youtube.com/watch?v=VG6PaXzf1Pc,403466,8066,20210626,recipe_page,https://detoxinista.com/almond-flour-cookies/,"⅓ cup butter (, softened ) | ¾ cup  coconut sugar | 1 large egg | 1 teaspoon vanilla extract | ½ teaspoon fine sea salt | ½ teaspoon baking soda | 2 cups  blanched almond flour | ¾ cup dark chocolate chips","baking soda,butter,chocolate chips,egg,flaky sea salt,granulated sugar,nuts,vanilla extract"
EzGKtgcpcjo,4 INGREDIENTS COCONUT COOKIES RECIPE | EASY HOMEMADE COOKIES,Top Tasty,https://www.youtube.com/watch?v=EzGKtgcpcjo,398350,4254,20191012,description,,4 INGREDIENTS COCONUT COOKIES RECIPE | EASY HOMEMADE COOKIES | 100 gr powdered sugar | 100 gr coconut | 1 dessert spoon butter | 3 egg whites | 1 MINUTE NUTELLA MUG CAKE RECIPE | How To Make Homemade Mug Cake in Microwave,"butter,egg,powdered sugar"
BiHdO3TdFZk,Thumbprint Cookies | Preppy Kitchen,Preppy Kitchen,https://www.youtube.com/watch?v=BiHdO3TdFZk,398303,11785,20190207,recipe_page,https://preppykitchen.com/thumbprint-cookies/,"1 cup unsalted butter (softened (227g)) | ¾ cup granulated sugar ((150g)) | 2 large  egg yolks | 1 teaspoon vanilla extract | ½ teaspoon salt | 3 cups all-purpose flour ((360g)) | 1 tablespoon milk or water (only if needed) | ⅓ cup fruit jam ((strawberry, raspberry, or apricot jam))","all-purpose flour,butter,egg,granulated sugar,milk,salt,vanilla extract"
x7SaI78mwYY,Cut Out SUGAR COOKIES RECIPE,Emma's Goodies,https://www.youtube.com/watch?v=x7SaI78mwYY,391016,9635,20181205,description,,- 250 gr All Purpose Flour | - 2 tbsp Milk | - 150 gr very cold Butter | - 1/2 tsp good quality Vanilla | - 1/4 tsp Salt | - 2 cups Flour | - 2 tbsp Milk | - 1 1/3 stick of Very Cold Butter | - 1/2 tsp good quality Vanilla | - 1/4 tsp Salt,"all-purpose flour,butter,milk,salt,vanilla extract"
SI81iQKMYPw,Red Velvet Cookies | How Tasty Channel,How Tasty,https://www.youtube.com/watch?v=SI81iQKMYPw,387228,10637,20210204,recipe_page,https://www.how-tasty.com/red-velvet-stuffed-cookies/,45 g (3tbsp+1tsp) cream cheese (Philadelphia) | 10 g (1+1/2 tbsp) powdered sugar | 25 g (1+1/2 tbsp) unselted butter (softened at room temperature) | 1/4 tsp  vanilla paste (or vanilla extract) | 220 g (1+3/4 cups) all purpose flour | 10 g (1 tbsp+1 tsp) unsweetened cocoa powder | 3 g (1/2 tsp) baking soda | 110 g (1/2 cup) unsalted butter (softened at room temperature) | 1 tsp  vanilla paste (or vanilla extract) | 50 g (4 tbsp) light brown sugar | 75 g (1/3 cup) caster sugar | 1  egg (room temperature (or 55-60 g of room temperature milk for an eggless version)) |   pinch of salt |   red food coloring in paste,"all-purpose flour,baking soda,brown sugar,butter,cocoa powder,granulated sugar,milk,powdered sugar,salt,vanilla extract"
vYZruvJMN_w,The Best Peanut Butter Cookies with Claire Saffitz | Dessert Person,Claire Saffitz x Dessert Person,https://www.youtube.com/watch?v=vYZruvJMN_w,385766,15106,20220428,description,,"2 1/2 cups all-purpose flour (11.4 oz / 325g) | 1/2 teaspoon baking soda | 1 1/2 teaspoons Diamond Crystal kosher salt (0.16 oz / 5g), plus more for sprinkling tops | 2 sticks unsalted butter (8 oz / 227g). room temperature | 1/2 cup packed light brown sugar (3.5 oz / 100g) | 1/2 cup granulated sugar (3.5 oz / 100g), plus more for for sprinkling tops | 1 cup natural crunchy peanute butter (9 oz / 260g) | 2 large eggs (3.5 oz / 100g) | 1 teaspoon vanilla extract","all-purpose flour,baking soda,brown sugar,butter,egg,granulated sugar,salt,vanilla extract"
rvugSczY5xQ,THE BEST CHOCOLATE CHIP COOKIES | gluten- free chocolate chip cookies recipe,Clean & Delicious,https://www.youtube.com/watch?v=rvugSczY5xQ,384580,13620,20190524,recipe_page,https://tinyurl.com/y2vtcalx,1 cup all-natural unsalted almond butter | 3/4 cup turbinado sugar  ((also called sugar in the raw)) | 1  pastured egg | 1 teaspoon vanilla extract | 1 teaspoon baking soda | 1 teaspoon kosher salt | 1/2 cup chocolate chips,"baking soda,butter,chocolate chips,egg,granulated sugar,salt,vanilla extract"
HxGBClkllNE,BEST ROYAL ICING RECIPE & Perfect Icing Consistency,Little Cookie Co,https://www.youtube.com/watch?v=HxGBClkllNE,376842,10796,20231119,description,,2 pounds powdered sugar (1kg) | 3 tablespoons meringue powder (30 grams) | 2/3 cup of water (158 ml) | 1/4 cup corn syrup (60 ml) | 1 tablespoon butter bakery emulsion (15 ml) | 1 tablespoon vanilla extract (15 ml) | 1 teaspoon white color (5 ml),"butter,powdered sugar,vanilla extract"
GOLRJplOPhQ,Ina Garten's Shortbread Cookies | Barefoot Contessa | Food Network,Food Network,https://www.youtube.com/watch?v=GOLRJplOPhQ,373756,5204,20141211,description,,"3/4 pound unsalted butter, at room temperature | 1 cup sugar, plus extra for sprinkling | 1 teaspoon pure vanilla extract | 3 1/2 cups all-purpose flour | 1/4 teaspoon salt | 6 to 7 ounces very good semisweet chocolate, finely chopped | 2008, Ina Garten, All Rights Reserved","all-purpose flour,butter,chocolate chips,granulated sugar,salt,vanilla extract"
33hsuyz9YE0,The Best Chewy Chocolate Chip Cookies,Fitwaffle Kitchen,https://www.youtube.com/watch?v=33hsuyz9YE0,373477,10387,20210430,description,,"115g Unsalted butter, melted | 150g Light brown sugar | 115g Granulated sugar | 1 Large egg | 1 tsp Vanilla extract | 180g Plain flour | 1/2 tsp Bicarbonate of soda | 1/2 tsp Salt | 200g Chocolate chips","all-purpose flour,baking soda,brown sugar,butter,chocolate chips,egg,granulated sugar,salt,vanilla extract"
tbGbR_tYvRQ,Thumbprint Cookies Recipe | Chocolate Cookies - Tea Time Snack | The Bombay Chef - Varun Inamdar,Rajshri Food,https://www.youtube.com/watch?v=tbGbR_tYvRQ,367101,7104,20170106,description,,50 gms Castor Sugar | 100 gms Butter | 180 gms Refined Flour | 1 tbsp Semolina (Optional) | 20 gms Cocoa Powder | 50 gms Grated Milk Chocolate | 4 tbsp Milk | 50 gms Melted Milk Chocolate,"all-purpose flour,butter,chocolate chips,cocoa powder,granulated sugar,milk"
j9hP7IR3DAs,Soft Nutella Cookie Recipe ( Creamy Nutella Filling),Emma's Goodies,https://www.youtube.com/watch?v=j9hP7IR3DAs,366591,8967,20170217,description,,00133 Roma | - 80 grams of Soft Butter | - 150 grams of room temperature Nutella | - 1 Egg | - 1/2 tsp Baking Soda | - 1/2 Baking Powder | - 150 gr All Purpose Flour | - 1 tbsp Cocoa Powder | - 1 tsp of refrigerated Nutella | - 1/3 cup Soft Butter | - 1/2 cup + 1 Tbsp of room temperature Nutella | - 1 Egg | - 1/2 tsp Baking Soda | - 1/2 Baking Powder | - 1 1/4 cups All Purpose Flour | - 1 tbsp Cocoa Powder | - 1 tsp of refrigerated Nutella,"all-purpose flour,baking powder,baking soda,butter,cocoa powder,egg"
qK-ZOlrv2BM,Chewy Oatmeal Chocolate Chip Cookies Recipe,Preppy Kitchen,https://www.youtube.com/watch?v=qK-ZOlrv2BM,363140,8170,20251007,recipe_page,https://preppykitchen.com/oatmeal-chocolate-chip-cookies/,"1 cup all-purpose flour (120g) | 1/2 tsp baking soda (3g) | 1/2 tsp salt (5g) | 1/2 cup unsalted butter (room temperature, 113g) | 1/3 cup granulated sugar (65g) | 2/3 cup light-brown sugar (140g, packed) | 2 tsp pure vanilla extract (10mL) | 1  large egg | 1 1/2 cups rolled oats (135g) | 1 cup semisweet chocolate chips (150g)","all-purpose flour,baking soda,brown sugar,butter,chocolate chips,egg,granulated sugar,oats,salt,vanilla extract"
FjgPgPx-J9U,White Chocolate Macadamia Nut Cookies,Preppy Kitchen,https://www.youtube.com/watch?v=FjgPgPx-J9U,360849,11044,20200721,recipe_page,https://preppykitchen.com/macadamia-nut-cookies/,1 teaspoon cornstarch | ½ teaspoon baking powder | ½ teaspoon baking soda | ¼ teaspoon salt | ¾ cup granulated sugar ((150g)) | ½ cup unsalted butter (softened (113g)) | 1  large egg (room temperature) | 1 teaspoon vanilla extract | 1 cup dry roasted macadamia nuts (chopped (140g)) | 1½ cups all-purpose flour ((180g)) | 1¼ cups white chocolate chips (divided (225g)),"all-purpose flour,baking powder,baking soda,butter,cornstarch,egg,granulated sugar,macadamia nuts,salt,vanilla extract,white chocolate"
2K1gumMlPUY,OAT-CHOCOLATE CHIP COOKIES with EGGLESS option | self isolation baking recipes,Bake With Shivesh,https://www.youtube.com/watch?v=2K1gumMlPUY,356006,7813,20200321,description,,1/2 cup softened butter | 1/2 cup light brown sugar | 1/2 cup castor sugar | 1 egg / 1 flax egg | 1 + 1/4 rolled oats | 1/2 cup whole wheat flour | 1/2 tsp baking soda | 1/2 cup chocolate chips,"all-purpose flour,baking soda,brown sugar,butter,chocolate chips,egg,granulated sugar,oats"
LAMnqx30xYo,Peanut Butter Cookies - Classic Version - The Hillbilly Kitchen,The Hillbilly Kitchen - Down Home Country Cooking,https://www.youtube.com/watch?v=LAMnqx30xYo,353757,13996,20200315,description,,¾ cup Peanut Butter | ½ cup Real Butter | ½ cup Granulated Sugar | ½ cup Brown Sugar | 1 Egg | 1 ½ cups All-Purpose Flour | ½ teaspoon Baking Soda | ½ teaspoon Baking Powder | ¼ teaspoon Salt | 1 teaspoon Real Vanilla,"all-purpose flour,baking powder,baking soda,brown sugar,butter,egg,granulated sugar,peanut butter,salt,vanilla extract"
LZZxC1wfRAc,HEALTHY Peanut Butter Cookies. My NEW favorite cookie recipe!,How To Cook Smarter,https://www.youtube.com/watch?v=LZZxC1wfRAc,352822,8547,20210214,description,,"1/2 cup natural peanut butter (125g) | 1/4 cup honey or agave (60ml) | 1/4 cup unsweetened applesauce (65g) | 1 cup ground oats or oat flour (100g) | 1.5 tbsp cornstarch or tapioca starch | 1 tsp baking powder | 107 calories, fat 2.3g, carb 19.9g, protein 2.4g","all-purpose flour,baking powder,cornstarch,honey,peanut butter"
bPZrWFGamzQ,Christmas Cookies! (Cut out sugar cookies),RecipeTin Eats,https://www.youtube.com/watch?v=bPZrWFGamzQ,348093,2077,20191222,recipe_page,https://www.recipetineats.com/christmas-cookies-sugar-cookies-vanilla-biscuits/,"225g / 1 cup   unsalted butter (, softened (or use salted, skip salt)) | 1 cup caster/superfine sugar ((granulated/ordinary white sugar ok too)) | 1 1/2 tsp vanilla extract | 1  large egg ((55-60g / 1.9-2oz)) | 3 cups flour (, plain / all purpose) | 3/4 tsp baking powder | 3/4 tsp salt | Icing for Sugar Cookies","all-purpose flour,baking powder,butter,egg,granulated sugar,salt,vanilla extract"
I-C7jeQBJV4,Easy Butter Cookies Recipe,Preppy Kitchen,https://www.youtube.com/watch?v=I-C7jeQBJV4,344865,12193,20251204,recipe_page,https://preppykitchen.com/butter-cookies/,2 cups all-purpose flour ((240g)) | 1 cup unsalted butter (softened (227g)) | ½ teaspoon salt | ½ cup granulated sugar ((100g)) | 2  large egg yolks | 2 teaspoons vanilla extract | ⅓ cup sanding sugar or coarse sugar ((66g)),"all-purpose flour,butter,egg,granulated sugar,salt,vanilla extract"
5oR29gOLyPU,Chocolate Chip Cookies (3 WAYS),Brian Lagerstrom ,https://www.youtube.com/watch?v=5oR29gOLyPU,344793,12820,20241205,description,,"2 Add vanilla, eggs, and egg yolk. Mix on low speed until just combined. | 3 Add in bread flour, baking soda, baking powder, and salt and mix on low speed for 1 minute. | 4 Fold in chopped chocolate and mix briefly on low speed to distribute evenly. | 7 Place frozen dough balls on a baking sheet, allowing a lot of room in between each cookie. | 9 Let cool slightly before serving. | 2 With mixer on low, add milk, vanilla, and egg yolk. Mix for 30 sec or until combined. | 3 Add baking soda, salt, and flour. Mix on low speed until just combined, about 45 seconds | 4 Fold in chopped chocolate and walnuts. Mix briefly to  distribute evenly for about 20-25 seconds | 7 Let cool before serving. | 2 Add vanilla, egg, and egg yolks. Mix on med-low speed until combined. | 4 Fold in chocolate chips. | 7 Let cool slightly before serving.","baking powder,baking soda,chocolate chips,vanilla extract"
UBpnhqXKhno,Matcha White Chocolate Cookies 🍵 one of my fave recipes EVER,teak & thyme,https://www.youtube.com/watch?v=UBpnhqXKhno,340758,10012,20231018,description,,"180 g all-purpose flour | 1 tablespoon matcha powder, ceremonial grade or high-quality culinary grade | 1 tablespoon milk powder | ½ teaspoon baking powder | ½ teaspoon baking soda | ½ teaspoon salt | 115 g unsalted butter, softened to room temperature | 150 g granulated sugar | 1 large egg, room temperature | 1 teaspoon vanilla extract | 100 g white chocolate, roughly chopped, plus a handful extra for topping","all-purpose flour,baking powder,baking soda,butter,egg,granulated sugar,milk,salt,vanilla extract,white chocolate"
Rnpag1iApo0,2 Easy Chocolate Chip Cookies Recipes! Chewy vs Thin & Crispy!,Honeysuckle,https://www.youtube.com/watch?v=Rnpag1iApo0,340515,6618,20220127,description,,8 tablespoon or 1/2 cup salted butter | 1/2 cup white sugar | 1/2 cup dark brown sugar | 1 egg | 1 tsp vanilla | 1/2 tsp salt (kosher) | 1/2 tsp baking soda | 1 1/3 cups AP flour | 1 cup large chocolate chips | 8 tablespoons or 1/2 cup salted butter | 3/4 cup white sugar | 1/4 cup brown sugar | 1 egg | 2 tsp vanilla | 1/2 teaspoon salt | 1/4 tsp baking soda | 1 tablespoon milk | 1 cup AP flour | 1/2 cup chocolate chips | 26500 Agoura Rd. Suite 102,"all-purpose flour,baking soda,brown sugar,butter,chocolate chips,egg,granulated sugar,milk,salt,vanilla extract"
WXlohuWlfd8,Easy Sugar Cookie Icing Recipe,Preppy Kitchen,https://www.youtube.com/watch?v=WXlohuWlfd8,339857,10852,20251118,recipe_page,https://preppykitchen.com/sugar-cookie-icing/,1 cup powdered sugar | 1 tablespoon milk | 2 teaspoons light corn syrup | 1/4 teaspoon vanilla extract or almond extract | food coloring,"milk,powdered sugar,vanilla extract"
bUAi22tfX_E,A Chewy Oatmeal Raisin Cookie You're Going to Love,Sugar Spun Run,https://www.youtube.com/watch?v=bUAi22tfX_E,338319,6969,20220519,description,,"1 cup unsalted butter, melted and cooled until no longer warm to the touch (226g) | 1 cup dark brown sugar, firmly packed (200g) | ½ cup granulated sugar (100g) | ¾ teaspoon ground cinnamon | 2 large eggs, room temperature preferred | 1 Tablespoon molasses (use a molasses that says “unsulphured” on the label, I like “Grandmas” and “Brer Rabbit” brand) | 1 Tablespoon vanilla extract | 2 cups all-purpose flour (250g) | 1 Tablespoon cornstarch | 1 teaspoon baking soda | ¾ teaspoon table salt | 3 cups old-fashioned rolled oats (290g) | 1 ½ cups raisins (225g)","all-purpose flour,baking soda,brown sugar,butter,cinnamon,cornstarch,egg,granulated sugar,molasses,oats,raisins,salt,vanilla extract"
5DHvgPSkRXs,NUTELLA COOKIES - 3 INGREDIENTS,Barry Lewis,https://www.youtube.com/watch?v=5DHvgPSkRXs,332785,6191,20151203,description,,1 large egg | 130g plain flour (1 cup) | 300g nutella (1 cup),"all-purpose flour,egg"
Y8k4eaCS1M4,Fluffy snickerdoodle cookies,Adam Ragusea,https://www.youtube.com/watch?v=Y8k4eaCS1M4,331707,12833,20230706,description,,"1 1/3 cups (160g) all-purpose flour | 1/2 cup (100g) butter-flavored shortening (soft real butter is fine too, or use half of each) | 1/4 cup (50g) and 1/2 cup (100g) granulated sugar, plus more for dusting | 1 egg | 1 teaspoon vanilla | 1 teaspoon cream of tartar (plus a little shake for the egg) | 1/4 teaspoon baking soda","all-purpose flour,baking soda,butter,cream of tartar,egg,granulated sugar,vanilla extract"
CfB-jApRuvg,How to Make Pumpkin Cookies,Preppy Kitchen,https://www.youtube.com/watch?v=CfB-jApRuvg,326968,12730,20201013,recipe_page,https://preppykitchen.com/pumpkin-cookies/,1 teaspoon baking soda | 1 teaspoon baking powder | 2 teaspoons ground cinnamon | 1 teaspoon pumpkin pie spice | ½ teaspoon salt | ½ cup unsalted butter (softened) | 1 cup light brown sugar (packed (220g)) | ½ cup granulated sugar ((100g)) | 1 large egg (room temperature) | 1 teaspoon vanilla extract | 1 cup pumpkin puree ((240g)) | 2 cups powdered sugar ((240g)) | ¼ cup whole milk ((60mL)) | 2 tablespoons butter (melted and cooled) | 1 teaspoon vanilla extract | 2½ cups all-purpose flour ((300g)) | Pinch of salt,"all-purpose flour,baking powder,baking soda,brown sugar,butter,cinnamon,egg,granulated sugar,milk,powdered sugar,salt,vanilla extract"
C1OgkRI7VdE,Nutella Cookies,Preppy Kitchen,https://www.youtube.com/watch?v=C1OgkRI7VdE,326165,9514,20210211,recipe_page,https://preppykitchen.com/nutella-cookies/,3/4 cup flour | 1 cup Nutella | 1  egg,"all-purpose flour,egg"
35m3Lkm9psA,Oatmeal Chocolate Chip Cookies,Simply Home Cooked,https://www.youtube.com/watch?v=35m3Lkm9psA,323101,7602,20191116,description,,"1 1/4 cup all-purpose flour | 1 tsp baking soda | 1/2 tsp salt | 1/2 tsp cinnamon | 1 cup unsalted butter, softened | 3/4 cup brown sugar | 1/4 cup granulated sugar | 2 eggs | 1 tsp vanilla extract | 2 cups rolled oats | 1 1/2 semisweet chocolate chips | 1 cup walnuts, chopped","all-purpose flour,baking soda,brown sugar,butter,chocolate chips,cinnamon,egg,granulated sugar,nuts,oats,salt,vanilla extract"
yGeM0784lFg,EGGLESS RED VELVET COOKIES | Easy Red Velvet Cookies Recipe Without Eggs | Bake With Shivesh,Bake With Shivesh,https://www.youtube.com/watch?v=yGeM0784lFg,317491,10593,20200829,description,,1+ 1/4th cup all purpose flour | 2 tablespoons cocoa powder | 1/2 tsp baking soda | 1/2 cup butter (softened) | 1/2 cup light brown sugar | 1/2 cup caster sugar | 1tsp vanilla extract | 1 tablespoon red food color | 3 tablespoons milk + 1tsp vinegar | 1/2 cup white chocolate chips,"all-purpose flour,baking soda,brown sugar,butter,cocoa powder,granulated sugar,milk,vanilla extract,white chocolate"
v5fdbzL5yJo,You won't believe how easy it is to make cookies at Home with this recipe!,Phil's Kitchen,https://www.youtube.com/watch?v=v5fdbzL5yJo,314784,3575,20220515,description,,-1-1/4cup all purpose flour | -1/2cup icing sugar or 1/4 cup granulated sugar | -1/2cup unsalted butter or maragrine (if using margarine don't add salt) | -2tbsp cornflour | -1/4tsp salt | -1 egg yolk | -1tsp vanilla essence | -1tbsp milk,"all-purpose flour,butter,cornstarch,egg,granulated sugar,milk,salt,vanilla extract"
y3ZtzV68ph0,CHEWY AND FUDGY CHOCOLATE CRINKLES,Mommy Chocco,https://www.youtube.com/watch?v=y3ZtzV68ph0,313951,4065,20211030,description,,- 2 cups all purpose flour | - 2 teaspoons baking powder | - 1/2 teaspoon salt | - 1 cup unsweetened cocoa powder | - 1 1/4 cup white sugar | - 1/2 cup vegetable or canola oil | - 4 eggs ( room temp ) | - 2 teaspoons vanilla extract | - 1 cup powdered sugar ( for coating ),"all-purpose flour,baking powder,cocoa powder,egg,granulated sugar,oil,powdered sugar,salt,vanilla extract"
Q3WSgY7dHXQ,EASY Peanut Butter Blossom Cookies Recipe,Preppy Kitchen,https://www.youtube.com/watch?v=Q3WSgY7dHXQ,313342,7216,20231130,recipe_page,https://preppykitchen.com/peanut-butter-blossoms/,¾ cup creamy peanut butter ((188g)) | ½ cup unsalted butter (softened (113g)) | ½ cup granulated sugar (plus more for rolling (100g)) | ½ cup packed light brown sugar ((110g)) | ¼ teaspoon salt | 1 large egg  (room temperature) | 1 teaspoon vanilla extract | ½ teaspoon baking soda | 36  Hersey’s chocolate kisses (unwrapped) | 1½ cups all-purpose flour ((180g)),"all-purpose flour,baking soda,brown sugar,butter,egg,granulated sugar,peanut butter,salt,vanilla extract"
9Se55H71nHo,Chocolate Crinkle Cookies Recipe,The Cooking Foodie,https://www.youtube.com/watch?v=9Se55H71nHo,313340,6608,20181213,description,,4 tablespoons (60g) Butter | 8 oz (225g) Dark chocolate | 2 large eggs | 1 teaspoon Vanilla extract | 1/2 cup (100g) Sugar | 1/4 cup (30g) Cocoa powder | 1/4 teaspoon Salt | 1 teaspoon Baking powder | 1 cup (110g) Powdered sugar,"baking powder,butter,chocolate chips,cocoa powder,egg,granulated sugar,powdered sugar,salt,vanilla extract"
EDRwfp5D4aU,"We Finally Tried CHICKPEA COOKIES… and WOW! WFPB, Low Cal, No Oil!",Need Never Get Old,https://www.youtube.com/watch?v=EDRwfp5D4aU,311782,15356,20251026,description,,"1/2 cup rolled oats - add to food processor and pulse a few times | 4 medjool dates, pitted or 8 deglet | 1/4 cup maple syrup | 2 tsp vanilla | ½ tsp baking powder | ½ tsp baking soda | ¼ tsp salt","baking powder,baking soda,oats,salt,vanilla extract"
aR0hMtXpks4,How to bake a sublime Ginger Biscuit | Paul Hollywood's Easy Bakes,Paul Hollywood,https://www.youtube.com/watch?v=aR0hMtXpks4,309924,8608,20220131,description,,"225g plain flour | 2 tsp ground ginger | ½ tsp bicarbonate of soda | 100g golden caster sugar | 100g butter, softened | 100g golden syrup","all-purpose flour,baking soda,butter,ginger,granulated sugar"
LNn6pUruUw0,How to Make Simple Versatile Sugar Cookies,Sugar Spun Run,https://www.youtube.com/watch?v=LNn6pUruUw0,308888,6257,20181126,description,,"1 cup unsalted butter softened to room temperature (226g) | 1 cup sugar (200g) | 1 1/2 teaspoons vanilla extract² | 1 large egg | 2 1/2 cups all-purpose flour (315g) | 3/4 teaspoon baking powder | 3/4 teaspoon salt | 3 cups powdered sugar, sifted (375g) | 3-4 Tablespoons milk | 2 Tablespoons light corn syrup | 1/2 teaspoon vanilla extract","all-purpose flour,baking powder,butter,egg,granulated sugar,milk,powdered sugar,salt,vanilla extract"
jVQhsTjjKKY,Amazing White Chocolate Chip Cookies | Preppy Kitchen,Preppy Kitchen,https://www.youtube.com/watch?v=jVQhsTjjKKY,305641,8794,20210907,recipe_page,https://preppykitchen.com/white-chocolate-chip-cookies/,2 1/4 cups all-purpose flour  ((270g)) | 1/2 tsp baking soda ((3g)) | 1 cup unsalted butter room temperature ((230g)) | 1/2 cup granulated sugar ((100g)) | 1 cup packed light-brown sugar ((200g)) | 3/4 tsp salt ((4g)) | 2 tsp pure vanilla extract  ((10ml)) | 2  large eggs | 2 cups white chocolate chips ((300g) divided),"all-purpose flour,baking soda,brown sugar,butter,egg,granulated sugar,salt,vanilla extract,white chocolate"
tMcDJKhp2IU,Maamoul Recipe | Semolina Stuffed Cookies,The Cooking Foodie,https://www.youtube.com/watch?v=tMcDJKhp2IU,305588,6497,20210426,description,,"2 cups (350g) Semolina | 1 cup (125g) All-purpose flour | 1/4 cup (30g) Cornstarch | 2/3 cup (87g) Powdered sugar | 1 teaspoon Baking powder | 1/4 teaspoon Salt | 1/2 cup + 1 Tbsp (130g) Butter | 1/4 cup (60ml) Oil | 1 teaspoon Vanilla extract | 1 teaspoon Rose water (optional) | 1/4 cup (60ml) Milk | 200g Medjool dates | 200g Pistachios | 1/4 cup (50g) Sugar | 1/2 teaspoon Cinnamon (optional) | 2 tablespoons (30g) Butter, softened | 1 teaspoon Rose water (optional)","all-purpose flour,baking powder,butter,cinnamon,cornstarch,granulated sugar,milk,oil,powdered sugar,salt,vanilla extract"
RaFDidw4PwY,Nur wenige kennen dieses Rezept! Weiche Zitronenkekse 🍋,The perfect dessert,https://www.youtube.com/watch?v=RaFDidw4PwY,305098,3893,20260312,description,,•  2 Eier | •  100 g Zucker | •  80 ml Sonnenblumenöl | •  50 ml Zitronensaft | •  380 g Mehl | •  12 g Backpulver | •  80 g Puderzucker,
8lcsF0uNrdw,Easy Shortbread Cookies Recipe - Delicious Scottish Shortbread,Yummy Kitchen Recipe,https://www.youtube.com/watch?v=8lcsF0uNrdw,300164,4105,20201213,description,,"1 1/4 cups (300g) unsalted butter, softened (**mentioned 2 1/2 cups in the video but should be | 1 1/4 cups) | 3/4 cup (100g) powdered sugar | 1 tsp vanilla extract | 2 1/2cups (400g) all purpose flour (**mentioned 3 1/4 cups in the video but should be 2 1/2 cups) | 3/4 cup (100g) corn starch","all-purpose flour,butter,cornstarch,powdered sugar,vanilla extract"
qbLRybwWMC4,The BEST Pumpkin Cookies Recipe,Preppy Kitchen,https://www.youtube.com/watch?v=qbLRybwWMC4,298075,8808,20241001,recipe_page,https://preppykitchen.com/pumpkin-cookies/,1 teaspoon baking soda | 1 teaspoon baking powder | 2 teaspoons ground cinnamon | 1 teaspoon pumpkin pie spice | ½ teaspoon salt | ½ cup unsalted butter (softened) | 1 cup light brown sugar (packed (220g)) | ½ cup granulated sugar ((100g)) | 1 large egg (room temperature) | 1 teaspoon vanilla extract | 1 cup pumpkin puree ((240g)) | 2 cups powdered sugar ((240g)) | ¼ cup whole milk ((60mL)) | 2 tablespoons butter (melted and cooled) | 1 teaspoon vanilla extract | 2½ cups all-purpose flour ((300g)) | Pinch of salt,"all-purpose flour,baking powder,baking soda,brown sugar,butter,cinnamon,egg,granulated sugar,milk,powdered sugar,salt,vanilla extract"
0UHuD-z3E2k,The secret to the perfect crunchy Shortbread | Emojoie,Emojoie,https://www.youtube.com/watch?v=0UHuD-z3E2k,297596,7080,20230512,description,,160g unsalted butter | 75g powdered sugar | 230g flour,"all-purpose flour,butter,powdered sugar"
cFKaRIR8dpI,The Ultimate Soft Baked Cookie Recipe,"Chef Rose of Caro and Marie, Cebu",https://www.youtube.com/watch?v=cFKaRIR8dpI,294253,8663,20211202,description,,450 grams butter | 400 grams brown sugar | 200 grams white sugar | 200 grams eggs | 30 grams vanilla | 10 grams baking soda | 5 grams salt | 12 grams cornstarch | 75 grams glucose or light corn syrup | 625 grams all purpose flour,"all-purpose flour,baking soda,brown sugar,butter,cornstarch,egg,granulated sugar,salt,vanilla extract"
Vrl23FOgUck,How to Make Perfect Peanut Butter Cookies & Why Peanut Butter is Hard to Swallow | What's Eating Dan,America's Test Kitchen,https://www.youtube.com/watch?v=Vrl23FOgUck,294195,12831,20220812,recipe_page,https://cooks.io/3SIGcAC,"4 cups (1¼ pounds) peanuts | 1 teaspoon honey, plus extra for seasoning | 3/4 teaspoon kosher salt","honey,salt"
HCGiTEXhTng,Matcha and White Chocolate Cookies Recipe || William's Kitchen,William's Kitchen EN,https://www.youtube.com/watch?v=HCGiTEXhTng,289983,7039,20201211,description,,170 g melted butter | 150 g brown sugar | 100 g granulated sugar | 1 large egg + 1 egg yolk | 1 tsp pure vanilla extract | 3 tsp matcha powder + 2 tbsp water | 280 g all-purpose flour | 2 tsp corn starch | 1 tsp baking soda | 1 pinch of salt | 200 g white chocolate (baking chocolate),"all-purpose flour,baking soda,brown sugar,butter,cornstarch,egg,granulated sugar,salt,vanilla extract,white chocolate"
1ktqxelXNvM,UBE CRINKLES,Chef RV Manabat,https://www.youtube.com/watch?v=1ktqxelXNvM,289567,5577,20211127,description,,¼ cup melted butter | ¼ cup + 2 tbsp oil | 1 pc. whole egg | ¼ cup white sugar | ½ cup ube jam | 2 tsps. ube flavoring / coloring | 2 tbsps. condensed milk | 1 ¼ cup all-purpose flour | ½ tsp. baking powder | ¼ tsp. fine salt,"all-purpose flour,baking powder,butter,egg,granulated sugar,milk,oil,salt"
ScOBGA7XodY,Oatmeal Raisin Cookies,Simple Joy,https://www.youtube.com/watch?v=ScOBGA7XodY,288928,5033,20200719,description,,2 cups all purpose flour see note | 1 teaspoon baking soda | 1 teaspoon cinnamon | 1/2 teaspoon salt | 14 tablespoons unsalted butter room temperature | 3/4 cup granulated sugar | 3/4 cup light brown sugar (packed) | 2 large eggs room temperature | 1 teaspoon pure vanilla extract | 2 cups old fashioned oats | 1 cup raisins,"all-purpose flour,baking soda,brown sugar,butter,cinnamon,egg,granulated sugar,oats,raisins,salt,vanilla extract"
rKHFPOGHNhc,Melt-In-Your-Mouth Thai Coconut Cookies (kanom ping),Pailin's Kitchen,https://www.youtube.com/watch?v=rKHFPOGHNhc,287763,5367,20161209,recipe_page,http://hot-thai-kitchen.com/kanom-ping,"1 cup coconut milk | 1/2 cup granulated sugar | 5-6 inches pandan leaf | 1 egg yolk (from a large egg) | 260 grams tapioca starch | Food colouring, if desired","egg,granulated sugar,milk"
ibwfWgbGVcw,How to Make Almond Cookies (Soft and Chewy),The Cooking Foodie,https://www.youtube.com/watch?v=ibwfWgbGVcw,283951,5918,20201102,description,,1 cup + 2 Tbsp. (140g) Powdered sugar | 3/4 teaspoon Baking powder | 1/4 teaspoon Salt | 2 Egg whites | 1 teaspoon Vanilla extract | 1 teaspoon Rose water (optional) | 1 teaspoon Almond extract (optional) | 1 teaspoon Lemon juice,"baking powder,egg,nuts,powdered sugar,salt,vanilla extract"
-Wp76aLiQRI,Fudgy Chocolate Crinkle Cookies!! How to Make Crinkles Recipe,Crouton Crackerjacks,https://www.youtube.com/watch?v=-Wp76aLiQRI,283824,5046,20171223,description,,1 cup (200g) granulated sugar | 1/2 cup (60g) unsweetened cocoa powder | 1/4 cup (60ml) vegetable oil | 2 large eggs | 1 tsp pure vanilla extract | 1 cup (125g) all-purpose (or plain) flour | 1 tsp baking powder | 1/2 tsp salt | 1/4 cup powdered sugar (for rolling dough in),"all-purpose flour,baking powder,cocoa powder,egg,granulated sugar,oil,powdered sugar,salt,vanilla extract"
ZTXpRAvV1bU,NO-BAKE VEGAN COOKIE DOUGH BARS,Rainbow Plant Life,https://www.youtube.com/watch?v=ZTXpRAvV1bU,281792,13364,20200912,recipe_page,https://www.rainbowplantlife.com/no-bake-cookie-dough-bars,"1  packed cup of soft Medjool dates, (pitted*) | 2 3/4 cups rolled oats ((~260-275g), certified gluten-free if needed**) | 1/4 cup smooth tahini ((56g) (or almond butter or cashew butter)) | 4 1/2 tablespoons pure maple syrup | 1 tablespoon pure vanilla extract | 1/2 teaspoon fine sea salt | 1 cup (180g) vegan chocolate chips***, divided | 2 teaspoons refined coconut oil, (melted (optional; omit to keep oil-free))","butter,chocolate chips,flaky sea salt,oats,oil,vanilla extract"
1nuH9sgYMRg,Best Healthy Chocolate Chip Cookies EVER! 🍪  Vegan + Gluten Free,Veggiekins,https://www.youtube.com/watch?v=1nuH9sgYMRg,278612,11833,20200609,recipe_page,https://veggiekinsblog.com/2020/05/09/best-healthy-chocolate-chip-cookies/,1/2 cup creamy almond butter (with no added sugars/oils) | 1/4 cup maple syrup | 1/4 cup coconut sugar | 1 tsp vanilla extract | 1  flax egg (1 tbsp ground flax seeds + 3 tbsp warm water) | 1/2 cup + 2 tbsp fine oat flour | 2 tbsp blanched almond flour | 1/2 tsp baking powder + 1/2 tsp baking soda | 1/3 cup vegan chocolate chips | optional (pinch of salt),"all-purpose flour,baking powder,butter,chocolate chips,egg,granulated sugar,nuts,salt,vanilla extract"
JtEFvE1ijm4,M&M'S Cookies and Dip,M&M'S,https://www.youtube.com/watch?v=JtEFvE1ijm4,277858,506,20210129,description,,"1 cup all-purpose flour | 1/4 tsp baking powder | 1/4 tsp baking soda | 1/4 tsp salt | 1/4 cup unsalted butter, at room temperature | 1/3 cup granulated sugar | 1/4 cup packed brown sugar | 1 egg | 1/2 tsp vanilla extract | 1/2 cup M&M’s® Milk Chocolate, chopped | 2 tbsp unsalted butter, room temperature | 1/2 cup icing sugar, sifted | 1 tbsp milk | 1/2 tsp vanilla extract | 1/4 cup Cool Whip Original Whipped Topping | 3/4 cup M&M’s® Milk Chocolate, chopped","all-purpose flour,baking powder,baking soda,brown sugar,butter,chocolate chips,egg,granulated sugar,milk,powdered sugar,salt,vanilla extract"
Atqv_bdxgi4,Best Danish Butter Cookies,Savor Easy,https://www.youtube.com/watch?v=Atqv_bdxgi4,277800,7359,20231128,description,,2/3 cup salted butter (150g) | 3/4 cup icing sugar (90g) | 1 egg | 1 tsp vanilla extract (5ml) | 1 and 1/2 cup all purpose flour or plain flour (190g),"all-purpose flour,butter,egg,powdered sugar,vanilla extract"
MLkrNrAdelg,The BEST Chocolate Crinkle Cookies Recipe,Preppy Kitchen,https://www.youtube.com/watch?v=MLkrNrAdelg,276652,7851,20251209,recipe_page,https://preppykitchen.com/chocolate-crinkle-cookies/,1 cup unsweetened cocoa powder ((100g)) | ½ cup vegetable oil ((120mL)) | 4 large eggs (room temperature) | 2 teaspoons vanilla extract | 2 cups all-purpose flour ((240g)) | 2 teaspoons baking powder | ¾ teaspoon salt | 1 cup powdered sugar ((120g)) | 1¾ cups granulated sugar ((350g)),"all-purpose flour,baking powder,cocoa powder,egg,granulated sugar,oil,powdered sugar,salt,vanilla extract"
SHgsy49W0Ds,Ovenly's Secretly Vegan Salted Chocolate Chip Cookies | Genius Recipes,Food52,https://www.youtube.com/watch?v=SHgsy49W0Ds,275434,10953,20190313,description,,"2 cups (250 grams) all-purpose flour | 1 teaspoon baking powder | 3/4 teaspoon baking soda | 1/2 teaspoon fine salt | 1/2 cup (100 grams) sugar | 1/2 cup plus 1 tablespoon canola, grapeseed, or any other neutral oil | 1/4 cup plus 1 tablespoon water","all-purpose flour,baking powder,baking soda,granulated sugar,oil,salt"
sxzZ3tZX8KU,The MOST Amazing Pumpkin Chocolate Chip Cookies Recipe,Preppy Kitchen,https://www.youtube.com/watch?v=sxzZ3tZX8KU,274758,9290,20211007,recipe_page,https://preppykitchen.com/pumpkin-chocolate-chip-cookies/,⅓ cup canned pumpkin puree ((80g)) | 2 cups all-purpose flour ((240g)) | ½ teaspoon baking powder | ¼ teaspoon baking soda | 2 teaspoons ground cinnamon | 1 teaspoon pumpkin pie spice | ½ teaspoon salt | ¾ cup unsalted butter (melted and cooled (170g)) | ½ cup light brown sugar (packed (110g)) | ½ cup granulated sugar ((100g)) | 1 teaspoon vanilla extract | 1 cup semisweet chocolate chips ((160g)),"all-purpose flour,baking powder,baking soda,brown sugar,butter,chocolate chips,cinnamon,granulated sugar,salt,vanilla extract"
sNJN7a_yghY,How to Make Perfect Snickerdoodle Cookies at Home,America's Test Kitchen,https://www.youtube.com/watch?v=sNJN7a_yghY,274055,5555,20190228,recipe_page,http://cooks.io/2FZDEcH,"2 1/2 cups (12 1/2 ounces/354 grams) all-purpose flour | 2 teaspoons cream of tartar | 1 teaspoon baking soda | 1/2 teaspoon salt | 8 tablespoons unsalted butter, softened | 8 tablespoons vegetable shortening | 1 1/2 cups (10 1/2 ounces/298 grams) sugar, plus 1/4 cup for rolling | 2 large eggs | 1 tablespoon ground cinnamon","all-purpose flour,baking soda,butter,cinnamon,cream of tartar,egg,granulated sugar,salt"
J57dkEyab_A,Chewy M&M Cookie Bars Recipe,Divas Can Cook,https://www.youtube.com/watch?v=J57dkEyab_A,263719,7762,20140105,recipe_page,http://divascancook.com/mm-cookie-bars-recipe-homemade-chewy/,2 1/4 cups all-purpose flour | 1/2 tsp salt | 1/2 tsp baking soda | 12 Tbsp butter (melted) | 1 cup brown sugar | 1/2 cup white sugar | 1  large egg | 1  large egg yolk | 2 tsps vanilla extract | 1 1/2 cups M&M's (divided),"all-purpose flour,baking soda,brown sugar,butter,egg,granulated sugar,salt,vanilla extract"
9Yz15-WHAxw,Half-Baked White Chocolate and Macadamia Nut Cookie Recipe | Cupcake Jemma,CupcakeJemma,https://www.youtube.com/watch?v=9Yz15-WHAxw,262790,8659,20150416,description,,"225g unsalted butter, soft | 100g caster sugar | 170g light soft brown sugar | 1 large free-range egg | 1 tsp vanilla extract | 235g plain flour, sifted | 1/2 tsp baking powder | 1/4 tsp bicarbonate of soda | 1/2 tsp salt | 100g white chocolate chips | 50g macadamia nuts | 1 Kingly Court","all-purpose flour,baking powder,baking soda,brown sugar,butter,egg,granulated sugar,macadamia nuts,salt,vanilla extract,white chocolate"
dlbO_PUigbI,Easy Shortbread Cookies (Lime Squiggles) with Claire Saffitz | Dessert Person,Claire Saffitz x Dessert Person,https://www.youtube.com/watch?v=dlbO_PUigbI,261283,8133,20230223,description,,"1 1⁄2 cups all-purpose flour (7 oz / 200g) | 1⁄4 cup cornstarch (1.1 oz / 32g) | 3⁄4 teaspoon Diamond Crystal kosher salt or 1⁄2 teaspoon Morton kosher salt | 1 stick unsalted butter (4 oz / 113g), at room temperature | 4 ounces (113g) cream cheese, at room temperature | 3⁄4 cup confectioners’ sugar (2.9 oz / 83g) | 2 teaspoons finely grated lime zest | 2 tablespoons fresh lime juice | 2 teaspoons vanilla extract | 1 cup confectioners’ sugar (3.9 oz / 110g), sifted if lumpy | 2 tablespoons fresh lime juice | 1 tablespoon unsalted butter, melted | 1 lime, for zesting","all-purpose flour,butter,cornstarch,powdered sugar,salt,vanilla extract"
yS7Nvj5f9JM,HOW TO MAKE | THE BEST BROWN BUTTA CHOCOLATE CHIP PECAN COOKIES!!,The Danni Rose Network,https://www.youtube.com/watch?v=yS7Nvj5f9JM,259078,17872,20250320,description,,• 2 sticks salted butter (browned) | • ½ cup white sugar | • ½ cup brown sugar (Use ¾ cup for a sweeter cookie) | • 2 tbsp cornstarch | 1 teaspoon baking soda | • 2 large eggs | • 2 cups bread flour (OR 2 cups + 2 tbsp all-purpose flour) | • 1 tsp salt | • 1 tbsp vanilla extract (or Nilla extract if you have it) | • 1 cup chocolate chips (semi-sweet or dark) | • ¾ cup chopped pecans,"all-purpose flour,baking soda,brown sugar,butter,chocolate chips,cornstarch,egg,granulated sugar,nuts,salt,vanilla extract"
kxmrjO3WflM,WHITE CHOCOLATE MACADAMIA NUT COOKIES RECIPE LIKE SUBWAY | SHERLINA NYM,Sherlina Nym,https://www.youtube.com/watch?v=kxmrjO3WflM,257990,9795,20200322,description,,120g | 1/2 cup butter | 80g | 1/3 cup sugar | 100g | 1/2 cup light brown sugar | 200g | 1 cup white chocolate chips | 80g | 2/3 cup macadamia nuts | 1 egg | 2 tsps vanilla extract | 1 tsp baking soda | 185g | 1 1/2 cup plain flour,"all-purpose flour,baking soda,brown sugar,butter,egg,granulated sugar,macadamia nuts,vanilla extract,white chocolate"
2fzVyZvKz-o,Almond Cookies,Preppy Kitchen,https://www.youtube.com/watch?v=2fzVyZvKz-o,256279,8179,20200825,recipe_page,https://preppykitchen.com/almond-cookies/,"1  cup all-purpose flour (120g) | 1/2 cup  almond flour (60g) | 1 tbsp cornstarch | 1/2 tsp sea salt | 1/4 tsp baking powder | 10 tbsp unsalted butter (unsalted butter, at room temperature 142g) | 1 tsp almond extract | 1/2 cup confectioners' sugar (+3tbsp) | 1/4 cup sliced almonds | 3/4 cup powdered sugar | 1 tbsp water | 1  tsp almond extract","all-purpose flour,baking powder,butter,cornstarch,flaky sea salt,nuts,powdered sugar"
RqCKqXZPTcI,How To Make Shortbread  | Good Housekeeping UK,Good Housekeeping UK,https://www.youtube.com/watch?v=RqCKqXZPTcI,255272,2982,20151016,description,,"250g (9oz) plain white flour, sifted, plus extra to dust | 175g (6oz) unsalted butter, at room temperature, cubed | 75g (3oz) caster sugar","all-purpose flour,butter,granulated sugar"
f4My3oGalqo,NYC Style Chocolate Chip Cookies From 1 Dough ♡ Bake With Me,Pinch Of Warmth,https://www.youtube.com/watch?v=f4My3oGalqo,253541,8026,20260123,description,,• ½ cup (110 g) brown sugar | • ¾ cup (150 g) granulated sugar | • 3 large eggs (150 g without shells) | • 3 teaspoons vanilla extract | • ½ teaspoon (3 g) salt | • 2 teaspoons (8 g) baking powder | • 2 teaspoons (6 g) cornstarch | • ½ teaspoon (3 g) baking soda | • 3 tablespoons (24 g) all purpose flour | • 100 g semi‑sweet chocolate | • 100 g dark chocolate | • 3 tablespoons (20 g) cocoa powder | • 1–2 teaspoons milk | • 100 g milk chocolate | • 50 g semi‑sweet chocolate | • 50 g dark chocolate | • 2 tablespoons (16 g) flour | • ½–1 teaspoon vinegar | • 100 g white chocolate | • 100 g semi‑sweet chocolate,"all-purpose flour,baking powder,baking soda,brown sugar,chocolate chips,cocoa powder,cornstarch,egg,granulated sugar,milk,salt,vanilla extract,white chocolate"
2nypIlyT1RU,Moroccan Almond Cookies ❤️ They will disappear in 1 minute!,Liu Silka Kitchen ,https://www.youtube.com/watch?v=2nypIlyT1RU,251585,4639,20251203,description,,• 2 egg whites | • 1/2 teaspoon vanilla extract | • 2 cups ground almonds (200 g) | • 2 cups powdered sugar (240 g) | • 1 teaspoon baking powder | • 1 cup all-purpose flour (120 g) | • 1 cup powdered sugar for dusting (120 g),"all-purpose flour,baking powder,egg,nuts,powdered sugar,vanilla extract"
-VsXb1VGohk,My ULTIMATE Chewy Chocolate Chip Cookie Recipe | Cupcake Jemma,CupcakeJemma,https://www.youtube.com/watch?v=-VsXb1VGohk,248501,7099,20230518,description,,185g Burnt Butter | 215g Light Brown Sugar | 1 Egg + 1 Yolk | 2 tsp Vanilla | 225g Plain Flour | ¾ tsp Bicarb | 1 tsp Sea Salt | 200g Milk Chocolate | 200g Dark Chocolate,"all-purpose flour,baking soda,brown sugar,butter,chocolate chips,egg,flaky sea salt,vanilla extract"
ZzCLUU900vo,3-Ingredient Coconut Cookies Recipe,The Cooking Foodie,https://www.youtube.com/watch?v=ZzCLUU900vo,246286,3794,20190228,description,,2 Eggs whites | 2 cups (180g) Desiccated coconut | 1/2 cup (100g) Sugar,"egg,granulated sugar"
7sZFc_S__SM,The Best Danish Butter Cookies Recipe,Bigger Bolder Baking with Gemma Stafford,https://www.youtube.com/watch?v=7sZFc_S__SM,244672,8714,20241128,description,,"* 1 cup (8 oz/225 g) butter, softened | * ½ cup (4 oz/115 g) granulated sugar | * ¼ teaspoon salt | * 1 large egg, room temperature | * 1 tablespoon vanilla extract | * 2 cups (10 oz/284 g) all-purpose flour | * 2 tablespoons granulated sugar, for sprinkling","all-purpose flour,butter,egg,granulated sugar,salt,vanilla extract"
vfSoP80zAnk,Molasses Cookies,Preppy Kitchen,https://www.youtube.com/watch?v=vfSoP80zAnk,242357,8913,20201201,recipe_page,https://preppykitchen.com/molasses-cookies/,2 teaspoons baking soda | ¾ teaspoon salt | 1 teaspoon ground ginger | ½ teaspoon ground cloves | ¾ cup unsalted butter (softened (170g)) | ¾ cup packed light brown sugar packed ((165g)) | ⅓ cup unsulphured molasses ((80ml)) | 1  large egg (room temperature) | 2 teaspoons vanilla extract | ¼ cup sanding or granulated sugar ((50g)) | 2½ cups all-purpose flour ((300g)) | 1½ teaspoons ground cinnamon,"all-purpose flour,baking soda,brown sugar,butter,cinnamon,cloves,egg,ginger,granulated sugar,molasses,salt,vanilla extract"
VRy9QwUhexE,GLUTEN-FREE CHOCOLATE CHIP COOKIES | 'nuff said,Downshiftology,https://www.youtube.com/watch?v=VRy9QwUhexE,238993,7538,20210612,recipe_page,https://downshiftology.com/recipes/gluten-free-chocolate-chip-cookies/,"½ cup melted (and cooled) butter, ghee, or coconut oil | ½ cup coconut sugar | 1  large egg | 2 teaspoons vanilla extract | 2 cups almond flour | ½ teaspoon sea salt | 1 teaspoon baking soda | 1 cup chocolate chips","baking soda,butter,chocolate chips,egg,flaky sea salt,granulated sugar,nuts,vanilla extract"
Ls5HmE0wX3M,Make 10 Christmas Cookies from One Dough!🎄 - The Ultimate Christmas Cookie Box 🎁,Pastry Living with Aya,https://www.youtube.com/watch?v=Ls5HmE0wX3M,234617,9089,20241217,recipe_page,https://pastryliving.com/10-christmas-cookies-from-1-dough-christmas-cookie-box/,"226 g Unsalted butter | 90 g Powdered sugar | 1 teaspoon Vanilla extract | 290 g All-purpose flour | 25 g Cornstarch | 1/2 teaspoon Salt | 200 g The base dough | 10 g Milk | 100 g The base dough | 1/2 tsp Cinnamon powder | 1/2 tsp Ginger powder | 8 g All-purpose flour | 15 g Molasses | a pinch Clove powder | Some  Marshmallows (for Santa bear cookies) | Some  Sprinkles (for Christmas wreath and tree cookies) | Some  Toasted nuts (for Stollen cookies) | Some  Dried cranberries (for Stollen and star cookies) | Some  Powdered sugar (for Stollen, snowball, and jam cookies) | Some  Granulated sugar (for Stollen cookies) | Some  White chocolate (for Christmas tree cookies) | Some  Dark chocolate (for mini shortbread cookies) | Some  Raspberry jam (for Jam cookies) | Some  Mini chocolate chips (for Santa bear’s eyes and mini chocolate chip cookies) | Some  Regular chocolate chip (for Santa bear’s nose) | Some  Wrapping Ribbons (for wreath and present box cookies) | Some  Red gel paste food coloring (for Santa bear’s hat) | Some  Green and brown colorings (for Christmas wreath and tree cookies)","all-purpose flour,butter,chocolate chips,cinnamon,cloves,cornstarch,ginger,granulated sugar,milk,molasses,powdered sugar,salt,vanilla extract,white chocolate"
uweI34rjj5E,Soft and Chewy Oatmeal Chocolate Chip Cookies/Easy Oatmeal chocolate chip cookie recipe,Bincy Chris,https://www.youtube.com/watch?v=uweI34rjj5E,229719,4677,20200219,description,,1.Mix together the dry ingredients in a bowl. | 2.Combine the wet ingredients in a another bowl. | 3.Mix together the wet and dry ingredients together. | 4.Shape the cookie dough.,
q_fzycED-tA,The Perfect Peanut Butter Cookie Actually Exists,Brian Lagerstrom ,https://www.youtube.com/watch?v=q_fzycED-tA,228179,10192,20260412,description,,"115g (1 stick) butter, softened | 115g (1/2 cup) brown butter, cooled and semi-solid (start with ~145g to account for water loss) | 350g (1 1/3 cups) peanut butter | 185g (scant 1 cup) granulated sugar | 185g (1 cup packed) brown sugar | 25g (1 1/4 Tbsp) honey | 65g (1/4 cup) white miso | 90g (6 Tbsp) whole egg, beaten (about 1½ large eggs) | 20g (4 tsp) vanilla extract | 330g (2 2/3 cups) all-purpose flour or gluten free flour | 7g (1 1/2 tsp) baking powder | 7g (1 1/4 tsp) baking soda | 12g (2 tsp) salt","all-purpose flour,baking powder,baking soda,brown sugar,butter,egg,granulated sugar,honey,peanut butter,salt,vanilla extract"
Fs_uacrCrF4,The Best Simple Eggless Royal Icing *No egg whites or meringue powder needed*,Pastry Living with Aya,https://www.youtube.com/watch?v=Fs_uacrCrF4,226515,9014,20251207,recipe_page,https://pastryliving.com/eggless-royal-icing-for-sugar-cookies/,240 g Powdered sugar | 45 g Whole milk (For thicker icing to draw fine lines: 40g (2 Tbsp+2 tsp)) | 20 g Corn syrup or Honey | 240 g Powdered sugar | 35 g Water (For thicker icing to draw fine lines: 30-32.5g (2 Tbsp - 2 Tbsp+1/2 tsp)) | 20 g Corn syrup or Honey,"honey,milk,powdered sugar"
jeUa8Iwplss,SECRET INGREDIENT for CHEWY PUMPKIN COOKIES - Recipe By DOUBLE STOP BAKE SHOP #easyrecipe,Double Stop Bake Shop ,https://www.youtube.com/watch?v=jeUa8Iwplss,226282,9420,20231006,recipe_page,https://doublestopbakeshop.com/chewy-pumpkin-cookies/,"2 heaping Tbsp. granulated sugar (25 grams) | 2 tsp.  pumpkin pie spice (5 grams)  *or make your own, see notes. | 1/2  c. + 2 Tbsp. packed brown sugar (150 grams) | 1/4 c.  granulated sugar (50 grams) | 1 tsp. vanilla (5 grams) | 1 Tbsp. honey (24 grams) | 1 stick unsalted browned butter (113 grams) | 1/3 to 1/2 c.  pumpkin puree (80 to 120 grams)  (see video and notes for details on brands and texture) | 2 c. all purpose flour (240 grams) | 1/4 tsp. salt, heaping (if using salted butter, make it a level 1/4 tsp) (2 grams) | 1/2  tsp. baking powder (2.4 grams) | 1 tsp. baking soda (6 grams) | 1/2 tsp. pumpkin pie spice (1 gram) (or make your own, see notes)","all-purpose flour,baking powder,baking soda,brown sugar,butter,granulated sugar,honey,vanilla extract"
3OHIS5IoRtA,Viral Mini Chocolate Chip Cookie - No Chill,Savor Easy,https://www.youtube.com/watch?v=3OHIS5IoRtA,219516,4506,20260116,description,,1/2 cup brown sugar (100g) | 1/2 cup granulated sugar (100g) | 1/2 cup brown butter (125ml) salted | 1 large egg | 1 tsp vanilla extract (5ml) | 1.5 cups flour (190g) | 1/2 tsp baking powder | 1/2 tsp baking soda | 1 cup mini chocolate chips,"all-purpose flour,baking powder,baking soda,brown sugar,butter,chocolate chips,egg,granulated sugar,vanilla extract"
COpf-rjpi3k,One Skillet Giant Chocolate Chip Nutella Cookies | How Tasty Channel,How Tasty,https://www.youtube.com/watch?v=COpf-rjpi3k,219089,3665,20220120,recipe_page,https://www.how-tasty.com/chocolate-chip-nutella-skillet/,"110 g (1/2 cup) unsalted butter, (room temperature) | 50 g (1/4 cup) brown sugar | 50 g (1/4 cup) caster sugar | 1  egg,  (room temperature) | 1 tsp  vanilla paste (or vanilla extract) | 160 g (1+1/3 cup) all purpose flour | 3 g (1/2 tsp) baking soda | 55 g (1/3 cup) chocolate chips | 220 g (3/4 cup) Nutella (you can reduce to 150 g (1/2 cup)) |   Pinch of salt","all-purpose flour,baking soda,brown sugar,butter,chocolate chips,egg,granulated sugar,salt,vanilla extract"
JuWK32IX2zc,Thumbprint Cookies | Jam Cookies Recipe,The Cooking Foodie,https://www.youtube.com/watch?v=JuWK32IX2zc,218638,6265,20201217,description,,"1 cup (230g) Butter, softened | 2/3 cup (85g) powdered sugar | 1 teaspoon Vanilla extract | 1/4 teaspoon Salt | 1 Egg yolk","butter,egg,powdered sugar,salt,vanilla extract"
lbnM7pE2ezM,Ultimate Chewy Double Chocolate Cookie Recipe (with a Twist) | Cupcake Jemma,CupcakeJemma,https://www.youtube.com/watch?v=lbnM7pE2ezM,217944,6916,20180802,description,,225g soft unsalted butter | 415g caster sugar | 2 eggs | 1 tsp vanilla extract | 300g plain flour | 100g cocoa powder | 1 tsp bicarbonate of soda | 1/2 tsp salt | 1 Kingly Court,"all-purpose flour,baking soda,butter,cocoa powder,egg,granulated sugar,salt,vanilla extract"
g3q_4BQZn3o,"Buttery, Melt-in-your-mouth Shortbread Cookies",Sugar Spun Run,https://www.youtube.com/watch?v=g3q_4BQZn3o,216422,3656,20231130,description,,"1 cup unsalted butter, softened (226g) | ¾ cup powdered sugar (95g) | 1 teaspoons vanilla extract | 2 cups all-purpose flour (250g) | 2 Tablespoons cornstarch | ½ teaspoon table salt","all-purpose flour,butter,cornstarch,powdered sugar,salt,vanilla extract"
-tNfrq5ODD4,No Bake Peanut Butter Cookies,Crazy for Crust,https://www.youtube.com/watch?v=-tNfrq5ODD4,216305,5196,20220523,description,,½ cup (113g) unsalted butter diced | 1 ¾ cups (350g) granulated sugar | ½ cup (118ml) nonfat milk | ½ cup (133g) creamy peanut butter | 1 teaspoon vanilla extract | ¼ teaspoon salt | 3 cups (243g) quick cooking oats,"butter,granulated sugar,milk,oats,peanut butter,salt,vanilla extract"
SWt_sAdCRGs,The BEST Soft and Chewy Chocolate Chip Cookies,Sugar Spun Run,https://www.youtube.com/watch?v=SWt_sAdCRGs,212752,4137,20250428,description,,"1 ¼ cup (250 g) brown sugar tightly packed | ½ cup (100 g) sugar | 1 large egg + 1 yolks room temperature preferred* | 1 ½ teaspoon vanilla extract | 2 ¾ cups (350 g) all-purpose flour | 2 teaspoons cornstarch | 1 teaspoon baking soda | 1 teaspoon salt | 1 ¾ cup (300 g) semisweet chocolate chips plus additional for tops, optional","all-purpose flour,baking soda,brown sugar,chocolate chips,cornstarch,egg,granulated sugar,salt,vanilla extract"
9OWbLG5Hstw,The Internet's Best Chewy Chocolate Chip Cookies,Bigger Bolder Baking with Gemma Stafford,https://www.youtube.com/watch?v=9OWbLG5Hstw,210003,7540,20210304,recipe_page,https://bit.ly/ChewyCCC,"½ cup (4 oz/115 g) butter, (softened) | 1 ½ cups (9 oz/255 g) dark brown sugar | ½ cup (4 oz/115 g) granulated sugar | ½ cup (4 fl oz/115 ml) olive oil* | 2 large  eggs,  (at room temperature) | 1 tablespoon vanilla extract | 2 ¾ cups (14 oz/397 g) all-purpose flour | 1 teaspoon baking powder | 1 teaspoon baking soda | 1 teaspoon salt | 1 ½ cups (9 oz/225 g) bittersweet chocolate bar, (chopped)","all-purpose flour,baking powder,baking soda,brown sugar,butter,egg,granulated sugar,oil,salt,vanilla extract"
Z_SfIY-qZkg,Beth's Double Chocolate Chunk Cookie Recipe | ENTERTAINING WITH BETH,Entertaining With Beth,https://www.youtube.com/watch?v=Z_SfIY-qZkg,209653,5578,20160311,description,,½ cup (120 g) butter | 4 ounces (113 g) bittersweet chocolate | 1 ¼ cup (250 g) sugar | 2 eggs | ¾ tsp (3.75 ml) vanilla | 1 cup (120 g) flour | 2/3 cup (70 g) unsweetened cocoa powder | ½  tsp (2.5 ml) baking soda | ½  tsp (2.5 ml) salt | ½ cup (75 g) chopped bittersweet chocolate | ½ cup (75 g) dried cherries | ½ cup (75 g) walnuts,"all-purpose flour,baking soda,butter,cocoa powder,egg,granulated sugar,nuts,salt,vanilla extract"
fHjjmGYnP80,How To Make Thumbprint Cookies,Sugar Spun Run,https://www.youtube.com/watch?v=fHjjmGYnP80,209624,2729,20181221,description,,"1 cup unsalted butter softened to room temperature (226g) | 1/3 cup sugar (70g) | 1/3 cup light brown sugar, tightly packed (70g) | 1 large egg yolk | 3/4 teaspoon vanilla extract | 2 1/4 cup all purpose flour (280g) | 2 teaspooons cornstarch | 1/2 teaspoon salt | 1/2 cup sugar for rolling (optional) | 1/3 cup jam or preserves flavor of your choice -- I used raspberry preserves for this recipe (105g)","all-purpose flour,brown sugar,butter,cornstarch,egg,granulated sugar,salt,vanilla extract"
Pg_uIMMMzUg,Easy Chocolate Sugar Cookies,Preppy Kitchen,https://www.youtube.com/watch?v=Pg_uIMMMzUg,207069,6763,20191210,recipe_page,https://preppykitchen.com/chocolate-sugar-cookies/,"2 cups all-purpose flour (subtract 2 tbsp, 220g ) | 2 tbsp corn starch (20g) | 3/4 tsp salt | 3/4 cups cocoa powder (Dutch processed preferred) | 1 cup sugar (200g) | 1 cups unsalted butter at room temperature | 1  large egg | 1 tbsp vanilla (15mL)","all-purpose flour,butter,cocoa powder,cornstarch,egg,granulated sugar,salt,vanilla extract"
utL-q24Ue2I,THE BEST Chewy Double Chocolate Chip Cookies,Sugar Geek Show,https://www.youtube.com/watch?v=utL-q24Ue2I,205943,5591,20201113,description,,1 1/8 cups (8 ounces) unsalted butter melted | 1 cup (7 ounces) light brown sugar | 1 cup (7 ounces) granulated sugar | 2 large eggs room temperature | 2 teaspoons vanilla extract | 2 cups (10 ounces) all purpose flour | 3/4 cup (2.6 ounces) cocoa powder | 1 teaspoon baking soda | 1/2 teaspoon salt | 2 cups (12 ounces) chocolate chips semi-sweet,"all-purpose flour,baking soda,brown sugar,butter,chocolate chips,cocoa powder,egg,granulated sugar,salt,vanilla extract"
ldqZzSSfhx0,The Best Sugar Cookie for Royal Icing (No Spread & Soft Bite),Little Cookie Co,https://www.youtube.com/watch?v=ldqZzSSfhx0,204890,6625,20241026,description,,"1 cup butter, cold & cubed | 1 cup brown sugar | ½ cup granulated white sugar | 2 eggs | 1 tablespoon vanilla extract | 1 tablespoon butter emulsion (optional) | 1 teaspoon salt | 1 teaspoon baking powder | 1 tablespoon corn starch | 4 ½ cups flour","all-purpose flour,baking powder,brown sugar,butter,cornstarch,egg,granulated sugar,salt,vanilla extract"
ShLlwR0CTz8,White Chocolate Chip Cranberry Cookies Recipe,Preppy Kitchen,https://www.youtube.com/watch?v=ShLlwR0CTz8,204720,6548,20221201,recipe_page,https://preppykitchen.com/white-chocolate-cranberry-cookies/,½ teaspoon baking soda | ½ teaspoon salt | 1 cup unsalted butter (softened (227g)) | 1 cup packed light brown sugar ((220g)) | ½ cup granulated sugar ((100g)) | 2 large eggs | 1 tablespoon vanilla extract | 1 cup white chocolate chips ((180g)) | 2¼ cups all-purpose flour ((270g)) | 1½ cups dried cranberries ((180g)),"all-purpose flour,baking soda,brown sugar,butter,egg,granulated sugar,salt,vanilla extract,white chocolate"
cBSHebMz_Uk,Matcha Latte Cookies | Eric Kim | NYT Cooking,NYT Cooking,https://www.youtube.com/watch?v=cBSHebMz_Uk,203766,6391,20231201,recipe_page,https://nyti.ms/4a4G33e,"1 ½ cups/185 grams all-purpose flour | ½ teaspoon baking soda | 1 ½ tablespoons matcha powder | 1 ½ tablespoons pure vanilla extract | ½ cup/113 grams unsalted butter, at room temperature | 1 tablespoon creamy peanut butter | ¾ cup/150 grams granulated sugar | ¼ packed cup/50 grams light brown sugar | ½ teaspoon coarse kosher salt (such as Morton) | 1 large egg, at room temperature | ¾ cup/150 grams granulated sugar | 3 tablespoons all-purpose flour | 1 cup/237 milliliters whole milk | 1 cup/227 grams unsalted butter, at room temperature | 1 teaspoon pure vanilla extract | Nonpareil sprinkles (optional) | Small pinch of coarse kosher salt","all-purpose flour,baking soda,brown sugar,butter,egg,granulated sugar,milk,peanut butter,salt,vanilla extract"
OEhfNRVyaRA,How To Make CHEWY PUMPKIN HERMITS - The BEST Bar Cookies for THANKSGIVING,Double Stop Bake Shop ,https://www.youtube.com/watch?v=OEhfNRVyaRA,202370,6042,20241112,recipe_page,https://doublestopbakeshop.com/chewy-pumpkin-hermits/,"1 stick unsalted butter (1/2 cup, or 113 grams) | 1 cup packed brown sugar (235 grams) | 1/3  cup pumpkin puree (canned or homemade)( 80 grams) | 1/4 cup molasses (80 grams) | 2 3/4 cup all purpose flour (about 331 grams) | 2 tsp. baking soda (12 grams) | 1/2 tsp. salt (3 grams) | 2 tsp. ginger (3 grams) | 2 tsp. cinnamon (4 grams) | 1/4 tsp. allspice ( 0.25 grams) | 1/8 to 1/4 tsp. freshly grated nutmeg (to taste, a pinch or two) | 1/2 cup chopped raisins (70 grams) | 1 1/2 cups powdered sugar (150 grams) | 1 1/2 to 2 Tbsp. half & half or milk (24 to 32 grams) | 1/2 tsp. vanilla (2 1/2 grams)","all-purpose flour,baking soda,brown sugar,butter,cinnamon,ginger,milk,molasses,nutmeg,powdered sugar,raisins,salt,vanilla extract"
xpIZymMRZ1c,The Best Coconut Macaroons Recipe | Gluten free Coconut Cookies Recipe,Plezirs,https://www.youtube.com/watch?v=xpIZymMRZ1c,201947,3045,20220302,description,,"04      -- Large egg whites, room temperature | 110g  -- Sugar | 1 tsp   -- Vanilla extract | 1 tbsp -- Coconut oil (or melted butter) | 200g   -- unsweetened shredded coconut | 1 tbsp -- Coconut flour (or all-purpose flour for non gluten free)","all-purpose flour,butter,egg,granulated sugar,vanilla extract"
N5pzxRXOhn8,Coffee Bean Cookies Recipe,The Cooking Foodie,https://www.youtube.com/watch?v=N5pzxRXOhn8,201130,7017,20201029,description,,"32-36 cookies | 1/2 tablespoon Instant coffee | 1 tablespoon Hot water | 1 Egg yolk | 2/3 cup (83g) Powdered sugar | 1/3 cup (75g) Butter, softened | 1 cup (125g) Cake flour | 2 tablespoons (15g) cornstarch | 2 tablespoons (15g) Cocoa powder | 1/4 teaspoon Salt","all-purpose flour,butter,cocoa powder,cornstarch,egg,powdered sugar,salt"
Q5-ic-Eab5k,"PUMPKIN OATMEAL POWER COOKIES | easy, healthy recipe",Clean & Delicious,https://www.youtube.com/watch?v=Q5-ic-Eab5k,197266,8459,20220909,description,,"1 cup oat flour | 1/4 cup rolled oats | 1 tsp cinnamon | 1/2 tsp pumpkin pie spice | 1/2 tsp baking soda | 1/2 tsp sea salt | 1/4 cup melted coconut oil | 1/2 cup pumpkin puree | 1 egg | 1 tsp vanilla extract | 1/2 cup coconut sugar | 1/3 cup unsweetened shredded coconut | 1/3 cup chocolate chips | 1/3 cup pecans, chopped","all-purpose flour,baking soda,chocolate chips,cinnamon,egg,flaky sea salt,granulated sugar,nuts,oats,oil,vanilla extract"
XOS1McpNJgo,2-Ingredient Coconut Cookies Recipe,The Cooking Foodie,https://www.youtube.com/watch?v=XOS1McpNJgo,194583,1227,20230925,recipe_page,https://www.thecookingfoodie.com/recipe/2Ingredient-Coconut-Cookies-Recipe,1 cup 90g Desiccated coconut | 4 tablespoons Maple syrup,
fGsewb8QX8M,SIX ingredient cookies recipe | Easy 20 minute brown sugar cookies!!,Cookie Sheets & Sweets,https://www.youtube.com/watch?v=fGsewb8QX8M,193646,3600,20220429,description,,1/2 cup salted butter (melted and cooled slightly) 113g | 3/4 packed brown sugar (light or dark) 135g | 1 large room temperature egg 50-55g | 1 teaspoon vanilla extract 4g | 1/4 teaspoon fine sea salt 1.5g | 1 + 1/3 cup all purpose flour 175g,"all-purpose flour,brown sugar,butter,egg,flaky sea salt,vanilla extract"
QuL-sHyOY5Q,Soft Gingerbread Cookies (Easy),JoyFoodSunshine,https://www.youtube.com/watch?v=QuL-sHyOY5Q,193393,4037,20191215,recipe_page,https://joyfoodsunshine.com/soft-gingerbread-cookies/,1 ½ cups all-purpose flour | 1 teaspoon baking soda | 1 teaspoon ground cinnamon | ¾ teaspoon ground ginger | ¼ teaspoon ground cloves | ½ teaspoon sea salt | ½ cup butter  (softened) | ¾ cup brown sugar (packed) | 3 Tablespoons molasses | 1  large egg (room temperature) | 1 teaspoon pure vanilla extract | 1 cup powdered sugar | 1 Tablespoon whole milk ((more if required)) | 1 teaspoon pure vanilla extract,"all-purpose flour,baking soda,brown sugar,butter,cinnamon,cloves,egg,flaky sea salt,ginger,milk,molasses,powdered sugar,vanilla extract"
YdReICRUqds,"I Tried 3 Snickerdoodle Recipes and Picked the Best One (Food Network, Tasty, and Bon Appetit)",eatsbyrachel,https://www.youtube.com/watch?v=YdReICRUqds,192627,4311,20200620,description,,"1.25 flour | 1 tsp cream of tartar | 1/2 tsp baking soda | 1/3 tsp salt | 1 stick unsalted butter, melted, cooled slightly | 1/4 cup brown sugar | 1/2 cup plus | 1 tbsp sugar | 1/2 vanilla bean | 1 large egg | 1/2 tbsp cinnamon | 1 tsp cinnamon | 1 stick butter, softened | 1 tsp vanilla | 1/2 cup sugar | 1/6 cup brown sugar | 1 egg | 1 1/2 cups flour | 1 tsp cream of tartar | 1 tsp baking soda | 1/4 tsp salt | 1/8 cup sugar | 1/2 tbsp cinnamon | 1/4 cup salted butter, softened | 1/4 cup vegetable shortening | 3/4 cup 1 tbsp sugar | 1 1/3 cup flour | 1 tsp cream of tartar | 1/2 tsp baking soda | 1/8 tsp salt | 1 tsp ground cinnamon | 1 egg","all-purpose flour,baking soda,brown sugar,butter,cinnamon,cream of tartar,egg,granulated sugar,salt,vanilla extract"
jVZsTUQjCow,The Best Thick NYC Cookies Recipe! Tutorial (Levain Bakery Style),Fitwaffle Kitchen,https://www.youtube.com/watch?v=jVZsTUQjCow,192216,6096,20220501,description,,"115g unsalted butter, room temperature | 160g light brown sugar | 40g granulated sugar | 1 large egg, room temperature | 2 tsp vanilla extract | 315g plain flour | 1 tsp baking powder | 1 tsp bicarbonate of soda | 1 tsp salt | 200g chocolate chips (and/or chunks)","all-purpose flour,baking powder,baking soda,brown sugar,butter,chocolate chips,egg,granulated sugar,salt,vanilla extract"
Vph5hJTvnP8,"Alton Brown's Famous ""The Chewy"" Chocolate Chip Cookies | Good Eats | Food Network",Food Network,https://www.youtube.com/watch?v=Vph5hJTvnP8,191275,3106,20200205,description,,8 ounces unsalted butter | 12 ounces bread flour | 1 teaspoon kosher salt | 1 teaspoon baking soda | 2 ounces granulated sugar | 8 ounces light brown sugar | 1 large egg | 1 large egg yolk | 1 ounce whole milk | 1 1/2 teaspoons vanilla extract | 12 ounces semisweet chocolate chips,"baking soda,bread flour,brown sugar,butter,chocolate chips,egg,granulated sugar,milk,salt,vanilla extract"
EXsdDBhFqio,How to Make Chinese Almond Cookies!,kawaiisweetworld,https://www.youtube.com/watch?v=EXsdDBhFqio,191225,4864,20150219,description,,"2 ½ cups flour | 1 cup sugar | ½ tsp baking soda | ¼ tsp salt | 1 cup (2 sticks) butter (can also substitute for lard, or ½ cup butter ½ cup Crisco – but I find all butter tastes best) | 1 egg | 1 tsp almond extract | 1 beaten egg combined with 1 T milk for eggwash | ¼ cup sliced almonds (whole almonds work as well)","all-purpose flour,baking soda,butter,egg,granulated sugar,milk,nuts,salt"
EsQfvTp5HfY,The Most Flavorful Gingerbread Man You'll Ever Have,Sugar Spun Run,https://www.youtube.com/watch?v=EsQfvTp5HfY,191146,4943,20211129,description,,"½ cup unsalted butter softened (113g) | ½ cup light or dark brown sugar, tightly packed (100g) | ½ cup unsulphured molasses (120ml) (I use ""Grandma's"" brand) | 1 large egg | 2 teaspoons vanilla extract | 2 ¾ cups all purpose flour (315g) | ¾ teaspoon baking soda | ½ teaspoon salt | 1 ½ teaspoon ground ginger | 1 ½ teaspoons ground cinnamon | ¼ teaspoon ground cloves | ¼ teaspoon ground nutmeg | 3 cups powdered sugar sifted (375g) | 2-4 Tablespoons milk | 2 Tablespoons light corn syrup | ½ teaspoon vanilla extract","all-purpose flour,baking soda,brown sugar,butter,cinnamon,cloves,egg,ginger,milk,molasses,nutmeg,powdered sugar,salt,vanilla extract"
1pliyGEj_yc,Easy Royal Icing Recipe,Preppy Kitchen,https://www.youtube.com/watch?v=1pliyGEj_yc,189977,5246,20251202,recipe_page,https://preppykitchen.com/royal-icing/,3  egg whites | 1 pound confectioners’ sugar ((450g)) | 1 teaspoon vanilla extract,"egg,powdered sugar,vanilla extract"
zQJTYCWTyDA,The Best Vegan Chocolate Chip Cookie Recipe,Liv B,https://www.youtube.com/watch?v=zQJTYCWTyDA,187449,7912,20190403,recipe_page,https://itslivb.com/2019/04/04/chewy-chocolate-chip-cookies/,"1/2 cup vegan margarine, softened vegan butter or solid coconut oil (SEE NOTE*) | 1 cup brown sugar | 1/4 cup non-dairy milk (like almond or soy) | 1 tsp vanilla | 1 1/2 cups all-purpose flour | 1 tsp baking soda | 1 tsp baking powder | 1/3 to 1/2 cup dairy-free chocolate chips | pinch of salt (about 1/4 tsp)","all-purpose flour,baking powder,baking soda,brown sugar,butter,chocolate chips,nuts,salt,vanilla extract"
cAZ7FrRFNj4,My Mom's Italian Christmas Cookies recipe (Knot Cookies),Mobile Home Gourmet,https://www.youtube.com/watch?v=cAZ7FrRFNj4,184202,2871,20161211,description,,"¾ cup (6 oz./170g) butter; room temperature | ½ cup (3.5 oz./99g) sugar | ½ teaspoon salt | 2 teaspoons baking powder | 4 large eggs | ½ cup (120ml) heavy cream | 2 teaspoons anise extract (or almond flavoring) | 1+1/3 cup (6 oz./170g) confectioners’ sugar | 1 tablespoon light corn syrup | 1 tablespoon water (or juice, such as lemon juice), more if needed","baking powder,butter,egg,granulated sugar,nuts,powdered sugar,salt"
seYBuL6PvKE,Pistachio Stuffed Cookies Recipe,The Cooking Foodie,https://www.youtube.com/watch?v=seYBuL6PvKE,182076,5404,20230803,description,,"1/4 cup (60g) Pistachio paste | 3/4 cup (175g) Softened Butter, unsalted | 2 eggs | 3/4 cup (150g) Brown sugar | 1/4 cup (50g) white sugar | 1 teaspoon Vanilla extract | 1 teaspoon Baking soda | 1/4 teaspoon Salt | 1/3 cup (80g) Pistachio paste | 180g White chocolate","baking soda,brown sugar,butter,egg,granulated sugar,salt,vanilla extract,white chocolate"
cI95OFltlOg,The BEST Soft Peanut Butter Cookies,Cooking With Donna,https://www.youtube.com/watch?v=cI95OFltlOg,181375,4075,20201216,description,,1 c.salted real sweet cream butter softened | 1 1/4 cups brown sugar | 1/4 c. granulated sugar | 1 1/3 c. Regular Skippy peanut butter | 2 eggs | 2 teaspoons of vanilla | 2 1/2 c. bread flour | 1/4 teaspoon of salt | 3/4 teaspoons of baking soda,"baking soda,bread flour,brown sugar,butter,egg,granulated sugar,peanut butter,salt,vanilla extract"
6vTchX_xkXI,S’mores Stuffed Cookies,Spaceships and Laser Beams,https://www.youtube.com/watch?v=6vTchX_xkXI,179985,4584,20200711,description,,1 1/3 cups salted butter softened | 1 cup sugar | 1 cup light brown sugar packed | 3 eggs | 2 tsp vanilla extract | 3 1/2 cups all purpose flour | 1 1/2 tsp baking soda | 3/4 tsp salt | 3 1/2 cups semi sweet chocolate chips | 24 large marshmallows cut in half | 6- 1.55 oz regular sized Hershey's Chocolate Bar broken into pieces | 1 sleeve honey graham crackers broken into pieces,"all-purpose flour,baking soda,brown sugar,butter,chocolate chips,egg,granulated sugar,honey,salt,vanilla extract"
YYYpJybd9Lo,Chewy Oatmeal Raisin Cookies Recipe- How to make bakery style oatmeal raisin cookies,Divas Can Cook,https://www.youtube.com/watch?v=YYYpJybd9Lo,179420,3293,20110119,recipe_page,http://divascancook.com/oatmeal-raisin-cookie-recipe/,2 cups all-purpose flour | 1 teaspoon baking powder | 1 teaspoon salt | 1 teaspoon baking soda | 1 cup butter (softened (please do not melt the butter)) | 1 cup brown sugar (packed) | 1 cup white sugar | 2  eggs | 1 teaspoon vanilla extract | 1/3 cup water | 1 1/2 cup raisins (divided) | 3 cups 1-minute oats,"all-purpose flour,baking powder,baking soda,brown sugar,butter,egg,granulated sugar,oats,raisins,salt,vanilla extract"
Zz6IOFlXzuU,LEVAIN BAKERY’S CHOCOLATE CHIP WALNUT COOKIE COPYCAT,YSG Kitcheneria,https://www.youtube.com/watch?v=Zz6IOFlXzuU,179367,4435,20200121,description,,"200g unsalted butter, cold | 100g light brown sugar | 100g white sugar | 2 eggs | 200g all purpose flour | 120g cake flour | 1 tsp cornstarch | 1 tsp baking powder | 1/2 tsp baking soda | 1/4 tsp salt | 250g semisweet chocolate chips | 200g walnuts | 7/8 cup cold butter, cubed | 1/2 cup brown sugar | 1/2 cup white sugar | 2 eggs | 1 3/4 cup all purpose flour | 1 cup cake flour | 1 tsp. cornstarch | 1 tsp. baking powder | 1/2 tsp. baking soda | 1/4 tsp. salt | 2 cups semisweet chocolate chips | 1 3/4 cup walnuts","all-purpose flour,baking powder,baking soda,brown sugar,butter,chocolate chips,cornstarch,egg,granulated sugar,nuts,salt"
dOsy-mjBhXA,Soft n Chewy M&M Cookies~ Homemade easy recipe!,Divas Can Cook,https://www.youtube.com/watch?v=dOsy-mjBhXA,178307,5471,20160722,recipe_page,http://divascancook.com/soft-chewy-mm-cookies-recipe/,1 ½ cups all-purpose flour | 1/2 teaspoon salt | 1/2 teaspoon baking soda | 1/2 cup butter (softened at room tempt.) | 1 oz cream cheese | 3/4 cup light brown sugar (packed) | 1/4 cup white sugar | 1  egg | 2 teaspoons vanilla extract | 1/2-1 cup semi-sweet chocolate chunks (depending on how chocolatey you like it) | 1/2 cup mini baking m & m's (can use more if desired),"all-purpose flour,baking soda,brown sugar,butter,chocolate chips,egg,granulated sugar,salt,vanilla extract"
StJjHI6uAyM,Brown Butter Pumpkin Cheesecake Snickerdoodles 🍂 Bake With Me,a little calm,https://www.youtube.com/watch?v=StJjHI6uAyM,175676,8387,20251013,description,,4 oz softened cream cheese | 3 tbsp sugar | 1/2 tsp vanilla | 2 tbsp heavy cream (or sour cream) - you can also leave it out completely if you prefer | 1/2 cup + 2 tbsp (128g) dark brown sugar | 1/2 cup (100g) granulated sugar | 1 cup (226g) browned butter (cooled) - salted or unsalted | 2 egg yolks | 2 tsp vanilla | 2/3 cup (156g) pumpkin puree (squeeze it dry between some paper towels- it should feel like play dough!) | 1 and 2/3 cup + 1 tbsp (208g) all-purpose flour | 1 and 1/2 tsp pumpkin spice | 1 tsp baking soda | 1 tsp cream of tartar | 1/2 tsp salt | 1/3 cup (67g) granulated sugar | 1 tsp cinnamon,"all-purpose flour,baking soda,brown sugar,butter,cinnamon,cream of tartar,egg,granulated sugar,salt,vanilla extract"
TRNH1vYVtg0,Copycat Walkers Shortbread Recipe Video,Dished,https://www.youtube.com/watch?v=TRNH1vYVtg0,174093,2531,20210502,description,,"250g (1 1/8 cup) unsalted butter, softened | 90g (3/4 cup) powdered sugar | 1 tsp vanilla extract | 300g (2 cups) all-purpose flour","all-purpose flour,butter,powdered sugar,vanilla extract"
qixq5cFmdpc,"[3-in-1] Best Chocolate Chip Cookies Chewy & Crispy [Vani, Chocolate, Matcha]",Nino's Home,https://www.youtube.com/watch?v=qixq5cFmdpc,173236,7292,20260923,description,,- 240g Unsalted butter | - 100g Sugar | - 100g Brown sugar | - 1Tsp Salt | - 2 Eggs | - 1Tsp Baking soda | - 100g All-purpose flour | - 1Tsp Vanilla extract | - 90g All-purpose flour | - 7g Cocoa powder | - 95g All-purpose flour | - 5g Matcha powder | - 120g Chocolate chips | - 120g Dark chocolate,"all-purpose flour,baking soda,brown sugar,butter,chocolate chips,cocoa powder,egg,granulated sugar,salt,vanilla extract"
f5LjZakB_yc,Ultimate Soft and Chewy Chocolate Chip Cookies | Peaches and Cream,Peaches and Cream Baking,https://www.youtube.com/watch?v=f5LjZakB_yc,172722,3979,20200423,description,,1/2 cup (113 grams) soft butter | 1/4 cup (50 grams) shortening | 1 1/4 cups (310 grams) brown sugar | 1 1/2 tsp vanilla | 2 Tbl whole milk | 1 egg | 3 cups (390 grams) flour | 1/2 tsp salt | 3/4 tsp baking soda,"all-purpose flour,baking soda,brown sugar,butter,egg,milk,salt,vanilla extract"
EP5IY3MBvlk,"Delicious coconut cookies! Simple, fast, delicious!",Zuhause kochen,https://www.youtube.com/watch?v=EP5IY3MBvlk,172197,5176,20230430,description,,- 100 grams of butter | - 1/4 teaspoon salt | - 100 grams of sugar (1/2 cup) | - 2 eggs | - 90 grams of coconut flakes (1+1/2 cups) | - 90 grams of all-purpose flour (1/2 cup) | - 1 teaspoon baking powder,"all-purpose flour,baking powder,butter,egg,granulated sugar,salt"
_tohWV29-F4,How To Make The BEST Gingerbread Cookies | Simple & Delicious!,Pastry Living with Aya,https://www.youtube.com/watch?v=_tohWV29-F4,172098,5201,20231202,description,,4 Kinds of Soft & Chewy Cookies from One Dough | 10 Kinds of Cookies from One Dough! | Christmas Cookie Box | 4 Holiday Macarons from One Batch!,
X95E3eI88yY,S'mores Cookie Cups | Preppy Kitchen,Preppy Kitchen,https://www.youtube.com/watch?v=X95E3eI88yY,171032,6124,20190130,recipe_page,https://preppykitchen.com/smores-cookie-cups/,"2 1/4 cups flour (270g) | 1/4 cup graham cracker crumps (20g) | 1/2 tsp salt (2g) | 1 tsp baking soda (6g) | 1/4 cup cornstarch (32g) | 1 tsp cinnamon (2g, heaping) | 3/4 cup unsalted butter (170g) | 1 cup granulated sugar (200g) | 1  egg | 1  egg yolk | 1 tsp vanilla (5mL) | 1/2 cup light corn syrup (118mL) | 1 cup granulated sugar (200g) | 4  egg whites (room temperature) | 1 cup semi-sweet chocolate (175g) | 3 tbsp heavy cream (45mL) | few dashes of cream of tartar","all-purpose flour,baking soda,butter,chocolate chips,cinnamon,cornstarch,cream of tartar,egg,granulated sugar,salt,vanilla extract"
OnA7KkZMuuc,"Healthy Ginger Cookies (Gluten-free, Paleo) Soft and Chewy, Without Molasses!",Living Healthy With Chocolate,https://www.youtube.com/watch?v=OnA7KkZMuuc,169955,4357,20161201,recipe_page,https://livinghealthywithchocolate.com/soft-chewy-ginger-cookies-gluten-grain-free/,"2 2/3 cup (286g) blanched almond flour | 1/2 cup (68g)  unrefined coconut sugar | 2 teaspoons ground ginger | 1/2 teaspoon ground cinnamon | 1/2 teaspoon ground nutmeg | 1 teaspoon baking soda | 1/4 teaspoon fine Himalayan salt | 6 tablespoons (80g) pastured butter (soften, or coconut oil) | 3 tablespoons (57g) raw honey (or maple syrup) | 2 tablespoons (26g) water | 1  egg (room temperature)","baking soda,butter,cinnamon,egg,ginger,granulated sugar,honey,nutmeg,nuts,salt"
ytp6ArWuEqA,"NY Style Cookies: One Dough, Endless Creations | Red Velvet | Cookie & Cream | Chocolate | Monster",The Chopping Board,https://www.youtube.com/watch?v=ytp6ArWuEqA,169615,5443,20241117,description,,- 226g unsalted butter (1 cup) | - 100g sugar ( 1/2 cup) | - 200g brown sugar (1 cup) | - 2 eggs | - 2 tsp vanilla extract | - 480g all purpose flour (4cups) | - 20g (2 tbsp cornstarch) | - 6g baking soda (1 tsp) | - 10g baking powder (2 tsp) | - 7g salt (1 tsp) | • 30g Biscoff spread = 2 tbsp | • 30g Biscoff cookies = 1/3 cup (about 6–7 cookies) | • 20g white chocolate chips = 2 tbsp | • 20g semisweet chocolate chips = 2 tbsp | • 40g peanut butter chips = 1/3 cup | • 40g M&M’s = 1/3 cup | • 20g white chocolate chips = 2 tbsp | • 20g semisweet chocolate chips = 2 tbsp | • 50g Oreo = 1/2 cup (about 4–5 cookies) | • 30g white chocolate chips = 3 tbsp | • 30g semisweet chocolate chips = 3 tbsp | • 5g cocoa powder = 1 tbsp | • 30g Oreo = 1/3 cup (about 3 cookies) | • 30g white chocolate chips = 3 tbsp | • 30g semisweet chocolate chips = 3 tbsp | • 30g Oreo = 1/3 cup (about 3 cookies) | • 30g chocolate chip cookies = 1/3 cup (about 3 cookies) | • 20g white chocolate chips = 2 tbsp | • 20g semisweet chocolate chips = 2 tbsp | • 25g black cocoa powder = 3 tbsp | • 14g cream or milk = 1 tbsp | • 30g semisweet chocolate chips = 2 tbsp | • 30g white chocolate chips = 2 tbsp | • 30g Oreo = 1/3 cup (about 3 cookies),"all-purpose flour,baking powder,baking soda,brown sugar,butter,chocolate chips,cocoa powder,cornstarch,egg,granulated sugar,milk,peanut butter,salt,vanilla extract,white chocolate"
anjfi2jkfVM,White Chocolate Macadamia Nut Cookies!! - Homemade Cookie Recipe,Crouton Crackerjacks,https://www.youtube.com/watch?v=anjfi2jkfVM,169270,4574,20150708,description,,"1/2 cup butter, softened | 1/2 cup firmly packed light brown sugar | 1/4 cup white granulated sugar | 1 large egg | 1 tsp vanilla extract | 1 1/4 cups all-purpose or plain flour | 1/2 tsp baking powder | 1/4 tsp salt | 1/2 cup white chocolate chunks | 1/4 cup macadamia nuts","all-purpose flour,baking powder,brown sugar,butter,chocolate chips,egg,granulated sugar,macadamia nuts,salt,vanilla extract"
RUp1a6NxgpY,Sugar Cookie Cut Outs | A No Chill Recipe,Owlbbaking,https://www.youtube.com/watch?v=RUp1a6NxgpY,168542,3425,20201106,recipe_page,https://owlbbaking.com/perfect-sugar-cookie-cut-outs/,"1 c granulated sugar | 1 egg | 1 egg yolk | 2 tsp vanilla extract | 3 c all purpose flour | 1 ½ tsp baking powder | ½ tsp fine salt | 2 ½ sticks butter (or, 1c & 4tbsp butter, softened at room temp. Salted or unsalted can be used. If you're sensitive to salt and using salted butter, consider reducing the amount of added salt by ¼ tsp)","all-purpose flour,baking powder,butter,egg,granulated sugar,salt,vanilla extract"
L_Vbk1M6tik,How to Brown Butter,Preppy Kitchen,https://www.youtube.com/watch?v=L_Vbk1M6tik,167800,4315,20250522,recipe_page,https://preppykitchen.com/how-to-brown-butter/,½ cup unsalted butter ((113g)),butter
Dw4N6mkmVWA,BROWN BUTTER CHOCOLATE CHIP COOKIES RECIPE,Crazy for Crust,https://www.youtube.com/watch?v=Dw4N6mkmVWA,167531,1924,20240715,recipe_page,https://www.crazyforcrust.com/bakery-style-chocolate-chip-cookies/,1 cup (226g) unsalted butter | ⅔ cup (134g) granulated sugar | 1 cup (200g) packed light brown sugar | 2  large eggs | 1 teaspoon vanilla extract | 1 teaspoon baking soda | 2 ½ cups (310g) all-purpose flour | ½ teaspoon salt | 2 cups (340g) chocolate chips,"all-purpose flour,baking soda,brown sugar,butter,chocolate chips,egg,granulated sugar,salt,vanilla extract"
LgtLbAJfUh4,How to ice Sugar Cookies for beginners | Hand-Iced Biscuits | Biscuiteers Baking Company,Biscuiteers | Biscuit Baking Company ,https://www.youtube.com/watch?v=LgtLbAJfUh4,167322,4145,20230818,description,,-180ml water | -1kg icing sugar | -30g egg-white powder | -150ml cold water | -900g royal icing mix | -4 egg whites | -900g icing sugar,"egg,powdered sugar"
Ux4U2GWMBsE,How to Make Matcha Chocolate Chip Cookies,eatsbyrachel,https://www.youtube.com/watch?v=Ux4U2GWMBsE,167257,3713,20170815,description,,2 cups flour | 1 tbsp matcha powder | 1/2 tsp salt | 1/2 tsp baking soda | 3/4 cup melted butter (cooled) | 1 cup brown sugar (packed) | 1/2 cup white sugar | 1 egg | 1 egg yolk | 1 tbsp vanilla | 1 1/2 cups semi-sweet chocolate chips,"all-purpose flour,baking soda,brown sugar,butter,chocolate chips,egg,granulated sugar,salt,vanilla extract"
VDfilYEIbWY,Chewy Snickerdoodle Cookies| The Bomb Diggity Kind,Divas Can Cook,https://www.youtube.com/watch?v=VDfilYEIbWY,164061,5301,20191223,recipe_page,https://divascancook.com/chewy-snickerdoodle-cookies-recipe/,2 ¾ cups all-purpose flour | 1 teaspoon baking soda | 2  teaspoons cream of tartar | 1/4 teaspoon salt | 1/2 cup unsalted butter (softened) | 1/2 cup butter-flavored shortening | 1  cup granulated sugar | 1/2  cup light brown sugar | 2  eggs | 2 teaspoons vanilla extract | 1/4 cup granulated sugar | 2 teaspoons cinnamon,"all-purpose flour,baking soda,brown sugar,butter,cinnamon,cream of tartar,egg,granulated sugar,salt,vanilla extract"
va-yYNM8rRg,Chocolate Chip Cookies — literally the best I’ve ever had,Rainbow Plant Life,https://www.youtube.com/watch?v=va-yYNM8rRg,160319,7520,20250412,recipe_page,https://rainbowplantlife.com/vegan-chocolate-chip-cookies/,"12 tablespoons (168g) vegan butter,  (sliced into thick pats (see Note 1)) | 2 tablespoons (14g) ground flaxseed meal | 5 heaped tablespoons (70 mL) warm water | 6 ounces (170g) 65% to 75% dark or bittersweet chocolate  ((see Note 2)) | 2 cups (250g) all-purpose flour ( (see Note 3 for GF)) | ½ teaspoon fine sea salt | ¾ teaspoon baking soda ((make sure it's fresh, see Note 4)) | ¾ cup  (155g) organic dark brown sugar, | ¼ cup + 2 tablespoons  (80g) organic cane sugar | 1 tablespoon (15 mL) pure vanilla extract ((not imitation extract!)) | Flaky sea salt  (for finishing)","all-purpose flour,baking soda,brown sugar,butter,flaky sea salt,granulated sugar,vanilla extract"
t9u9OGDiPD8,DOUBLE CHOCOLATE CHIP COOKIES | gluten-free cookie recipe,Clean & Delicious,https://www.youtube.com/watch?v=t9u9OGDiPD8,159279,6450,20191220,description,,3/4 cup coconut sugar | 1/2 cup cacao powder | 1 tsp. baking soda | 1 cup almond butter | 2 eggs | 2 tsp. vanilla extract | 1/3 cup chocolate chips,"baking soda,butter,chocolate chips,egg,granulated sugar,vanilla extract"
nP3-CQRnBmo,The secret ingredient in this BUTTER COOKIE recipe will change your life!,Cakes by MK,https://www.youtube.com/watch?v=nP3-CQRnBmo,157803,4242,20241210,description,,"▢½ tsp salt | ▢1 cup (226 g) unsalted butter - softened, but not melted | ▢½ cup (100 g) white granulated sugar | ▢2 large egg yolks - room temperature | ▢2 tsp vanilla extract/essence | ▢¼ cup (33 g) milk powder - use whole milk powder for best taste | ▢1 tsp whole milk (only use if needed) - Don't use it if you don't need too | ▢1 cup milk chocolate melts or chocolate chips - dark chocolate and white chocolate melts work too.","butter,egg,granulated sugar,milk,salt,vanilla extract,white chocolate"
nefJabvR5Us,"Chocolate Chip Shortbread Recipe - Simple, Quick, Mindful & Delicious | Cupcake Jemma",CupcakeJemma,https://www.youtube.com/watch?v=nefJabvR5Us,156367,5281,20210826,description,,150g Softened Butter (preferably unsalted) | 60g Caster Sugar | 230g Plain Flour | 1/2 tsp Salt (but not if you have salted butter) | 1/4 tsp Vanilla Extract | 20g Choc Chips chopped,"all-purpose flour,butter,granulated sugar,vanilla extract"
MxfwYxAo5hQ,Soft and Chewy Oatmeal raisin cookie recipe/Oatmeal cookie in Five Simple Steps,Bincy Chris,https://www.youtube.com/watch?v=MxfwYxAo5hQ,151742,3145,20190428,description,,1 cup (130 g) All Purpose Flour Loosely packed | 1 1/2 Cup (150 g) Old Fashioned Rolled Oats | 1 Cup (150 g) Raisins | 1 Large Egg | 1Tsp Vanilla Extract | 1/2 Cup (100 g) Brown Sugar | 1/4 Cup (50 g) Granulated Sugar | 1/2 Cup (115 g) Unsalted Butter (Softened to room temperature) | 1/2 Tsp Cinnamon Powder | 1/2 Tsp Baking Soda | 1/4 Tsp Salt,"all-purpose flour,baking soda,brown sugar,butter,cinnamon,egg,granulated sugar,oats,raisins,salt,vanilla extract"
iFv4YM13IJo,Oatmeal Chocolate Chip Cookies,The Cooking Foodie,https://www.youtube.com/watch?v=iFv4YM13IJo,151627,2237,20240111,description,,"2 Large Bananas, ripe | 1/2 cup (120g) Nut butter | 2 cups (180g) Oatmeal | 1/3 cups Chocolate chips | 1/4 teaspoon Baking soda","baking soda,butter,chocolate chips,oats"
L5Y8dTDsGds,🥥 5-Minute Coconut Cookies That Broke the Internet! Easy & Addictive!,Liu Silka Kitchen ,https://www.youtube.com/watch?v=L5Y8dTDsGds,149235,2327,20251213,description,,• 1/3 cup sugar (70 g) | •    5 tbsp softened butter (75 g) | • 2 eggs | • 3/4 cup flour (110 g) | • 1 tsp baking powder | • 1 1/4 cups shredded coconut (100 g) | • 1/2 tsp vanilla extract,"all-purpose flour,baking powder,butter,egg,granulated sugar,vanilla extract"
oa5ZrXvry5E,Hard Icing for Sugar Cookies Recipe - EASY!  Make it Delicious by Adding this Ingredient!,Rainbow Gardens,https://www.youtube.com/watch?v=oa5ZrXvry5E,148617,1620,20141022,description,,"1 cup Powdered Sugar | 2 T Whole Milk | 2 t. Light Corn Syrup | 1/8 - 1/4 t Almond Extract or use lemon, vanilla, etc.","milk,powdered sugar,vanilla extract"
pk5_sPl2vo4,How to Make Easy Lemon Cookies 🍋 A Classic Italian Recipe,Giovanni Siracusa,https://www.youtube.com/watch?v=pk5_sPl2vo4,148510,8423,20260613,description,,4 eggs | 1 cup sugar (200g) | 2/3 cup sunflower oil (150 ml) | 1/2 cup lemon juice (120 ml) | 5 1/2 cups all-purpose flour (760g) | 2 tbsp baking powder (24g),"all-purpose flour,baking powder,egg,granulated sugar,oil"
-CVGUo3UCJM,Soft Chocolate Chip Cookies,RecipeTin Eats,https://www.youtube.com/watch?v=-CVGUo3UCJM,147384,382,20170602,recipe_page,http://www.recipetineats.com/chocolate-chip-cookies/,"1 3/4 cups plain / all purpose flour | 1 tsp salt | ½ tsp baking soda  ((bi carb soda)) | 175g / 12 tbsp  unsalted butter (, cut into 2 cm/ 4/5"" cubes (1.5 US sticks / 6 oz)) | 1/2 cup brown sugar (, packed (light or dark) (Note 1)) | 1/2 cup caster sugar ((US: granulated sugar)) | 1  egg | 1  egg yolk | 2 tsp vanilla extract | 1  1/4 cups chocolate chips (, separated (US: semi sweet chocolate chips or chunks))","all-purpose flour,baking soda,brown sugar,butter,chocolate chips,egg,granulated sugar,salt,vanilla extract"
O5YVIsXkR-g,Easy & Delicious Cut Out Sugar Cookies,Pastry Living with Aya,https://www.youtube.com/watch?v=O5YVIsXkR-g,145607,4785,20251128,recipe_page,https://pastryliving.com/cut-out-sugar-cookies/,150 g Powdered sugar | 226 g Unsalted butter (softened at room temperature) | 50 g Egg | 1 tsp Vanilla extract | 360 g All-purpose flour | 1/2 tsp Table salt | 1 tsp Baking powder (*Optional* You can add it with flour to achieve a slightly lighter texture.),"all-purpose flour,baking powder,butter,egg,powdered sugar,salt,vanilla extract"
6-n084aKbAw,Chocolate Crinkle Cookies | Bigger Bolder Baking,Bigger Bolder Baking with Gemma Stafford,https://www.youtube.com/watch?v=6-n084aKbAw,145283,4734,20191212,recipe_page,http://bit.ly/ChocolateCrinkleCookie,"2 cups (16 oz/450 g)  granulated sugar | 1 cup (4 oz/115 g)  unsweetened cocoa powder (, sifted ) | ½ cup (4 fl oz/120 ml)  vegetable oil | 4 large eggs (, at room temperature) | 2 teaspoons vanilla extract | 2 cups (10 oz/284 g) all-purpose flour | 2 teaspoons baking powder | ½ teaspoon salt | ½ cup (2 oz/57 g) powdered sugar (, sifted)","all-purpose flour,baking powder,cocoa powder,egg,granulated sugar,oil,powdered sugar,salt,vanilla extract"
0YQCnvD1o0Q,Greek Holiday Cookies that MELT-in Your Mouth! Kourabiedes,Dimitra's Dishes,https://www.youtube.com/watch?v=0YQCnvD1o0Q,145194,3299,20221203,description,,"1 pound (455g) unsalted butter, softened | 1/2 teaspoon salt | 1 cup (135g) confectioner's sugar | 2 teaspoons pure vanilla extract | 2 tablespoons orange blossom water | 170g almonds | 4 and 1/2 cups (625g) all-purpose flour | 1 teaspoon baking soda | 3 teaspoons baking powder","all-purpose flour,baking powder,baking soda,butter,granulated sugar,nuts,salt,vanilla extract"
y-416PtV7as,M&M's Cookies | BakeClub,BakeClub,https://www.youtube.com/watch?v=y-416PtV7as,145062,3010,20141128,description,,- 200g Butter | - 100g weißer Zucker | - 220g brauner Zucker | - 2 Eier | - 300g Mehl | - 1 TL Natron | - 1 große Packung M&M's,butter
5hk0zjQ8htg,Levain Bakery Cookies,Del's cooking twist,https://www.youtube.com/watch?v=5hk0zjQ8htg,144766,2569,20180623,recipe_page,https://www.delscookingtwist.com/2018/05/22/levain-bakery-chocolate-chip-cookies/,"1 cup (2 sticks/240g) unsalted butter, softened and diced | 3/4 cup (135g) light brown sugar | 1/2 cup (100g) sugar | 2 large eggs | 1 cup (about 120g) homemade cake flour* | 1 1/2 cup (180g) all-purpose flour | 1 teaspoon baking powder | 1 teaspoon baking soda | 1/2 teaspoon sea salt | 2 cups (250g) walnut halves | 2 cups (350g) large chocolate chips/chunks**","all-purpose flour,baking powder,baking soda,brown sugar,butter,chocolate chips,egg,flaky sea salt,granulated sugar,nuts"
6DCIVaTL7Dg,Best Chocolate Cookie Recipe for Cut Out Cookies,Haniela's,https://www.youtube.com/watch?v=6DCIVaTL7Dg,144391,3092,20140214,description,,"2sticks (1cup, 226grams) room temperature, unsalted butter | 1/2cup(140grams) tightly packed brown sugar | 1cup (200grams) granulated sugar | 1/2tbl vanilla extract | 1/2tbl almond extract | 2/3cup(70grams) dark cocoa powder | 3cups (450grams) all purpose flour | 1/2tsp salt | 3/4tsp baking powder","all-purpose flour,baking powder,brown sugar,butter,cocoa powder,granulated sugar,nuts,salt,vanilla extract"
R1Qfda90W58,Easy Peanut Butter Chocolate Chip Cookies Recipe,Preppy Kitchen,https://www.youtube.com/watch?v=R1Qfda90W58,140589,5201,20260217,recipe_page,https://preppykitchen.com/peanut-butter-chocolate-chip-cookies/,"¾ teaspoon baking soda | ½ teaspoon salt | 1 cup unsalted butter (softened, (226g)) | ¾ cup packed light-brown sugar ((165g)) | ⅔ cup granulated sugar ((135g)) | 2 teaspoons pure vanilla extract | 2  large eggs (room temperature) | 2¼ cups all-purpose flour ((270g)) | 1½ cups creamy peanut butter ((like Jif) (396g)) | 1½ cups semisweet chocolate chips ((270g))","all-purpose flour,baking soda,brown sugar,butter,chocolate chips,egg,granulated sugar,peanut butter,salt,vanilla extract"
eiaLo8RHk14,How to make most delicious coconut cookies | coconut biscuits recipe,easy cooking with das,https://www.youtube.com/watch?v=eiaLo8RHk14,140375,2175,20240425,description,,250g Butter | 250g Icing Sugar | 2 Eggs (or milk 100ml) | 200g Flour (maida) | 50g Milk Powder | 400g Coconut Powder,"all-purpose flour,butter,milk,powdered sugar"
SryvWXnTfiM,Make 4 Kinds of Soft & Chewy Cookies from One Dough!🍪,Pastry Living with Aya,https://www.youtube.com/watch?v=SryvWXnTfiM,137385,6362,20231124,recipe_page,https://pastryliving.com/4-kinds-of-soft-chewy-cookies-from-one-dough/,226 g Unsalted butter | 100 g Granulated sugar | 160 g Light brown sugar | 100 g Egg | 1 teaspoon Vanilla extract | 375 g All-purpose flour | 1 1/2 teaspoons Baking soda | 1/2 teaspoon Salt | 242 g The base dough | 2 teaspoons Oil | 100 g Dark chocolate chips | 242 g The base dough | 1 teaspoon Oil | 1 Tablespoon Cocoa powder | 1 Tablespoon Milk | 100 g Dark chocolate chips | 242 g The base dough | 1 teaspoon Lemon juice | 2 teaspoons Cocoa powder | 1/4 teaspoon Gel paste Red coloring | 242 g The base dough | 25 g Molasses | 1 teaspoon Ginger | 1/2 teaspoon Cinnamon | 10 g All-purpose flour | A tiny sprinkles  on each cookie Sea salt (optional) | Some  Dark chocolate to dip the cookies (optional) | Some  White chocolate to dip the cookies (optional) | Some  Granulated sugar to coat the dough,"all-purpose flour,baking soda,brown sugar,butter,chocolate chips,cinnamon,cocoa powder,egg,flaky sea salt,ginger,granulated sugar,milk,molasses,oil,salt,vanilla extract,white chocolate"
zqngn2xcb3k,EASY RED VELVET CHOCOLATE CHIP COOKIES!!! Soft & Chewy Bakery Style Cookies,The Awkward Kitchen PH,https://www.youtube.com/watch?v=zqngn2xcb3k,137231,2932,20221216,description,,295 g (10.4 oz) All Purpose Flour | 25 g (1/4 cup) Cocoa Powder | 1.5 g (1/4 tsp) Salt | 2 g (1/2 tsp) Baking Soda | 4 g (1 tsp) Baking Powder | 9 g (3 tsp) Cornstarch | 142 g (5 oz) Unsalted Butter | 100 g (1/2 cup) Brown Sugar | 50 g (1/4 cup) | 1 lrg. | 2 lrg. | 7 ml (1 1/2 tsp) | 5 ml (1 tsp) | 7 ml (1 1/2 tsp) | 300 g (10.5 oz),"all-purpose flour,baking powder,baking soda,brown sugar,butter,cocoa powder,cornstarch,salt"
QpB_es84OoE,How to Make Oatmeal Chocolate Chip Cookies,Sugar Spun Run,https://www.youtube.com/watch?v=QpB_es84OoE,137091,3180,20190918,description,,"1 cup unsalted butter, softened to room temperature 216g | 1 cup dark brown sugar, tightly packed 200g | 1/2 cup sugar 100g | 2 large eggs | 1 1/2 teaspoon vanilla extract | 2 Tablespoons maple syrup (real maple syrup or pancake syrup would work) | 1 3/4 cup + 2 Tablespoons all-purpose flour 230g | 1 Tablespoon cornstarch cornflour in UK | 1 teaspoon baking soda | 3/4 teaspoon salt | 3/4 teaspoon cinnamon optional | 3 cups old fashioned rolled oats 285g","all-purpose flour,baking soda,brown sugar,butter,cinnamon,cornstarch,egg,granulated sugar,oats,salt,vanilla extract"
_6DeMWS_sSo,Professional Baker Teaches You How To Make CARAMEL COOKIES!,Oh Yum with Anna Olson,https://www.youtube.com/watch?v=_6DeMWS_sSo,136206,3693,20190416,description,,"2/3 cup (160 mL) 1% or 2% milk | 1/3 cup (80 mL) whipping cream | ½ cup (115 g) unsalted butter | 1 cup (200 g) granulated sugar | ½ cup (100 g) packed light brown sugar | 1 tsp (5 g) salt | 1 tsp (5 mL) vanilla extract | 10 Tbsp (150 g) unsalted butter, at room temperature | ¾ cup (150 g) packed light brown sugar | 1 large egg | 1 tsp (5 mL) vanilla extract | 2 ½ cups (375 g) all-purpose flour | 1 ½ tsp (4.5 g) baking powder | 1 ½ tsp (4.5 g) ground cinnamon | ½ tsp (2.5 g) salt","all-purpose flour,baking powder,brown sugar,butter,cinnamon,egg,granulated sugar,milk,salt,vanilla extract"
UeQZKTQhdA4,Easy 4 ingredient lemon cookie recipe - melt in your mouth glazed lemon cookies,Cookie Sheets & Sweets,https://www.youtube.com/watch?v=UeQZKTQhdA4,135958,4244,20210427,description,,1/2 Cup salted butter (softened to room temperature) | 1/3 Cup powdered sugar | 1 Teaspoon lemon zest | 1 Cup all purpose flour | 2 Tablespoons fresh lemon juice | 1 Cup powdered sugar,"all-purpose flour,butter,powdered sugar"
CtQ3IdNZo9E,Easy Butter Cookies - How to make Butter Cookies | CNY Cookie Recipe | SweetsMin,SweetsMin,https://www.youtube.com/watch?v=CtQ3IdNZo9E,133327,2265,20210127,description,,120g unsalted butter | 1/8 tsp salt | 60g caster sugar | 1 egg yolk | 1 tsp vanilla extract | 140 cake flour,"all-purpose flour,butter,egg,granulated sugar,salt,vanilla extract"
_jP7IIZQd9M,Shortbread Cookies,RecipeTin Eats,https://www.youtube.com/watch?v=_jP7IIZQd9M,132733,434,20170804,recipe_page,http://www.recipetineats.com/shortbread-cookies/,"250g / 8 oz   salted butter, softened (2 x US sticks, 1 cup) (or unsalted + ¼ tsp salt) | 3/4 cup (90g)  icing sugar (powdered sugar) ((Note 2)) | 2 cups (300g)  plain / all purpose flour","all-purpose flour,butter,powdered sugar"
sPI0CnZW9j4,Chocolate Chip Peanut Butter Cookies | How Tasty Channel,How Tasty,https://www.youtube.com/watch?v=sPI0CnZW9j4,132393,4067,20210520,recipe_page,https://www.how-tasty.com/peanut-butter-chocolate-stuffed-cookies/,"17 tsp peanut butter (creamy classic, without sugar) | 110 g (1/2 cup) unsalted butter (room temperature) | 1 tsp vanilla paste (or vanilla extract) | 100 g (1/2 cup) brown sugar | 60 g (1/4 cup) caster sugar | 1 (50 g) egg (small size, room temperature) | 40 g (1/3 cup) unsweetened cocoa powder | 180 g (1+1/2 cup) all purpose flour | 1/4 tsp salt | 1/2 tsp baking soda | 60 g (1/3 cup) chocolate chips |  17 tsp peanut butter (creamy classic, without sugar) |  1 tsp vanilla paste (or vanilla extract) |  1/4 tsp salt |  1/2 tsp baking soda","all-purpose flour,baking soda,brown sugar,butter,chocolate chips,cocoa powder,egg,granulated sugar,peanut butter,salt,vanilla extract"
-V6uzrK76eI,How to Make Chewy Gingerbread Cookies | Bite Size,Food52,https://www.youtube.com/watch?v=-V6uzrK76eI,131579,5454,20211126,description,,"4 1/4 cups (510 grams) all purpose flour | 1 cup (212 grams) light or dark brown sugar | 1 tablespoon (9 grams) ground cinnamon | 1 tablespoon (9 grams) ground ginger | 3/4 teaspoon (4 grams) baking soda | 3/4 teaspoon (3 grams) fine sea salt | 3/4 teaspoon (2 grams) ground allspice | 1/2 teaspoon (2 grams) ground cloves | 1/4 teaspoon (less than 1 gram) freshly ground black pepper | 1/4 teaspoon (less than 1 gram) freshly grated nutmeg | 1 cup (226 grams) unsalted butter, at room temperature, cut into 1 tablespoon (15 gram) portions | 1 large (56 grams) egg, at room temperature | 1 cup (340 grams) molasses (not blackstrap)","all-purpose flour,baking soda,brown sugar,butter,cinnamon,cloves,egg,flaky sea salt,ginger,molasses,nutmeg"
W14qr8dIaFI,Professional Baker Teaches You  How To Make Thumbprint Cookies LIVE!,Oh Yum with Anna Olson,https://www.youtube.com/watch?v=W14qr8dIaFI,131456,4796,20210226,description,,"¾ cup (175 g) unsalted butter, room temperature | ⅔ cup (140 g) granulated sugar | 1 large egg | 1 tsp vanilla extract | ¼ tsp salt | 1 cup (250 mL) fruit jam, stirred (you can use an assortment of flavours if you wish)","butter,egg,granulated sugar,salt,vanilla extract"
Pt0ngs1mkB4,Gingerbread Men,RecipeTin Eats,https://www.youtube.com/watch?v=Pt0ngs1mkB4,131287,908,20201127,recipe_page,https://www.recipetineats.com/gingerbread-men/,"3 cups flour (, plain/all purpose) | 3 tsp baking powder | 1 tbsp ground ginger | 2 tsp ground cinnamon | 1 tsp mixed spice ((Note 1)) | 1/4 tsp ground cloves ((Note 2)) | 85g / 5 1/2 tbsp  unsalted butter (, softened (Note 3)) | 3/4 cup brown sugar ((Note 4 re: light or dark brown)) | 1  large egg (, at room temperature (Note 5)) | 2 tsp vanilla extract | 1/2 cup molasses, light / true ((NOT blackstrap)(Note 6))","all-purpose flour,baking powder,brown sugar,butter,cinnamon,cloves,egg,ginger,molasses,vanilla extract"
LfruvS5QV8c,Chewy M&M Cookies | Eric Kim | NYT Cooking,NYT Cooking,https://www.youtube.com/watch?v=LfruvS5QV8c,130913,3729,20211201,recipe_page,https://nyti.ms/3G6eFlS,"½ cup/115 grams unsalted butter, very soft | 1 cup/200 grams granulated sugar | ¼ packed cup/57 grams dark brown sugar | 1 large egg, at room temperature | 1 tablespoon vanilla extract | 1 teaspoon kosher salt (Diamond Crystal) or ¾ teaspoon coarse kosher salt | ¼ teaspoon baking soda | 1 ½ cups/185 grams all-purpose flour | ½ cup/96 grams M&M’s","all-purpose flour,baking soda,brown sugar,butter,egg,granulated sugar,salt,vanilla extract"
a7-F5KcmPK4,How to Decorate Sugar Cookies | Sally's Baking,Sally's Baking Recipes,https://www.youtube.com/watch?v=a7-F5KcmPK4,129856,1420,20241021,recipe_page,https://sallysbakingaddiction.com/decorated-sugar-cookies/,"1 batch sugar cookies, baked & cooled | 4 cups (480g) confectioners’ sugar, sifted (I use and recommend Domino brand) | 3 Tablespoons meringue powder (not plain egg white powder) | 9–10 Tablespoons room-temperature water | optional for decorating: gel food coloring (I love this food coloring kit)","egg,granulated sugar,powdered sugar"
YAemy9Gj3sQ,Jam Thumbprint Cookie Recipe: Christmas Cookie Collaboration,Fifteen Spatulas,https://www.youtube.com/watch?v=YAemy9Gj3sQ,128257,1674,20131205,recipe_page,http://www.fifteenspatulas.com/jam-thumbprint-cookies/,"12 tbsp salted butter* (softened to room temperature) | 1/2 cup granulated sugar | 1 tbsp vanilla extract | 7.5 ounces by weight all purpose flour ((1.5 cups, if measuring)) | assorted jams of your choice","all-purpose flour,butter,granulated sugar,vanilla extract"
LSOJ8q0NkcA,How to Make Classic Sugar Cookies | Soft and Chewy Sugar Cookie Recipe,That Savage Kitchen,https://www.youtube.com/watch?v=LSOJ8q0NkcA,127940,3053,20210630,description,,1 Sticks Butter (Unsalted/Softened) | 1 1/4 Cup Granulated Sugar | 1 Large Whole Egg | 2 Tsp Vanilla Extract | 2 1/2 Cup All Purpose Flour (Sifted) | 1 Tsp Baking Soda | 1/2 Tsp Baking Powder,"all-purpose flour,baking powder,baking soda,butter,egg,granulated sugar,vanilla extract"
TIK9TmcIkRU,M&M COOKIES | homemade cookie recipe,Irene Magazine,https://www.youtube.com/watch?v=TIK9TmcIkRU,127794,1712,20200523,description,,80g unsalted butter softened | 150g light brown sugar | 50g granulated sugar | 1 large egg | 1 tsp vanilla extract | 200g all-purpose flour | 1tsp cornstarch | 1tsp baking powder | 1 tsp baking soda | 1/2tsp sea salt | 200g M&M chocolate candies,"all-purpose flour,baking powder,baking soda,brown sugar,butter,cornstarch,egg,flaky sea salt,granulated sugar,vanilla extract"
aSINeQ8M0i0,Double Chocolate Fudge Cookies,El Mundo Eats,https://www.youtube.com/watch?v=aSINeQ8M0i0,126708,4599,20200822,recipe_page,http://bit.ly/DoubleChocFudgeCookies,"1/2 cup all purpose flour ((65 g)) | 1/3 cup unsweetened cocoa powder ((25 g)) | 1/4 tsp baking soda | 1/4 tsp salt | 3/4 cup chopped semisweet chocolate ((75 g)) | 1/4 cup unsalted butter ((60 g)) | 2 tbsp brown sugar ((20 g)) | 1/4 cup sugar ((50 g)) | 1  large egg (, room temperature) | 1 tsp vanilla extract | some more chopped semisweet chocolate (, for topping)","all-purpose flour,baking soda,brown sugar,butter,chocolate chips,cocoa powder,egg,granulated sugar,salt,vanilla extract"
q4Ss1GeR9YI,Chewy Ginger Molasses Cookies Recipe,The Anthony Kitchen,https://www.youtube.com/watch?v=q4Ss1GeR9YI,126550,3673,20201209,description,,* 2 1/2 cups all-purpose flour | * 2 teaspoons ground ginger | * 1 teaspoon ground cinnamon | * 1 teaspoon baking soda | * 1 teaspoon fine sea salt | * 1/2 teaspoon ground cloves | * 1 cup light brown sugar packed | * 3/4 cup + 2 tablespoons canola oil | * 1/3 cup dark molasses | * 1 large egg | * 1/2 cup coarse sugar crystals if desired,"all-purpose flour,baking soda,brown sugar,cinnamon,cloves,egg,flaky sea salt,ginger,granulated sugar,molasses,oil"
ucWGNeeBDO0,We Tried 9 Levain Cookie Recipes | The Pancake Princess,The Pancake Princess,https://www.youtube.com/watch?v=ucWGNeeBDO0,123128,3005,20210128,recipe_page,https://www.modernhoney.com/levain-bakery-dark-chocolate-peanut-butter-chip-cookies/,1 cup Cold Butter (cut into small cubes) | 1 cup Brown Sugar | 1/2 cup Sugar | 2  Eggs | 1/2 cup Dark Baking Cocoa | 1 cup Cake Flour | 1 1/2 cup All-Purpose Flour | 1 teaspoon Cornstarch | 3/4 teaspoon Baking Soda | 1/2 teaspoon Salt | 1 1/3 cup Peanut Butter Chips,"all-purpose flour,baking soda,brown sugar,butter,cocoa powder,cornstarch,egg,granulated sugar,peanut butter,salt"
l4gzS2H52Kk,3-Ingredient Nutella Cookies Recipe,The Cooking Foodie,https://www.youtube.com/watch?v=l4gzS2H52Kk,122776,3109,20200822,description,,"1 cup (300g) Nutella, store bought or homemade | 1 Large egg | 1 cup + 2 tablespoons (140g) Flour","all-purpose flour,egg"
RN3e4VJaLFQ,Double Chocolate Cookies That’ll Ruin All Other Cookies for You | Samantha Seneviratne | NYT Cooking,NYT Cooking,https://www.youtube.com/watch?v=RN3e4VJaLFQ,122620,4667,20260107,recipe_page,https://nyti.ms/45FDN1I,"1 cup/145 grams all-purpose flour | ¾ cup/75 grams Dutch-process cocoa powder | ¾ teaspoon kosher salt | ½ teaspoon baking powder | ½ teaspoon baking soda | 10 tablespoons/141 grams unsalted butter, at room temperature | ¾ cup/150 grams dark brown sugar | ⅔ cup/133 grams granulated sugar | 1 large egg | 2 teaspoons pure vanilla extract | 2 cups/305 grams semisweet or bittersweet chocolate discs (or use 2 cups/340 grams chocolate chips)","all-purpose flour,baking powder,baking soda,brown sugar,butter,chocolate chips,cocoa powder,egg,granulated sugar,salt,vanilla extract"
9trOQFcr47Q,Thumbprint Cookies Cookies - Super Easy Holiday Recipe,Laura in the Kitchen,https://www.youtube.com/watch?v=9trOQFcr47Q,122471,3806,20231210,description,,"1 cup (2 sticks) of Unsalted Butter, softened at room temperature | 2/3 cup of Granulated Sugar | 2 Egg Yolks | 2 tsp of Vanilla Extract or 1/4 tsp of Almond Extract | 2.5 cups of All Purpose Flour | 1/2 tsp of Salt | 1/2 cup of Jam of choice | 1/2 cup of Powdered Sugar | 1 to 2 tbsp of Water","all-purpose flour,butter,egg,granulated sugar,powdered sugar,salt,vanilla extract"
AcEzd28_2ys,How to make Easy Homemade Chocolate Chip Cookies!,Kimmy’s Kreations,https://www.youtube.com/watch?v=AcEzd28_2ys,122386,5428,20230110,description,,2 cups all purpose flour | 1 cup browned unsalted butter | 1 cup brown sugar | 1 cup white sugar | 2 tsp vanilla bean gel | 2 eggs | 1 tsp baking soda,"all-purpose flour,baking soda,brown sugar,butter,egg,granulated sugar,vanilla extract"
Q15HNhPtncg,Soft Fluffy Chocolate Chip Cookies ♡ Bake with me,a little calm,https://www.youtube.com/watch?v=Q15HNhPtncg,121637,3922,20241123,description,,1 1/2 cups dark brown sugar | 1/2 cup sugar | 1 cup melted butter | 2 eggs | 2 tsp vanilla | 2 tbsp heavy cream *any milk will work :)* | 3 cups flour | 3/4 tsp baking soda | 3/4 tsp salt | 1/2 tsp baking powder | 1 tsp cornstarch | 1/2 tsp cinnamon | 1-2 cups chocolate chips | 300g of dark brown sugar | 100g sugar | 226g of melted butter | 2 eggs | 2 tsp vanilla extract | 2 tbsp milk (I used heavy cream) | 360g all-purpose flour | 3/4 tsp baking soda | 3/4 tsp salt | 1/2 tsp baking powder | 1 tsp cornstarch | 1/2 tsp cinnamon (you can add less if you don't want too much cinnamon flavour) | 150-300g chocolate chips (add as much as you'd like),"all-purpose flour,baking powder,baking soda,brown sugar,butter,chocolate chips,cinnamon,cornstarch,egg,granulated sugar,milk,salt,vanilla extract"
E2y4zHcglDM,RAINBOW M&M Chocolate Chip Cookies Recipe | EVERYDAY EATS,Honeysuckle,https://www.youtube.com/watch?v=E2y4zHcglDM,121044,2143,20210916,description,,"1 stick of butter, room temperature | 3/4 cup brown sugar | 1/4 cup white sugar | 1 egg | 1 teaspoon vanilla extract | 1/2 teaspoon baking soda | 1/2 teaspoon kosher salt | 1 1/2 cup all purpose flour | 1 cup m&m plus more on top","all-purpose flour,baking soda,brown sugar,butter,egg,granulated sugar,salt,vanilla extract"
8_RQuTf-GcU,"BEST EVER Chocolate Chip Cookies (no chill, mix by hand)",Butternut Bakery,https://www.youtube.com/watch?v=8_RQuTf-GcU,120838,1974,20201221,recipe_page,https://butternutbakeryblog.com/best-chocolate-chip-cookies/,"1 1/3 cups (170g) all purpose flour, spooned and leveled | 1/2 tsp baking soda | 1/2 tsp baking powder | 3/4 tsp kosher salt | 1/2 cup (112g) unsalted butter, melted and cooled | 1/2 cup (100g) light brown sugar, packed | 1/3 cup (70g) granulated sugar | 2 tsp vanilla extract | 1 large egg | 1 1/2 cups (250g) semisweet chocolate chips (I like Trader Joe’s, Guittard, or Ghirardelli) + more for topping | Flaky sea salt","all-purpose flour,baking powder,baking soda,brown sugar,butter,chocolate chips,egg,flaky sea salt,granulated sugar,salt,vanilla extract"
r0wjySvxXjI,Easy Butter Cookies Recipe - Scrumptious Butter Cookies with Jam,Yummy Kitchen Recipe,https://www.youtube.com/watch?v=r0wjySvxXjI,120409,2134,20201103,description,,"1/2 cup (120g) unsalted butter, softened to melt | 5/8 cup (70g) powdered sugar | 1 egg, room temperature | 1 1/2 cup (190g)  all purpose flour | 1/4 tsp baking powder | 1/8 tsp salt | 1/4 cup strawberry jam or any jam of your choice","all-purpose flour,baking powder,butter,egg,powdered sugar,salt"
GJluAqJU0dE,"Double Chocolate Cookies, New York City's Most Famous Cookie Recipe! | Levain Bakery | How To Bake!",Reinold’s Recipes,https://www.youtube.com/watch?v=GJluAqJU0dE,120000,2715,20221012,description,,310g All purpose flour | 4g Bakingpowder | 4g Bakingsoda | 3g Salt | 227g Butter (Cold and sliced) | 130g Brown sugar | 100g White sugar | 2 Eggs | 10ml Vanilla extract | 75g Cacao powder | 300g Dark chocolate chips,"all-purpose flour,brown sugar,butter,chocolate chips,egg,granulated sugar,salt,vanilla extract"
5c4RzflUeBc,Royal Icing Recipe for Beginners | Two Ingredients,Midwest & Wonder,https://www.youtube.com/watch?v=5c4RzflUeBc,119009,1159,20230721,recipe_page,https://midwestandwonder.com/easy-royal-icing-recipe-with-egg-whites/,3  egg whites or 3.4 fl oz pasteurized liquid egg whites | 4 cups powdered sugar (460g) | 1 tsp vanilla extract  (optional),"egg,powdered sugar,vanilla extract"
FR_ddMUomgA,Simple Chocolate Chip Cookies!,Jose.elcook,https://www.youtube.com/watch?v=FR_ddMUomgA,118983,8830,20221030,description,,"270g-AP Flour | 165g- Brown Sugar | 150g- white sugar | 1 stick- Butter | 1- egg | 3/4tsp- Salt | 3/4tsp- Baking powder | 2 Cups Chocolate chunks, or chips | 3.Add Egg unto mix and combine well","all-purpose flour,baking powder,brown sugar,butter,chocolate chips,egg,granulated sugar,salt"
tH-qFvPPW3I,4 Ingredient Nutella Cookies | How Tasty Channel,How Tasty,https://www.youtube.com/watch?v=tH-qFvPPW3I,117976,2403,20210319,recipe_page,https://www.how-tasty.com/4-ingredient-nutella-cookies/,300 g (1 cup) Nutella (room temperature) | 1  egg (room temperature) | 70 g (1/2 cup + 1 tbsp) all purpose flour | 2 g  (1/2 tsp) baking powder |   Chocolate chips (optional),"all-purpose flour,baking powder,chocolate chips,egg"
GPFcMBs6JVw,Oatmeal Chocolate Chip Cookies Recipe (lower in calories!),How To Cook Smarter,https://www.youtube.com/watch?v=GPFcMBs6JVw,116746,4919,20200817,description,,"1 1/2 cups rolled oats (135g) | 1/2 cup ground oats or oat flour (50g) | 1 tsp baking powder | 1 tsp ground cinnamon | 1/4 tsp salt | 1/2 cup unsweetened applesauce (125g) | 1/4 cup maple syrup, honey or agave (60ml) | 1/2 cup dark chocolate chips (80g) | 108 calories, fat 2.5g, carb 20.3g, protein 2.4g","all-purpose flour,baking powder,chocolate chips,cinnamon,honey,oats,salt"
ndtPa7WNIeo,"Stop Trying, THESE are the BEST Vegan Chocolate Chip Cookies | Vegan Dessert Recipes",Andrew Bernard | The Nard Dog Cooks,https://www.youtube.com/watch?v=ndtPa7WNIeo,116354,5926,20241215,recipe_page,https://makeitdairyfree.com/easy-vegan-chocolate-chip-cookies-recipe/,"1/2 cup vegan butter,  (softened) | 1 cup brown sugar ((215g)) | 1/4  cup non-dairy milk | 1 tsp vanilla extract | 1 tsp baking soda | 1/2 tsp sea salt | 1/2 tsp baking powder | 2 cups all purpose flour ((240g)) | 1 cup vegan chocolate chips,  (more if desired on top (170g)) | salt flakes for topping,  (OPTIONAL)","all-purpose flour,baking powder,baking soda,brown sugar,butter,chocolate chips,flaky sea salt,milk,salt,vanilla extract"
WJI44oH5tPg,Stuffed Lemon Cookies | How Tasty Channel,How Tasty,https://www.youtube.com/watch?v=WJI44oH5tPg,115094,3575,20230519,recipe_page,https://www.how-tasty.com/stuffed-lemon-cookies/,"55 g (1/4 cup) caster sugar | 4 g (1 tsp) cornstarch | 1 (53 g) egg | 45 g (3 tbsp) fresh lemon juice | 22 g (1+1/2 tbsp) unsalted butter | 110 g (1/2 cup) unsalted butter (room temperature) | 110 g (1/2 cup) caster sugar | 1 tsp  vanilla paste (or vanilla extract) | 1  (52 g )) egg | 200 g (1+2/3 cup) all purpose flour | 1/2 tsp  baking soda |   the lemon peel from about 1/4 lemon (only the yellow peel, not the white pith!) |   the zest from 3/4 lemon |   pinch of salt |   granulated white sugar (for coating cookies)","all-purpose flour,baking soda,butter,cornstarch,egg,granulated sugar,salt,vanilla extract"
zuVqSQi3yPA,Baking Delicious Peanut Butter Cookies | Paul Hollywood's Easy Bakes,Paul Hollywood,https://www.youtube.com/watch?v=zuVqSQi3yPA,114742,3256,20220207,description,,"160g butter, softened | 275g smooth peanut butter | 135g caster sugar | 135g soft light brown sugar | 2 medium eggs | 250g plain flour | 1 tsp baking powder | 50g salted peanuts, roughly chopped","all-purpose flour,baking powder,brown sugar,butter,egg,granulated sugar,peanut butter,salt"
sqLm57ZJb7Y,Oatmeal Raisin Cookies | Sally's Baking,Sally's Baking Recipes,https://www.youtube.com/watch?v=sqLm57ZJb7Y,114638,478,20210922,recipe_page,https://sallysbakingaddiction.com/soft-chewy-oatmeal-raisin-cookies/,"1 cup (16 Tbsp; 226g) unsalted butter, softened to room temperature | 1 cup (200g) packed light or dark brown sugar | 1/4 cup (50g) granulated sugar | 2 large eggs* | 2 teaspoons pure vanilla extract | 1 Tablespoon (21g/15ml) unsulphured or dark molasses (do not use blackstrap; I prefer Grandma’s brand) | 1 and 2/3 cups (209g) all-purpose flour (spooned & leveled) | 1 teaspoon baking soda | 1 and 1/2 teaspoons ground cinnamon | 1/2 teaspoon salt | 3 cups (255g) old-fashioned whole rolled oats* | 1 cup (140g) raisins (see Note below) | optional: 1/2 cup (64g) chopped toasted walnuts","all-purpose flour,baking soda,brown sugar,butter,cinnamon,egg,granulated sugar,molasses,nuts,oats,raisins,salt,vanilla extract"
aWUNh-Mihlk,Soft Peanut Butter Cup Chocolate Chip Cookies ♡ Bake With Me,a little calm,https://www.youtube.com/watch?v=aWUNh-Mihlk,114574,4227,20251024,description,,1 and 1/2 cups (300g) dark brown sugar | 1/3 cup (67g) sugar | 1 cup (227g) melted butter (salted or unsalted- cooled) | 2 eggs | 1 and 1/2 tsp vanilla extract | 2 tbsp milk (any milk will work) | 1/3 cup (85g) smooth peanut butter | 3 cups + 2 tbsp (385g) all-purpose flour (make sure to spoon and level off your flour into the measuring cup!) | 1/2 tsp salt | 3/4 tsp baking soda | 1/2 tsp baking powder | 1 and 1/2 tsp cornstarch | 1 cup (about 170g) Reese's mini peanut butter cups (cut in half) | 1 cup (170g) chocolate chips,"all-purpose flour,baking powder,baking soda,brown sugar,butter,chocolate chips,cornstarch,egg,granulated sugar,milk,peanut butter,salt,vanilla extract"
G4U9q0ei12k,Vegan Levain Bakery Style Giant Chocolate Chip Cookie,Make It Dairy Free,https://www.youtube.com/watch?v=G4U9q0ei12k,113397,6543,20211205,recipe_page,https://makeitdairyfree.com/vegan-levain-chocolate-chip-cookies/,"2 tbsp ground flax seed | 6 tbsp  water | 1/2 cup vegan butter,  (cold, sliced into tbsp pats (115g)) | 3/4 cup vegan brown sugar,  (packed (160g)) | 1/4 cup vegan cane sugar ((30g)) | 1 tsp vanilla extract | 1 1/4 cup all purpose flour ((150g)) | 3/4 cup cake flour ((90g)*See notes below) | 1/2 tsp baking powder | 1/2 tsp sea salt | 2 cups vegan semi-sweet chocolate chips ((340g)) | 1 cup walnuts,  ((115g) chopped, OPTIONAL) | salt flakes for topping,  (OPTIONAL)","all-purpose flour,baking powder,brown sugar,butter,chocolate chips,flaky sea salt,granulated sugar,nuts,salt,vanilla extract"
GyZr4OT0q1Q,Oatmeal Cookies | Oatmeal Raisin Cookies,Smokin' & Grillin with AB,https://www.youtube.com/watch?v=GyZr4OT0q1Q,113328,5709,20190124,description,,"3/4 All Purpose Flour | 1 1/2 cup Rolled Oats | 2/3 cups Raisins | 1/2 cup Butter, room temp | 1/2 cup Brown Sugar | 1/2 cup Sugar | 1 tsp Vanilla | 1 Egg | 1/2 tsp Bakihg Soda | 1/2 salt | 1 tsp Cinnamon","all-purpose flour,brown sugar,butter,cinnamon,egg,granulated sugar,oats,raisins,salt,vanilla extract"
ETMnI92cGms,Easy Cookie Icing | Sally's Baking,Sally's Baking Recipes,https://www.youtube.com/watch?v=ETMnI92cGms,110765,1231,20220617,recipe_page,https://sallysbakingaddiction.com/easy-glaze-icing/,3 cups (360g) confectioners’ sugar | 1/2 teaspoon pure vanilla extract (omit and replace with water for stark white icing) | 2 teaspoons light corn syrup* | 4.5-5 Tablespoons (67-75ml) room temperature water | pinch salt*,"powdered sugar,salt,vanilla extract"
LVBGXr_j1T4,How to Make M&M Cookies!,Sugar Spun Run,https://www.youtube.com/watch?v=LVBGXr_j1T4,110354,1883,20180926,description,,1 ¼ cup brown sugar* tightly packed 250g | 1/2 cup sugar 100g | 1 large egg + 1 egg yolk room temperature preferred* | 1 ½ teaspoon vanilla extract | 2 ¾ cups all-purpose flour 350g | 1 Tablespoon cornstarch | 3/4 teaspoon baking soda | ½ teaspoon baking powder | 3/4 teaspoon salt | 1 ½ cups M&Ms,"all-purpose flour,baking powder,baking soda,brown sugar,cornstarch,egg,granulated sugar,salt,vanilla extract"
F9RIjVupdzU,Soft & Chewy M&M Cookies | SweetTreats,SweetTreats,https://www.youtube.com/watch?v=F9RIjVupdzU,109067,2156,20190626,description,,"-1/2 cup butter, softened | -1/2 cup brown sugar | -1/4 cup white sugar | -1 egg | -2 tsps vanilla extract | -1 1/2 cups flour | -1/2 tsp baking soda | -1/2 cup mini chocolate chips | -1 cup M&Ms","all-purpose flour,baking soda,brown sugar,butter,chocolate chips,egg,granulated sugar,vanilla extract"
KVJLKLxSwFc,How to Make Italian Almond Cookies with Maraschino Cherries | Sicilian Pastry (ONLY 3 INGREDIENTS),Giulia Ardizzone,https://www.youtube.com/watch?v=KVJLKLxSwFc,108883,2536,20201230,description,,250 g peeled almonds (1 cup + 1/3 cup + 1/3 cup) | 150 g powdered sugar (about 1 cup) | 2 egg whites | 1 g Vanillin or 1 tsp vanilla paste (optional),"egg,nuts,powdered sugar,vanilla extract"
SPA50b_iyvQ,Traditional Scottish Shortbread Recipe & Cook with me!,What's For Tea?,https://www.youtube.com/watch?v=SPA50b_iyvQ,108144,4663,20180327,description,,55/2oz.         Caster sugar | 180g/6oz      Plain (all-purpose) flour | 125g/40z      Room temperature butter,"all-purpose flour,butter,granulated sugar"
YojLZ2LviDQ,Chocolate Chip S'MORES Cookie BARS Recipe!,Honeysuckle,https://www.youtube.com/watch?v=YojLZ2LviDQ,108054,2818,20211018,description,,"1 1/4 cup all purpose flour | 1 stick or 4oz salted butter | 3/4 brown sugar | 1/4 cup white or granulated sugar | 1 egg plus 1 yolk | 1/2 teaspoon kosher salt | 1/2 teaspoon baking soda | 1 teaspoon vanilla extract | 1/2 cup mini marshmallows | 1/2 cup chocolate chips | 3 graham crackers, crushed | 26500 Agoura Rd. STE 102 box 582","all-purpose flour,baking soda,brown sugar,butter,chocolate chips,egg,granulated sugar,salt,vanilla extract"
SZbbvgE8uvw,The New Secret to Soft Chocolate Chip Cookies - the BEST recipe ever!!,Crazy for Crust,https://www.youtube.com/watch?v=SZbbvgE8uvw,105582,1963,20231218,description,,"▢½ cup (113g) unsalted butter, melted | ▢ ⅓ cup (66 g) granulated sugar | ▢ ½ cup (104g) packed light brown sugar | ▢ 1 large egg | ▢ 1 teaspoon (5ml) vanilla extract | ▢ ½ teaspoon baking soda | ▢ ½ teaspoon salt | ▢ 1 ½ cups (186g) all-purpose flour | ▢ 1 ½ cups (255g) chocolate chips (semi-sweet or milk)","all-purpose flour,baking soda,brown sugar,butter,chocolate chips,egg,granulated sugar,salt,vanilla extract"
cWHPnXYR5Y8,How to Make Butter Cookies,Sugar Spun Run,https://www.youtube.com/watch?v=cWHPnXYR5Y8,105550,2876,20191106,description,,"1 cup unsalted butter softened (226g) | 3/4 cup granulated sugar 150g | 1 large egg yolk | 2 teaspoons vanilla extract | 1/4 teaspoon salt | 2 cups + 2 Tablespoons all-purpose flour 265g (""plain flour"" in the UK) | 1 cup dark chocolate chips 170g | 1/2 teaspoon vegetable shortening I use Crisco","all-purpose flour,butter,chocolate chips,egg,granulated sugar,salt,vanilla extract"
sHVoRRrv3mg,White CHOCOLATE CHIP COOKIES Recipe - The Ultimate & Comprehensive Guide,Honeysuckle,https://www.youtube.com/watch?v=sHVoRRrv3mg,103359,2918,20201115,description,,"4 oz or 113g unsalted butter, melted | 1/2 cup or 99 g granulated sugar | 1/2 cup or 99 g packed brown sugar | 1 egg (large) | 1/2 tsp or 3 g baking soda | 1/2 tsp or 6 g kosher salt | 1 tsp pr 4 g vanilla extract | 1/8 tsp or .5 g ground cinnamon | 1 1/2 cup all purpose flour  (213 g) | 1 1/4 cup or 219 g white chocolate chips | 1 cup or 125 g macadamia nuts | 1 1/4 cup white chocolate chips | 1 cup roasted & salted chopped macadamia nuts","all-purpose flour,baking soda,brown sugar,butter,cinnamon,egg,granulated sugar,macadamia nuts,salt,vanilla extract,white chocolate"
GChg3H3lmy0,"Simple Gingerbread Cookies | no chill dough, no molasses",Baker Bettie,https://www.youtube.com/watch?v=GChg3H3lmy0,102711,1827,20191216,description,,"2 1/2 cups (20 oz, 560 gr) lightly packed dark brown sugar (you can also use light brown sugar for a more mild flavor) | 2 large eggs, cold | 1/2 tsp kosher salt | 1 TBSP ground ginger | 2 tsp ground cinnamon | 1/2 tsp ground clove (optional, but recommended) | 1/2 tsp allspice (optional, but recommended) | 4 cups (17 oz, 476 gr) all-purpose flour (measured properly)","all-purpose flour,brown sugar,cinnamon,cloves,egg,ginger,salt"
loGEkIac-jE,Pam Kennedy Bakes No Chill No Spread Sugar Cookie Dough Recipe and Method,Pam Kennedy Bakes,https://www.youtube.com/watch?v=loGEkIac-jE,102385,2245,20240123,description,,1lb. (4 sticks)Unsalted butter room temp | 1 cup granulated white sugar | 1 cup packed light brown sugar | 2-3 xtra large COLD eggs (without shell at least 120g) | 4 tsp. Flavor Extract (whatever combo you call yours) | 3 tsp. Baking powder (makes cookies tender NOT spread) | 1 tsp. Salt (I use Kosher),"baking powder,brown sugar,butter,egg,granulated sugar,salt"
JNOo2e9GI3Q,Chewy Red Velvet Chocolate Chunk Cookies,Shean's Kitchen,https://www.youtube.com/watch?v=JNOo2e9GI3Q,102164,,20200904,description,,"1 1/2 cup All purpose flour | 1/2 tsp Baking soda | 1/4 tsp Salt | 2 tsp Cocoa powder | 1/2 cup Butter, room temperature | 1/3 Brown sugar, lightly packed | 1/2 cup White sugar | 1 Large egg | 1 tsp Vanilla extract | 2 - 3 tsp Red food color | 1/2 cup White chocolate chunk or Chocolate chips","all-purpose flour,baking soda,brown sugar,butter,chocolate chips,cocoa powder,egg,granulated sugar,salt,vanilla extract"
rLBKlYgYfgw,"Red Velvet Cake Mix Cookies (Easy, 5 Ingredients)",Cara's Recipes,https://www.youtube.com/watch?v=rLBKlYgYfgw,101424,2398,20210122,recipe_page,https://www.kindlyunspoken.com/red-velvet-cake-mix-cookies/,"1 13.25-oz. box red velvet cake mix | 1/2 cup oil (extra light olive oil, vegetable, or canola) | 2 large eggs | 1 cup white chocolate chips (plus 2-3 for the top of each cookie) | 1/4 cup miniature semi-sweet chocolate chips","chocolate chips,egg,oil,white chocolate"
co5tj_IEamg,Christmas Sugar Cookies with Easy Icing | Sally's Baking,Sally's Baking Recipes,https://www.youtube.com/watch?v=co5tj_IEamg,101407,1206,20220829,recipe_page,https://sallysbakingaddiction.com/christmas-sugar-cookies/,"2 and 1/4 cups (281g) all-purpose flour (spooned and leveled), plus more as needed for rolling and work surface | 1/2 teaspoon baking powder | 1/4 teaspoon salt | 3/4 cup (12 Tbsp; 170g) unsalted butter, softened to room temperature | 3/4 cup (150g) granulated sugar | 1 large egg, at room temperature | 2 teaspoons pure vanilla extract | 1/4 or 1/2 teaspoon almond extract (optional, but makes the flavor outstanding)* | 3 cups (360g) confectioners’ sugar | 1/2 teaspoon pure vanilla extract (omit and replace with water for stark white icing) | 2 teaspoons light corn syrup* | 4.5–5 Tablespoons (67–75ml) room temperature water | pinch salt* | optional: gel food coloring & sprinkles for decorating","all-purpose flour,baking powder,butter,egg,granulated sugar,nuts,powdered sugar,salt,vanilla extract"
R-jA2Lec_rU,How to Make Heart-Shaped Thumbprint Jam Cookies (Raspberry Flavor),eatsbyrachel,https://www.youtube.com/watch?v=R-jA2Lec_rU,101122,4104,20171129,description,,1 3/4 cup flour | 1/2 tsp baking powder | 1/2 tsp salt | 1 1/2 sticks butter (softened) | 2/3 cup sugar | 1 tsp vanilla extract | 1 egg | 1/3 cup raspberry jam,"all-purpose flour,baking powder,butter,egg,granulated sugar,salt,vanilla extract"
ZMsShwyCJB0,How To Make Chewy Snickerdoodle Cookies | Step-By-Step Recipe,Delightful Bites,https://www.youtube.com/watch?v=ZMsShwyCJB0,99954,2532,20200614,description,,1 cup room temperature butter | 1/2 cup sugar | 2/4 cup light brown sugar | 2 eggs | 2 Tsp vanila | 1 Tsp baking soda | 1 Tsp Lemon juice | 3/4 Tsp salt | 1 Teaspoon cinnamon | 2 3/4 Cup flour | 1/4 cup sugar | 2 Tsp Cinnamon,"all-purpose flour,baking soda,brown sugar,butter,cinnamon,egg,granulated sugar,salt"
topQYtF_NLw,The Best Gingerbread Cookie Recipe EVER,Chef Gail Sokol,https://www.youtube.com/watch?v=topQYtF_NLw,99756,2550,20201221,recipe_page,http://chefgailsokol.com/cookies/gingerbread-snowflake-cookies/,2 cups all-purpose flour plus up to 1 more cup (if needed) | ½ teaspoon baking soda | ½ teaspoon salt | 1 teaspoon ground ginger | 1 teaspoon ground cinnamon | ½ teaspoon ground nutmeg | ½ teaspoon ground cloves | ½ cup or 8 tablespoons unsalted butter | ½ cup granulated sugar | ½ cup plus 2 tablespoons molasses | 1  large egg | 4 cups confectioners' sugar | 3 tablespoons meringue powder | 1/2 teaspoon cream of tartar | 6 tablespoons warm water and more if needed,"all-purpose flour,baking soda,butter,cinnamon,cloves,cream of tartar,egg,ginger,granulated sugar,molasses,nutmeg,powdered sugar,salt"
zlSFXfvAKQs,3 Ingredient Melt In Your Mouth Shortbread Cookies | Recipe,Jasmine’s Kitchen,https://www.youtube.com/watch?v=zlSFXfvAKQs,98758,2181,20210610,description,,"8 TBSP unsalted Butter | 1 cap full Pure Vanilla Extract | 1/4 - 1/2 Tsp salt (depends on your taste, I prefer 1/4 Tsp) | 1/4 c granulated sugar | 1 C. Flour","all-purpose flour,butter,granulated sugar,salt,vanilla extract"
sONi15OnAh0,Gingerbread Cookies | Sally's Baking,Sally's Baking Recipes,https://www.youtube.com/watch?v=sONi15OnAh0,98400,737,20230728,recipe_page,https://sallysbakingaddiction.com/best-gingerbread-cookies/,"3 and 1/2 cups (440g) all-purpose flour (spooned & leveled) | 1 teaspoon baking soda | 1/2 teaspoon salt | 1 Tablespoon ground ginger (yes, 1 full Tablespoon!) | 1 Tablespoon ground cinnamon | 1/2 teaspoon ground allspice | 1/2 teaspoon ground cloves | 10 Tablespoons (142g) unsalted butter, softened to room temperature | 3/4 cup (150g) packed light or dark brown sugar | 2/3 cup (226.7g/160ml) unsulphured or dark molasses (do not use blackstrap; I prefer Grandma’s brand) | 1 large egg, at room temperature | 1 teaspoon pure vanilla extract | optional: easy cookie icing, royal icing, or cookie buttercream","all-purpose flour,baking soda,brown sugar,butter,cinnamon,cloves,egg,ginger,molasses,salt,vanilla extract"
qCKhvy7GTio,Culinary Student Bakes Moist and Chewy Chocolate Crinkle Cookies,Thea Din,https://www.youtube.com/watch?v=qCKhvy7GTio,97908,2092,20230410,description,,240 g all purpose flour (2 cups) | 120 g cocoa powder (1 cup) | 3 tsp baking powder | 200 g white sugar (1 cup) | 65 g brown sugar (1/3 cup) | 4 eggs | 2 tsp vanilla extract (optional) | 1/2 cup canola oil | 1/2 tsp salt,"all-purpose flour,baking powder,brown sugar,cocoa powder,egg,granulated sugar,oil,salt,vanilla extract"
ceLWjdjNiB8,The Ultimate Double Chocolate Chip Cookie EASY RECIPE,Savor Easy,https://www.youtube.com/watch?v=ceLWjdjNiB8,97420,3046,20211023,description,,2 and 1/2 cup all purpose flour (310g) | 1 tsp baking powder | 1 tsp baking soda | 1/2 tsp salt | 1 cup cold butter (227g) | 3/4 cup brown sugar (130g) | 1/2 cup white sugar (100g) | 2 large eggs | 1/2 tbsp vanilla extract | 3/4 cup pure cocoa powder (75g) | 2 cups of semi sweet chocolate chips (300g),"all-purpose flour,baking powder,baking soda,brown sugar,butter,chocolate chips,cocoa powder,egg,granulated sugar,salt,vanilla extract"
Qj6yqQm0dPU,The Best Oatmeal Raisin Cookie Recipe,Honeysuckle,https://www.youtube.com/watch?v=Qj6yqQm0dPU,95238,2058,20211128,description,,"4 oz or 1 stick salted butter | 3/4 cup brown sugar | 1/4 cup white / cane sugar | 1 egg | 1/2 teaspoon kosher salt | 1/2 teaspoon baking soda | 1 teaspoon vanilla extract | 1 cup rolled oats | 1 cup all purpose flour | 1 cup raisins | 1/2 cup chocolate chips or nuts, whatever you like | 1/2 teaspoon pumpkin spice (or 1/2 teaspoon cinnamon and 1/4 teaspoon nutmeg)","all-purpose flour,baking soda,brown sugar,butter,chocolate chips,cinnamon,egg,granulated sugar,oats,raisins,salt,vanilla extract"
-KkMYfBH08I,Easy Lemon Sugar Cookies | Soft and Chewy | No Mixer Needed!,Cook Me Food,https://www.youtube.com/watch?v=-KkMYfBH08I,94754,2962,20220528,description,,• 1 1/3 cup (166g) all-purpose flour (*see notes below) | • ½ tsp baking powder | • ¼ tsp baking soda | • ½ cup (112g) salted butter (room temperature) | • ¾ cup (150g) white sugar + ¼ cup (50g) more for coating | • 1 tbsp (12g) light brown sugar | • 1 egg yolk (from large egg) | • 1 tbsp lemon zest (2-3 large lemons) or 1 ½ tsp lemon extract | • 1 tsp fresh lemon juice,"all-purpose flour,baking powder,baking soda,brown sugar,butter,egg,granulated sugar"
6GpRTpE5LcA,"Pumpkin Spice Cake Cookies, Baked by Anna Olson!",Oh Yum with Anna Olson,https://www.youtube.com/watch?v=6GpRTpE5LcA,94240,3197,20200828,description,,"½ cup (115 g) unsalted butter, at room temperature | 1 cup (200 g) granulated sugar (caster sugar) | ½ cup (100 g) packed light brown sugar | 1 large egg | 1 cup (250 g) pure pumpkin puree | 2 ½ cups (375 g) all-purpose flour (plain flour) | 1 tsp (5 mL) baking powder | ½ tsp (2 mL) baking soda | ½ tsp (2 mL) salt | 1 tsp (5 mL) ground ginger | ½ tsp (2 mL) ground cinnamon | ¼ tsp (1 mL) ground nutmeg | ½ cup 115 g  unsalted butter, at room temperature | ½ pkg  125 g  cream cheese, at room temperature | 2-3 cups 260-390 g icing sugar, sifted | 1 tsp  5 mL  vanilla extract","all-purpose flour,baking powder,baking soda,brown sugar,butter,cinnamon,egg,ginger,granulated sugar,nutmeg,powdered sugar,salt,vanilla extract"
r2MAuGCPG04,Snickerdoodle Cookies Recipe | How To Make Soft & Chewy Snickerdoodle Cookies,Jasmine’s Kitchen,https://www.youtube.com/watch?v=r2MAuGCPG04,93818,3057,20211216,description,,1 C Unsalted Butter | 1  C Granulated Sugar | 2/3 C Dark brown sugar | 2 large eggs | 2 capfuls vanilla | 3 C cup all purpose flour | 1/2 Tsp salt | 1 Tsp baking soda | 1 Tsp baking powder | 1 Tsp cream of tarter | 2 tbsp granulated sugar | 1 Tsp ground cinnamon,"all-purpose flour,baking powder,baking soda,brown sugar,butter,cinnamon,egg,granulated sugar,salt,vanilla extract"
cWPwsIDK8OI,Who Remembers This? | EASY Butter Cookies Recipe | Simply Mamá Cooks,Simply Mamá Cooks,https://www.youtube.com/watch?v=cWPwsIDK8OI,92914,5507,20220322,description,,2 sticks (227 g) unsalted butter (softened) | 1 cup (200 g) sugar | 1 1/2 tsp vanilla extract | 2 cups (250 g) all-purpose flour | 3/4 tsp salt,"all-purpose flour,butter,granulated sugar,salt,vanilla extract"
SOeNO1THzcU,Professional Baker Teaches You How To Make PECAN COOKIES!,Oh Yum with Anna Olson,https://www.youtube.com/watch?v=SOeNO1THzcU,92859,2956,20190405,description,,"¼ cup (60 g) unsalted butter, at room temperature | ½ cup (100 g) packed light brown sugar | 2 large egg yolks | 1 Tbsp (15 mL) honey | 1 tsp (5 mL) vanilla extract | ¾ cup (110 g) all-purpose flour | ½ tsp (2.5 g) baking soda | ½ tsp (1.5 g) ground cinnamon | ½ tsp (1.5 g) ground ginger | ¼ tsp (1 g) ground cloves | ¼ tsp (1 g) salt | ¾ cup (75 g) chopped, lightly toasted pecans | ½ cup (80 g) white chocolate chips | ½ cup (70 g) dried cranberries | 1 ½ cups (150 g) toasted pecans | ½ cup (100 g) packed dark brown sugar | ½ cup (65 g) icing sugar | 3 oz (90 g) white chocolate chopped | 1 Tbsp (15 mL) vegetable oil | 2 tsp (10 mL) fancy molasses | ½ tsp (2.5 g) salt | ½ tsp (1.5 g) ground cinnamon","all-purpose flour,baking soda,brown sugar,butter,cinnamon,cloves,egg,ginger,honey,molasses,nuts,oil,powdered sugar,salt,vanilla extract,white chocolate"
scK5y9wjagI,Oatmeal Raisin Cookies,RecipeTin Eats,https://www.youtube.com/watch?v=scK5y9wjagI,92837,955,20210624,recipe_page,https://www.recipetineats.com/oatmeal-raisin-cookie-soft-chewy/,"1 1/2 cups raisins ((Note 1)) | 1 1/2 cups flour (all purpose  / plain) | 1/2 tsp salt | 1/2 tsp baking powder | 1 tsp cinnamon powder | 250g / 8 oz (2 sticks)  unsalted butter (, at room temperature (Note 2)) | 1 cup brown sugar  ((packed)) | 1 cup white sugar ((granulated. Superfine/caster also ok)) | 2  large eggs (, at room temperature (Note 3)) | 3 cups rolled oats ((Note 4))","all-purpose flour,baking powder,brown sugar,butter,cinnamon,egg,granulated sugar,oats,raisins,salt"
O6o41kVwzCk,How to make Chunky Red Velvet Cheesecake stuffed Cookies | NYC Style | Recipe,Bailey's Bakes,https://www.youtube.com/watch?v=O6o41kVwzCk,92088,2547,20241028,description,,150g Cream Cheese | 55g Icing Sugar | 1 tsp Vanilla Essence | 115g Unsalted Butter | 120g Brown Sugar | 70g Caster Sugar | 1 tsp Vanilla Essence | 1 Egg | 1 Tbsp of red food colouring | 230g Flour | 15g Cocoa | 1 tbsp Cornflour | 1/2 tsp Salt | 1/2 tsp Bicarb Soda | 250g White Chocolate Chips,"all-purpose flour,baking soda,brown sugar,butter,cocoa powder,cornstarch,egg,granulated sugar,powdered sugar,salt,vanilla extract,white chocolate"
Sq6mrSMAA00,Matcha-Black Sesame Shortbreads | Sue Li | Cookie Week | NYT Cooking,NYT Cooking,https://www.youtube.com/watch?v=Sq6mrSMAA00,90801,2786,20241205,recipe_page,https://nyti.ms/3Vsfuzh,"1 ½ cups/192 grams all-purpose flour | 2 tablespoons matcha powder | ¾ teaspoon kosher salt (such as Diamond Crystal) | ¾ cup/170 grams unsalted butter, at room temperature | ½ cup/100 grams sugar | 1 large egg yolk | ⅓ cup black sesame seeds | ½ cup/100 grams sugar | ¾ teaspoon kosher salt (such as Diamond Crystal) | ¾ cup/170 grams unsalted butter, at room temperature | 1 ½ cups/192 grams all-purpose flour","all-purpose flour,butter,egg,granulated sugar,salt"
72G6UHaTnCM,Homemade Gingerbread Cookies Recipe,Sasa Time,https://www.youtube.com/watch?v=72G6UHaTnCM,88978,1356,20170206,description,,"3 cups all purpose flour | 3 tsp cinnamon | 3 tsp ginger | 1 stp allspice | 1 tsp cloves | 1 tsp nutmeg | 1 tsp black pepper | 1 tsp salt | 1 tsp baking soda | 3/4 cup (170 grams) unsalted butter, warmed | 1/2 cup brown sugar, packed | 2/3 cup molasses | 1 large egg","all-purpose flour,baking soda,brown sugar,butter,cinnamon,cloves,egg,ginger,molasses,nutmeg,salt"
ObQF5EBCa8c,Levain Style Matcha Cookies | 紐約Levain抹茶曲奇 | ニューヨークLevain抹茶クッキー | 뉴욕Levain말차쿠키,Wong's Pantry,https://www.youtube.com/watch?v=ObQF5EBCa8c,87914,1535,20200518,description,,115g Butter | 115g 牛油 | 95g Plain Flour | 95g 中筋麵粉 | 95g Cake Flour | 95g 蛋糕粉 | 50g Dark Brown Sugar | 50g 黑糖 | 50g Raw Sugar | 50g 砂糖 | 1 Egg | 1個 雞蛋 | 100g White Chocolate | 100g 白巧克力 | 100g Walnuts | 100g 核桃 | 1.5tsp Matcha Powder | 1.5茶匙 抹茶粉 | 12 White Rabbit Candies | 12個 大白兔糖 | 1/2tsp Vanilla Essence | 半茶匙 香草精 | 1/4tsp Baking Soda | 1/4茶匙 蘇打粉,"all-purpose flour,baking soda,brown sugar,butter,egg,granulated sugar,nuts,vanilla extract,white chocolate"
UiTefCA18t0,Professional Baker Teaches You How To Make SNICKERDOODLE COOKIES!,Oh Yum with Anna Olson,https://www.youtube.com/watch?v=UiTefCA18t0,86318,2405,20201023,description,,"½ cup + 2 Tbsp (150 g) unsalted butter, at room temperature | 6 Tbsp (75 g) granulated sugar (caster sugar) | 1 large egg, at room temperature | ½ tsp (2 mL) vanilla extract | 1 ¾ cups (225 g) cake & pastry flour | ½ tsp (2 mL) salt | ½ tsp (2 mL) baking soda | ½ tsp (2 mL) cream of tartar","all-purpose flour,baking soda,butter,cream of tartar,egg,granulated sugar,salt,vanilla extract"
P23MD8bL0hk,Easy Double Chocolate Chip Cookies | Soft and Chewy | No Chill Needed,Cook Me Food,https://www.youtube.com/watch?v=P23MD8bL0hk,84821,2056,20211002,description,,• 1 cup (125g) all-purpose flour (*see notes below) | • 1/3 cup (33g) cocoa powder (preferably dutch-processed) | • 1 tsp baking powder | • ½ cup (90g) brown sugar (lightly packed) | • ½ cup (100g) white sugar | • 1 whole egg + 1 egg yolk (room temperature) | • 1 tsp vanilla extract | • ¾ cup (132g) semi-sweet/dark chocolate chips + ¼ cup (44g) for topping,"all-purpose flour,baking powder,brown sugar,chocolate chips,cocoa powder,egg,granulated sugar,vanilla extract"
y8CdktppafY,Lemon-Turmeric Crinkle Cookies | Eric Kim | Cookie Week | NYT Cooking,NYT Cooking,https://www.youtube.com/watch?v=y8CdktppafY,84047,2310,20241206,recipe_page,https://nyti.ms/4gFL98T,"3 tablespoons olive oil | ½ teaspoon ground turmeric | ¾ cup/150 grams granulated sugar | 2 tablespoons lemon zest (from about 2 lemons) | 4 ounces cream cheese, at room temperature | 1 large egg, at room temperature | 1 teaspoon vanilla or almond extract | ¾ teaspoon baking soda | ½ teaspoon coarse kosher salt or fine salt | 1 ½ cups/192 grams all-purpose flour | ¾ cup/92 grams powdered sugar, for coating","all-purpose flour,baking soda,egg,granulated sugar,oil,powdered sugar,salt,vanilla extract"
Gun_Spg6tvQ,Melt-in-your-mouth SHORTBREAD COOKIES! So easy,Cakes by MK,https://www.youtube.com/watch?v=Gun_Spg6tvQ,84039,2881,20251021,description,,▢¾ cup (170 g) unsalted butter - room temperature | ▢½ tsp salt - omit if using salted butter | ▢¼ cup (33 g) whole milk powder | ▢⅔ cup (80 g) powdered sugar | ▢1 tsp vanilla extract/essence,"butter,milk,powdered sugar,vanilla extract"
XdCZyT230Mw,Easy Lemon Crinkle Cookies 🍋 Bake With Me,a little calm,https://www.youtube.com/watch?v=XdCZyT230Mw,83579,3404,20250813,description,,1 cup (200g) sugar | 1/2 cup (110g) softened butter (salted or unsalted) | 1 egg | 1 and 1/2 tsp lemon extract | 3 tbsp lemon juice | 2 cups (276g) all-purpose flour | 1/2 tsp baking soda | 1/2 tsp salt | 1/2 cup powdered sugar (to roll cookies) | 1/2 cup sugar (to roll cookies),"all-purpose flour,baking soda,butter,egg,granulated sugar,powdered sugar,salt"
VUFtdnjD3ug,"This Secret Ingredient Makes Softer, Chewier Cookies | America's Test Kitchen",America's Test Kitchen,https://www.youtube.com/watch?v=VUFtdnjD3ug,83417,2880,20250606,recipe_page,https://cooks.io/3ZOTsc9,"2 1/4 cups (11¼ ounces/319 grams) all-purpose flour | 1 teaspoon table salt | 3/4 teaspoon baking soda | 12 tablespoons unsalted butter, melted | 1 cup packed (7 ounces/198 grams) light brown sugar | 1/2 cup (3½ ounces/99 grams) granulated sugar | 1 large egg plus 1 large yolk | 2 teaspoons vanilla extract | 1 1/4 cups (9 ounces/255 grams) M&M's","all-purpose flour,baking soda,brown sugar,butter,egg,granulated sugar,salt,vanilla extract"
D8EbOKhukew,Easy Brown Butter Matcha cookies with white chocolate chips,Sincerely Huong,https://www.youtube.com/watch?v=D8EbOKhukew,81544,2079,20220122,description,,153g or ~1 ½ cups Flour | ¼ Teaspoon Baking Soda | ¼ Teaspoon Salt | 10g or 1 ½ Tablespoon Culinary Matcha Powder | 100g or 7 Tablespoons Unsalted Butter | 70g or ½ cups packed Brown Sugar | 50g or ¼ cups White Sugar | 1 Egg*,"all-purpose flour,baking soda,brown sugar,butter,egg,granulated sugar,salt"
Sn0UURGlDZ4,Lightly Crispy Shortbread Cookies | So Simple!,Pastry Living with Aya,https://www.youtube.com/watch?v=Sn0UURGlDZ4,81178,2361,20230901,recipe_page,https://pastryliving.com/shortbread-cookies/,226 g Unsalted butter | 90 g Powdered sugar | 1 teaspoon Vanilla extract | 290 g All-purpose flour | 25 g Cornstarch | 1/2 teaspoon Salt,"all-purpose flour,butter,cornstarch,powdered sugar,salt,vanilla extract"
DdlEtEM52Ok,Double Chocolate Chip Cookies Recipe | Chewy and Fudgy,The Cooking Foodie,https://www.youtube.com/watch?v=DdlEtEM52Ok,80267,1253,20250227,description,,"1/2 cup (115g) Butter, softened | 1/4 cup + 2 tablespoons (75g) White sugar | 1/2 cup (100g) Brown sugar, light or dark | 1 Egg | 1 teaspoon Vanilla extract | 1 tablespoon Milk, hot | 1/2 teaspoon Instant coffee *or espresso powder | 1 cup + 2 tablespoons (140g) Flour | 1/3 cup + 1 teaspoon (40g) Cocoa powder | 3/4 teaspoon Baking soda | 1/4 teaspoon Salt | 3/4-1 cup (125-170g) Chocolate chips *depends on how much you love chocolate chips.","all-purpose flour,baking soda,brown sugar,butter,chocolate chips,cocoa powder,egg,granulated sugar,milk,salt,vanilla extract"
ESLVEHofb9Q,Homemade New York Style RED VELVET COOKIES Recipe | Simple & Easy Cookies Recipe,My Simple Recipe,https://www.youtube.com/watch?v=ESLVEHofb9Q,79945,1142,20241004,description,,100g softened unsalted butter | 3/4 cup white sugar | 1/4 tsp salt | 1 tsp vanilla flavor | 1 1/2 cups all purpose flour | 1 tbsp unsweetened cocoa powder | 1 tsp baking soda | 1/2 tsp vinegar | 1/2 tsp red food coloring | 3 bars (30g each) white chocolate,"all-purpose flour,baking soda,butter,cocoa powder,granulated sugar,salt,vanilla extract,white chocolate"
jeV7Hk9IcJI,🍋 Lemon cookies in 10 minutes! Simple and very tasty!,Sweet Recipes,https://www.youtube.com/watch?v=jeV7Hk9IcJI,79818,2342,20260430,description,,• 1 Egg | • 1/3 cup Sugar (30 g) | • 1/3 cup Cornstarch (40 g) | • 1/4 cup Lemon juice (60 ml) | • 1/4 tsp Salt | • 1 tsp Baking powder | • 2 tbsp Sugar | • 1/2 cup Cold Butter (100 g) | • 2/3 cup Sour Cream or Yogurt (150 g) | • 1 Egg,"baking powder,butter,cornstarch,egg,granulated sugar,salt"
AeomKJFRErc,No mixer required | No Molasses Gingerbread Cookies | Elmi’s Plate,Elmi's plate,https://www.youtube.com/watch?v=AeomKJFRErc,79738,1377,20201203,description,,350g Sugar (1¾ cup) | 130ml Hot Water | 140g Butter | ¾ tsp Baking Soda | 1 Egg | 600g All-purp. flour (4 cup) | 1tsp Ginger Powder | 1tsp Cinnamon | ¼ tsp Cardamom | ¼ tsp Pumpkin Pie spice | ¼ tsp Nutmeg,"all-purpose flour,baking soda,butter,cinnamon,egg,ginger,granulated sugar,nutmeg"
Ng6Y0H8mZ5c,"Chocolate Crinkles, SIMPOL!",Simpol PH,https://www.youtube.com/watch?v=Ng6Y0H8mZ5c,79574,1007,20211122,description,,1 1/4 cup brown sugar | 1/2 cup Golden Fiesta Palm oil + 2 tbsp glucose | 2 large eggs | 2 teaspoons vanilla extract | 1 cup unsweetened cocoa powder | 1 1/2 cups cake flour | 2 teaspoon baking powder | 1/2 teaspoon salt | 1 cup powdered sugar,"all-purpose flour,baking powder,brown sugar,cocoa powder,egg,oil,powdered sugar,salt,vanilla extract"
WFi46EU2_X0,White Chocolate Macadamia Nut Cookies,The Stay At Home Chef,https://www.youtube.com/watch?v=WFi46EU2_X0,79399,2051,20221202,description,,"• 1 cup salted butter softened | • 1 cup brown sugar tightly packed | • 1/2 cup granulated sugar | • 2 large eggs | • 2 teaspoons vanilla extract | • 1 teaspoon baking soda | • 1 teaspoon baking powder | • 1/2 teaspoon salt | • 2 3/4 cups all-purpose flour | • 1 1/2 cups white chocolate chips | • 1/2 cup macadamia nuts coarsely chopped | 2️⃣ In a large bowl, use a hand mixer or stand mixer to cream together butter, brown sugar, and granulated sugar. | 3️⃣ Add in eggs and vanilla and beat until smooth.","all-purpose flour,baking powder,baking soda,brown sugar,butter,egg,granulated sugar,macadamia nuts,salt,vanilla extract,white chocolate"
qv9FLdaJQ-0,3-ingredient Butter Cookies/ Shortbread Cookies/ Easy and Delicious,Bake Only,https://www.youtube.com/watch?v=qv9FLdaJQ-0,79156,1204,20221216,description,,"8 tbsp (112g) unsalted butter, softened | 1/2 cup (60g) powdered sugar | 1 cup (150g) all-purpose flour","all-purpose flour,butter,powdered sugar"
hZhTgCunuIM,Indulgent Levain Bakery-Inspired Chocolate Walnut Cookies Recipe,Bigger Bolder Baking with Gemma Stafford,https://www.youtube.com/watch?v=hZhTgCunuIM,79039,3429,20220127,recipe_page,https://bit.ly/LevainCookies,½ cup (4oz/115g) butter ((softened)) | ⅔ cup (4oz/115g) dark brown sugar | ½ cup (4oz/115g) granulated sugar | 1 teaspoon salt | 2  large eggs ((at room temperature)) | 1 tablespoon vanilla extract | 2 cups (10oz/284g) all-purpose flour | 2 teaspoons baking powder | ½ teaspoon baking soda | 2 cups (12oz/340g) semi-sweet chocolate chips | 1 ⅔ cups (8 ⅓ oz/236g) walnuts ((toasted and chopped)),"all-purpose flour,baking powder,baking soda,brown sugar,butter,chocolate chips,egg,granulated sugar,nuts,salt,vanilla extract"
tpd8Sww0Tug,Finally a NOT Cakey Pumpkin Cookie,Sugar Spun Run,https://www.youtube.com/watch?v=tpd8Sww0Tug,76724,2041,20201008,description,,1/2 cup granulated sugar 100g | 1 1/2 cup light brown sugar firmly packed (300g) | 1 large egg yolk room temperature | 2 teaspoons vanilla extract | 3 cups all purpose flour 375g | ½ teaspoon baking powder | ½ teaspoon baking soda | ¾ teaspoon salt | 1 teaspoon pumpkin pie spice click the link for instructions to make homemade pumpkin pie spice | 1 ½ cups powdered sugar 190g | 1 ½ -2 Tablespoons milk | 1 Tablespoons light corn syrup² | 1/4 teaspoon vanilla extract,"all-purpose flour,baking powder,baking soda,brown sugar,egg,granulated sugar,milk,powdered sugar,salt,vanilla extract"
dk4zIIDbZa8,White Chocolate Cranberry Cookies Recipe | Christmas Cookies,Recipes by Carina,https://www.youtube.com/watch?v=dk4zIIDbZa8,75810,1575,20181223,description,,1 Stick | 1/2 Cup | 113g Butter | 2/3 Cup | 130g Brown Sugar | 1/3 Cup | 65g White Granulated Sugar | 1 Egg | 1/2 tsp Vanilla | 1 2/3 Cups | 190g Flour | 1/2 tsp Baking Soda | 1 Cup White Chocolate Chips | 1/2 Cup Dried Cranberries,"all-purpose flour,baking soda,brown sugar,butter,egg,granulated sugar,vanilla extract,white chocolate"
rLW2mdJb5Sc,Almond Cookies - Amaretti,Baking Bonanza,https://www.youtube.com/watch?v=rLW2mdJb5Sc,75200,760,20211008,description,,2 room temperature egg whites | 210 gr powdered sugar | 280 gr almond meal (ground almonds) | 100 gr flaked almonds (for coating),"egg,nuts,powdered sugar"
swXNUDZnK3k,"Oat Flour Chocolate Chip Cookies | chewy, gluten-free cookies",Detoxinista,https://www.youtube.com/watch?v=swXNUDZnK3k,75108,2140,20210225,recipe_page,https://detoxinista.com/oat-flour-cookies/,½ cup softened butter ((I use salted butter)) | ¾ cup  coconut sugar | 1 large egg | 1 teaspoon vanilla extract | 1 ¾ cup oat flour ((see notes)) | ½ teaspoon baking soda | ½ teaspoon fine sea salt ((I use Real Salt brand)) | ¾ cup dark chocolate chips,"all-purpose flour,baking soda,butter,chocolate chips,egg,flaky sea salt,granulated sugar,vanilla extract"
SPu8DTiFx2A,Soft & Chewy Amaretti Cookies | How To Make Classic Italian Almond Cookies,Food to Live,https://www.youtube.com/watch?v=SPu8DTiFx2A,74124,763,20210810,description,,• 1 cup granulated sugar | • 2 large egg whites | • 1 tsp lemon juice | • 1/2 tsp almond extract | • 1/4 cup powdered sugar,"egg,granulated sugar,nuts,powdered sugar"
tXkb3DzT924,Gooey Double Chocolate S'more Cookies ♡ Bake With Me,a little calm,https://www.youtube.com/watch?v=tXkb3DzT924,73495,2630,20251215,description,,1 cup (200g) brown sugar (I used dark brown sugar) | 1/2 cup (100g) granulated sugar | 1 cup (227g) browned butter (unsalted- measure out the butter before browning) | 2 eggs | 2 tsp vanilla extract | 2 cups (240g) all-purpose flour | 1/3 cup (28g) unsweetened cocoa powder (dutch processed) | 1 tsp baking soda | 1/2 tsp baking powder | 1/2 tsp salt | 1 tbsp cornstarch | 1 and 1/2 cups (225g) chocolate chips | 1 milk chocolate bar of your choice,"all-purpose flour,baking powder,baking soda,brown sugar,butter,chocolate chips,cocoa powder,cornstarch,egg,granulated sugar,salt,vanilla extract"
ak4vcQzavjo,Peanut Brown-Butter Cookies | Sue Li | Cookie Week | NYT Cooking,NYT Cooking,https://www.youtube.com/watch?v=ak4vcQzavjo,73421,2126,20251205,recipe_page,https://nyti.ms/4rztBS4,"½ cup/113 grams unsalted butter | 1 packed cup/220 grams dark brown sugar | ⅔ cup/187 grams creamy peanut butter | 1 large egg | 2 teaspoons vanilla extract | 1 ½ cups/192 grams all-purpose flour | 1 ½ teaspoons kosher salt (such as Diamond Crystal) | 1 teaspoon baking soda | 1 large egg | 2 ½ cups/350 grams salted roasted peanuts, coarsely chopped | Flaky sea salt","all-purpose flour,baking soda,brown sugar,butter,egg,flaky sea salt,peanut butter,salt,vanilla extract"
y_nyQJEofv8,Nutella Stuffed Cookies,Sugar Spun Run,https://www.youtube.com/watch?v=y_nyQJEofv8,73202,1103,20181005,description,,1 cup unsalted butter 226g | 1 cup Nutella 280g | 1 cup brown sugar 200g | 2/3 cup white sugar 135g | 2 eggs room temperature preferred | 1 1/2 teaspoon vanilla extract | 2 3/4 cups + 2 Tbsp all-purpose flour 362g | 2 teaspoon cornstarch (cornflour in UK) | 1 teaspoon baking powder | 1 teaspoon baking soda | 3/4 teaspoon salt | 4 oz semisweet chocolate bar very finely chopped 113g,"all-purpose flour,baking powder,baking soda,brown sugar,butter,chocolate chips,cornstarch,egg,granulated sugar,salt,vanilla extract"
szQrCgQWvaA,Red Velvet Cream Cheese Stuffed Cookies,Sugar Geek Show,https://www.youtube.com/watch?v=szQrCgQWvaA,73037,2240,20211116,description,,"1 ounce (35 g) cocoa powder | 12 ounces (319 g) all-purpose flour | 1 teaspoon soda | 1/2 teaspoon salt | 7 ounces (198 g) unsalted butter room temperature | 5 ounces (149 g) brown sugar | 5 ounces (149 g) granulated sugar | 2 large eggs room temperature | 1/2 teaspoon vanilla | 1 Tablespoon red food color (gel, not liquid) | 1 Tablespoon (15 g) buttermilk | 4-6 ounces (113 g) white chocolate for decoration | 6 ounces (170 g) cream cheese room temp | 5 ounces (142 g) powdered sugar | 1/2 teaspoon salt | 1 Tablespoon flour","all-purpose flour,brown sugar,butter,cocoa powder,egg,granulated sugar,powdered sugar,salt,vanilla extract,white chocolate"
dbNkUH10UgU,1960s CHRISTMAS COOKIE RECIPES - Betty Crocker & Holiday Nostalgia,Cooking the Books,https://www.youtube.com/watch?v=dbNkUH10UgU,72989,3280,20241201,description,,"1 1/2c sugar | 2 eggs | 2 3/4c flour | 2tsp cream of tartar | 1tsp baking soda | 1/4tsp salt | 2Tbsp sugar | 2tsp cinnamon | 1/2c sifted confectioners sugar | 1tsp lemon extract | 1/4tsp salt | 2oz unsweetened chocolate, melted and cooled | 1/2c sugar | 1 egg | 1/2tsp salt | 1tsp vanilla | 2 1/4c flour","all-purpose flour,baking soda,cinnamon,cream of tartar,egg,granulated sugar,powdered sugar,salt,vanilla extract"
4bmt_3wXR1U,The Best Nutella New York Cookies,Fitwaffle Kitchen,https://www.youtube.com/watch?v=4bmt_3wXR1U,72824,1552,20250614,description,,"9 tbsp Nutella | 115g unsalted butter, room temperature (½ cup) | 160g light brown sugar (¾ cup) | 40g granulated sugar (3 tbsp) | 1 large egg | 2 tsp vanilla extract | 315g plain flour (2½ cups) | 1 tsp baking powder | 1 tsp bicarbonate of soda (baking soda) | 1 tsp salt | 200g chocolate chips (1 cup)","all-purpose flour,baking powder,baking soda,brown sugar,butter,chocolate chips,egg,granulated sugar,salt,vanilla extract"
67XOkfnEnpk,Burnt Miso BROWN BUTTER Chocolate Chip Cookies | SNACKS Ep. 9,justine_snacks,https://www.youtube.com/watch?v=67XOkfnEnpk,72304,2847,20220329,description,,"113 grams butter, 1/2 cup | 2 tbsp white miso or light miso | 118 grams brown sugar, spooned and packed, about ½ cup & 2 tbsp | 2 tbsp milk of choice | 1 large egg at room temperature | 50 grams white sugar, 1/4 cup | 1 tsp vanilla extract | 175 grams flour, spooned and leveled, 1 & 1/4 cup | 8 grams cornstarch, 1 tbsp | 1 ½ tsp baking powder | 113 grams dark chocolate, about 1 bar, chopped","all-purpose flour,baking powder,brown sugar,butter,chocolate chips,cornstarch,egg,granulated sugar,milk,vanilla extract"
RovuOxBNoFE,"White Chocolate Macadamia Cookies — Soft, Chewy & Perfectly Golden - Maple Neige Recipe",Maple Neige,https://www.youtube.com/watch?v=RovuOxBNoFE,72238,11,20251110,description,,"• ½ cup (115 g) unsalted butter, softened | • ½ cup (100 g) brown sugar, packed | • ⅓ cup (70 g) granulated sugar | • 1 large egg | • 1 ½ tsp vanilla extract | • 1 ½ cups (190 g) all-purpose flour | • ½ tsp baking soda | • ½ tsp baking powder | • ¼ tsp salt | • 1 cup (170 g) white chocolate chips | • ½ cup chopped macadamia nuts","all-purpose flour,baking powder,baking soda,brown sugar,butter,egg,granulated sugar,macadamia nuts,salt,vanilla extract,white chocolate"
5UzyVQaIRa4,Vegan Chocolate Chip Cookies - The BEST Recipe!,Chocolate Covered Katie,https://www.youtube.com/watch?v=5UzyVQaIRa4,71627,358,20180520,recipe_page,https://chocolatecoveredkatie.com/2018/05/21/vegan-chocolate-chip-cookies-recipe/,"1 cup white, (oat, or spelt flour) | 1/2 tsp baking soda | 1/4 tsp salt | 1/4 cup sugar, | 1/4 cup brown sugar or coconut sugar | 1/3 cup chocolate chips | 2 tbsp milk of choice, (plus more if needed) | 2 tbsp oil or melted vegan butter | 1/4 tsp pure vanilla extract","all-purpose flour,baking soda,brown sugar,butter,chocolate chips,granulated sugar,milk,salt,vanilla extract"
_pzOf2DIfTg,Easy Shortbread Cookie Recipe - Melt-in-Your-Mouth Magic!,Food How,https://www.youtube.com/watch?v=_pzOf2DIfTg,71394,4545,20230504,recipe_page,https://foodhow.com/melt-in-your-mouth-shortbread-cookie-recipe/,"1 cup salted butter, room temperature (227 grams) | 1 cup powdered sugar (113 grams by weight) | 1 teaspoon vanilla extract | 2 cups all-purpose flour (283 grams by weight) | 1-2 tablespoons milk (if needed)","all-purpose flour,butter,milk,powdered sugar,vanilla extract"
NOdcdkJ_C40,Lemon Crinkle Cookies,Come Sit At My Table,https://www.youtube.com/watch?v=NOdcdkJ_C40,71361,4678,20230618,description,,1 1/2 cups sugar | 2 sticks butter ( 1 cup ) at room temperature | 2 large eggs | 1/4 cup lemon juice | 2 Tablespoons lemon extract | 4-5 cups all-purpose flour | 1 teaspoon cream of tartar | 1 teaspoon baking soda | 1/2 teaspoon salt,"all-purpose flour,baking soda,butter,cream of tartar,egg,granulated sugar,salt"
BxKIzRngYSk,ROLL OUT THE DOUGH for this soft + chewy Gingerbread Cookies Recipe,Yeung Man Cooking,https://www.youtube.com/watch?v=BxKIzRngYSk,70704,3527,20221221,description,,3 cups all purpose flour (525g)* | 1 tsp baking soda | 2 tsp ground ginger | 1 tsp cinnamon | 1/2 tsp nutmeg | 1/2 tsp salt | 1 stick room temperature plantbased butter (115g) | 1/2 tsp vanilla extract | 1/2 cup blackstrap molasses | 1/4 cup maple syrup | 3/4 cups brown sugar | 2 tbsp coconut or almond milk | 1 cup Organic icing sugar | 1 tbsp+ coconut or almond milk,"all-purpose flour,baking soda,brown sugar,butter,cinnamon,ginger,molasses,nutmeg,nuts,powdered sugar,salt,vanilla extract"
9ZbEQHR9RpU,Red Velvet Marble Cookies Recipe | Homemade Eggless Cookies | How To Make Red Velvet Cookie |Bhumika,Rajshri Food,https://www.youtube.com/watch?v=9ZbEQHR9RpU,70260,587,20220320,description,,½ cup (115 gms) Unsalted Butter (at room temperature) | 3/4th cup (155gms) White Granulated Sugar | 4 tbsp Milk | 2 cups (263 gms) All-Purpose Flour | 1/4 tsp Baking Powder | 1 tbsp Cream Cheese | 2 tbsp Cocoa Powder | 1/2 tsp Red Food Colour | 165 Degree Celcius,"all-purpose flour,baking powder,butter,cocoa powder,granulated sugar,milk"
uUouqgpCp-Y,Subway Double Chocolate Chip Cookies,Home Bake,https://www.youtube.com/watch?v=uUouqgpCp-Y,69803,1709,20210520,description,,125g salted butter 有盐黄油 | 100g light brown sugar 红糖 | 70g granulated sugar 细砂糖 | 1 tsp vanilla extract 香草精 | 1 egg 鸡蛋 | 150g plain flour 中筋面粉 | 40g cocoa powder 可可粉 | 1/2 tsp baking soda 苏打粉 | 100g white chocolate 白巧克力 | 200g milk chocolate 牛奶巧克力,"all-purpose flour,baking soda,brown sugar,butter,chocolate chips,cocoa powder,egg,granulated sugar,vanilla extract,white chocolate"
J3lb3C8A5Zc,"Ridiculously Big, Thick Peanut Butter Chocolate Chunk Cookies",Sugar Spun Run,https://www.youtube.com/watch?v=J3lb3C8A5Zc,69574,2425,20230202,description,,"1 cup unsalted butter, softened (226g) | 1 cup creamy peanut butter (260g) | 1 cup light brown sugar, firmly packed (200g) | ½ cup granulated sugar (100g) | 1 egg + 1 large egg yolk | 1 teaspoon vanilla extract | 3 cups all-purpose flour (375g) | 1 Tablespoon cornstarch | ½ teaspoon baking soda | ¾ teaspoon salt | 8 oz chocolate bars, coarsely chopped (226g)","all-purpose flour,baking soda,brown sugar,butter,cornstarch,egg,granulated sugar,peanut butter,salt,vanilla extract"
5UZ6U49xrsY,How to Make the Perfect CHOCOLATE CHIP COOKIES a Super Easy recipe anyone can do!!!!,Cooking Con Claudia,https://www.youtube.com/watch?v=5UZ6U49xrsY,69347,3564,20231211,description,,14 oz. Grey Stoneware Snowflake Mug (Set of 4): | 10 1/2 tbsp unsalted butter | 1/2 cup plus 1 tbsp granulated sugar | 1 cup 1 tbsp brown sugar | 2 eggs | 1/2 tsp vanilla | 2 1/2 cups APF | 1/2 tsp salt | 3/4 tsp baking soda | 12oz choc chips | 1 serving of love 💕,"baking soda,brown sugar,butter,egg,granulated sugar,salt,vanilla extract"
SMbcqfIhcvc,No Spread Sugar Cookie Recipe,CakesbyLynz,https://www.youtube.com/watch?v=SMbcqfIhcvc,69022,2180,20220204,description,,200g Caster Sugar | 200g Room Temperature Butter | 360g Plain flour (All purpose flour) | 1 tsp Vanilla Favouring | 1 Medium Egg,"all-purpose flour,butter,egg,granulated sugar,vanilla extract"
FMYJO2P4HRw,Irresistible Peanut Butter Chocolate Chip Cookies,Sugar Spun Run,https://www.youtube.com/watch?v=FMYJO2P4HRw,68690,2025,20230309,description,,"1 cup unsalted butter, melted and then cooled until no longer warm to the touch (226g) | 1 cup granulated sugar (200g) | 1 cup light brown sugar, firmly packed (200g) | 1 cup creamy peanut butter (264g) (see note) | 3 Tablespoons honey | 2 large eggs, room temperature preferred | 1 teaspoon vanilla extract | 3 ¼ cups all-purpose flour (410g) | 1 teaspoon baking powder | 1 teaspoon baking soda | 1 teaspoon salt | 1 ½ cup milk chocolate chips (255g) | 1 heaping cup dry-roasted peanuts, coarsely chopped (140g)","all-purpose flour,baking powder,baking soda,brown sugar,butter,chocolate chips,egg,granulated sugar,honey,peanut butter,salt,vanilla extract"
y-DB1h5n0rE,Best Vegan Cut-Out Sugar Cookies | Recipe |,Haniela's,https://www.youtube.com/watch?v=y-DB1h5n0rE,68663,1765,20190204,recipe_page,https://www.hanielas.com/vegan-sugar-cookies/,"1/2 cup vegan granulated sugar  (100 grams) | 1/2 cup vegan butter at room temperature (1 stick, 113 grams, Earth Balance) | 2 tbsp chickpeas brine(aquafaba)  (30 ml, at room temperature) | 1 tbsp Vanilla extract | 1/2 tsp Almond extract ((optional)) | 1 ½ cup all-purpose flour  (215 grams) | 2 tbsp corn starch or potato starch (15 grams) | 1/2 tsp baking powder","all-purpose flour,baking powder,butter,cornstarch,granulated sugar,nuts,vanilla extract"
XCWDybRRLTA,Easy Soft chewy Chocolate Chip Cookies IN 15 MINS (no chill time),Bayoona,https://www.youtube.com/watch?v=XCWDybRRLTA,68461,1640,20170117,description,,- 8 tbsp (110g) melted butter - just about melted not hot- | -1 1/2 cup plain flour (180g) + more as needed | -1/2 cup (100g) white sugar | -1/4 cup (50g) light brown sugar (packed cup) | -1/2 teaspoon vanilla | -1/2 teaspoon bicarbonate of soda (baking soda) | -1/4 teaspoon salt | -1 egg,"all-purpose flour,baking soda,brown sugar,butter,egg,granulated sugar,salt,vanilla extract"
mM_EwkBJoSE,Soft Cookies n' Cream Red Velvet Cheesecake Cookies ♡ Bake With Me,a little calm,https://www.youtube.com/watch?v=mM_EwkBJoSE,68388,2457,20250609,description,,"6oz softened cream cheese | 3 tbsp (38g) sugar | 1 tbsp (15ml) heavy cream | 1/2 tsp (2.5ml) vanilla extract | 3/4 cup (150g) brown sugar (I used dark brown sugar) | 1/4 cup sugar (50g) | 1/2 cup (113g) melted butter (I used salted) | 1 egg | 1 tsp (5ml) vanilla extract | 1 tbsp (15ml) milk | 1 tsp red gel food colouring (you can add more or less depending on your preference, or leave it out completely) | 1 and 1/2 cups (188g) all-purpose flour | 1/2 tsp (3g)salt | 1/8 tsp (1.4g) baking soda | 1/4 tsp (1g) baking powder | 1/2 tsp (1.25g) cornstarch | 2 tbsp (12g) unsweetened cocoa powder | 8 chopped oreos | 1/3 cup (60g) white chocolate chips | 1/4 cup (85g) milk chocolate chips","all-purpose flour,baking powder,baking soda,brown sugar,butter,chocolate chips,cocoa powder,cornstarch,egg,granulated sugar,milk,salt,vanilla extract,white chocolate"
tWKdxUQ0IRE,Chewy Brown Butter Oatmeal Chocolate Chunk Cookies,Sugar Spun Run,https://www.youtube.com/watch?v=tWKdxUQ0IRE,68334,1880,20240909,description,,"1 cup unsalted butter (226g) | 1 cup brown sugar, firmly packed (may use light brown sugar or a blend of light and dark brown sugar) (200g) | ½ cup granulated sugar (100g) | 2 large eggs, room temperature | 1 ½ teaspoons vanilla extract | 2 ⅓ cups all-purpose flour (292g) | ¾ teaspoon baking soda | ½ teaspoon baking powder | 1 teaspoon table salt | 2 cups old-fashioned oats (160g) | 6 oz semisweet chocolate bar, chopped (170g) see note to substitute chips","all-purpose flour,baking powder,baking soda,brown sugar,butter,chocolate chips,egg,granulated sugar,oats,salt,vanilla extract"
3MkXuk9VOK4,"Science: How to Bake Crinkly Cookies (Like Sugar Cookies, Gingersnaps, or Chocolate Crinkle Cookies)",America's Test Kitchen,https://www.youtube.com/watch?v=3MkXuk9VOK4,68258,996,20141003,recipe_page,http://bit.ly/1rJ2cJG,"1 cup (5 ounces/142 grams) all-purpose flour | 1/2 cup (1 1/2 ounces/43 grams) unsweetened cocoa powder | 1 teaspoon baking powder | 1/4 teaspoon baking soda | 1/2 teaspoon salt | 1 1/2 cups packed (10 1/2 ounces/298 grams) brown sugar | 3 large eggs | 4 teaspoons instant espresso powder (optional) | 1 teaspoon vanilla extract | 4 ounces (113 grams) unsweetened chocolate, chopped | 4 tablespoons (57 grams) unsalted butter | 1/2 cup (3 1/2 ounces/99 grams) granulated sugar | 1/2 cup (2 ounces/57 grams) confectioners' sugar","all-purpose flour,baking powder,baking soda,brown sugar,butter,cocoa powder,egg,granulated sugar,powdered sugar,salt,vanilla extract"
b7Ncd6CcnCs,Beth's Oatmeal Chocolate Chip Cookie (Soft and Chewy!),Entertaining With Beth,https://www.youtube.com/watch?v=b7Ncd6CcnCs,68010,2653,20200926,description,,"½ cup (120g) butter, softened | ½ cup (100g) white sugar | ½ cup (90g) brown sugar | 1 egg | 1 tbsp (15ml) vanilla extract | ¾ cup (90g) all-purpose flour | ½ tsp (2.5ml) baking soda | ½ tsp (2.5ml) salt | ¾ cup (45g) Old Fashioned Oatmeal | ¾ cup (110g) Dark Chocolate Chips | 1/3 cup (50g) walnuts, chopped | 1/3 cup (50g) unsweetened shredded coconut","all-purpose flour,baking soda,brown sugar,butter,chocolate chips,egg,granulated sugar,nuts,oats,salt,vanilla extract"
sTfPwBEhrAA,How to Make Soft and Chewy Oatmeal Raisin Cookies - Delicious and Satisfying - The Hillbilly Kitchen,The Hillbilly Kitchen - Down Home Country Cooking,https://www.youtube.com/watch?v=sTfPwBEhrAA,67807,2736,20230929,description,,3/4 cup - Brown sugar | 3/4 cup - Regular sugar | 1/2 cup - Real butter | 1/2 cup - Applesauce | 2 - Eggs | 2 teaspoons - Real vanilla extract | 2 cups - All purpose flour | 2 teaspoons - Baking soda | 1 teaspoon - Salt | 1 tablespoon - Cinnamon | 3 1/2 cups - Oats | 2 1/2 cups - Raisins or other dried fruit,"all-purpose flour,baking soda,brown sugar,butter,cinnamon,egg,granulated sugar,oats,raisins,salt,vanilla extract"
eIu2Dapp_x8,Snickerdoodles | Sally's Baking,Sally's Baking Recipes,https://www.youtube.com/watch?v=eIu2Dapp_x8,67743,252,20220503,recipe_page,https://sallysbakingaddiction.com/soft-thick-snickerdoodles-in-20-minutes/,"3 cups (375g) all-purpose flour (spooned & leveled) | 2 teaspoons cream of tartar* | 1 teaspoon baking soda | 1 and 1/2 teaspoons ground cinnamon | 1/2 teaspoon salt | 1 cup (16 Tbsp; 226g) unsalted butter, softened to room temperature | 1 and 1/3 cup (267g) granulated sugar | 1 large egg + 1 large egg yolk, at room temperature | 2 teaspoons pure vanilla extract | 1/3 cup (70g) granulated sugar | 1 teaspoon ground cinnamon","all-purpose flour,baking soda,butter,cinnamon,cream of tartar,egg,granulated sugar,salt,vanilla extract"
sIHs8N-n61A,The Easiest No Spread Sugar Cookie Ever | Great for Gift Giving | Christmas Baking,Little Village Homestead,https://www.youtube.com/watch?v=sIHs8N-n61A,67642,3552,20251210,description,,3/4tsp  Salt | 3/4tsp  Baking Powder | 1/3C  Cornstarch | 2  Large Eggs | 2tsp  Vanilla Extract | 2tsp  Light Corn Syrup | 1/4tsp  Vanilla Extract or Almond Extract,"baking powder,cornstarch,egg,salt,vanilla extract"
AqCtCohunU0,Quick & Easy Wedding Cookies Using Fondant Stamps - Expert Tips and My Sugar Cookie Recipe,CakesbyLynz,https://www.youtube.com/watch?v=AqCtCohunU0,65809,1532,20240606,description,,200g Caster Sugar | 200g Room Temperature Butter | 360g Plain flour (All purpose flour) | 1 tsp Vanilla Favouring | 1 Medium Egg,"all-purpose flour,butter,egg,granulated sugar,vanilla extract"
Kx5AP6-MqsU,Famous Levain Bakery Gooey Chocoate Chip Walnut Cookie Recipe!!!!,Hailey Scontrino,https://www.youtube.com/watch?v=Kx5AP6-MqsU,64623,1806,20200806,recipe_page,https://abountifulkitchen.com/levain-bakery-chocolate-chip-cookie-recipe/,"1 cup butter cut into tablespoons (I prefer unsalted) | 3/4 cup light brown sugar, packed | 1/2 cup sugar | 2  eggs | 1 cup cake flour | 1 1/2-1 3/4 cup all purpose flour* see notes | 1 teaspoon baking powder | 1 teaspoon baking soda | 1/2 teaspoon coarse sea salt | 2 cups walnut halves | 2 cups semi sweet chocolate chips* see notes","all-purpose flour,baking powder,baking soda,brown sugar,butter,chocolate chips,egg,flaky sea salt,granulated sugar,nuts"
_wxu2_TUbXc,Strawberry Cheesecake Stuffed Inside a Gourmet COOKIE!,Sugar Spun Run,https://www.youtube.com/watch?v=_wxu2_TUbXc,64577,2468,20230622,description,,"4 oz cream cheese, softened (113g) | 2 ½ Tablespoons granulated sugar | 1 Tablespoon sour cream | ⅛ teaspoon vanilla extract | 1 cup unsalted butter, softened (226g) | 1 cup light brown sugar, firmly packed (200g) | ½ cup granulated sugar (100g) | 2 large eggs, room temperature preferred | 1 teaspoon vanilla extract | 3 ⅓ cups all-purpose flour (410g) | 1 cup graham cracker crumbs (112g) | 2 Tablespoons cornstarch (18g) | 2 teaspoons baking powder | ¼ teaspoon baking soda | ½ teaspoon salt | 3 oz white chocolate bar, optional (85g) | 011:35 Allow cookies to cool completely on baking sheet before enjoying.","all-purpose flour,baking powder,baking soda,brown sugar,butter,cornstarch,egg,granulated sugar,salt,vanilla extract,white chocolate"
fsFPbTSAqZE,How to Make Pumpkin Chocolate Chip Cookies,Jenny Cakes Bakery,https://www.youtube.com/watch?v=fsFPbTSAqZE,64492,1477,20141018,description,,-1 Cup (2 sticks) unsalted butter | -1 Cup Sugar | -1 Cup brown sugar | -2 large eggs | -1 teaspoon vanilla extract | -1 can pumpkin puree | -3 cups all purpose flour | -2 teaspoons baking soda | -1/2 teaspoon salt | -1 teaspoon ground cinnamon | -1/2 teaspoon ground ginger | -1/4 teaspoon ground nutmeg | -1/4 teaspoon ground cloves | -2 cups (12 ounce bag) milk chocolate chips,"all-purpose flour,baking soda,brown sugar,butter,chocolate chips,cinnamon,cloves,egg,ginger,granulated sugar,nutmeg,salt,vanilla extract"
CaQQytkcwhs,We Tried 9 Brown Butter Chocolate Chip Cookie Recipes in One Day,The Pancake Princess,https://www.youtube.com/watch?v=CaQQytkcwhs,64361,1665,20220920,recipe_page,https://buttermilkbysam.com/three-egg-brown-butter-mixed-chocolate-cookies/,"1 ½  sticks (170g butter, unsalted) | 1/2 teaspoon sea salt | ¾ cups brown sugar (150g) | ⅓ cup fine granulated sugar (plus 1 tablespoon, 80g) | 3  egg yolks from 3 large eggs | 1 tablespoon plain yogurt | 1 teaspoon vanilla | ¾ teaspoon baking soda | 200 g flour | 100 g dark chocolate (chopped) | 100 g milk or white chocolate (chopped) | sprinkles or flaked sea salt (optional)","all-purpose flour,baking soda,brown sugar,butter,chocolate chips,egg,flaky sea salt,granulated sugar,vanilla extract,white chocolate"
mgo7XTuUlaA,Chocolate Nutella Crinkle Cookies | How Tasty Channel,How Tasty,https://www.youtube.com/watch?v=mgo7XTuUlaA,64239,1952,20211126,recipe_page,https://www.how-tasty.com/chocolate-nutella-crinkle-cookies/,110 g  (1/2 cup) unsalted butter (room temperature) | 110 g  (1/2 cup) caster sugar | 2  eggs (room temperature) | 180 g (1+1/2cup) all purpose flour | 1/8 tsp  salt | 50 g (1/2 cup) unsweetened cocoa powder | 6 g  (1+1/4 tsp) baking powder | 15 large tsp  Nutella | 30 g  (3 tbsp) granulated white sugar | 50 g (1/3 cup) powdered sugar,"all-purpose flour,baking powder,butter,cocoa powder,egg,granulated sugar,powdered sugar,salt"
WpbOatcvGzM,How to Make Lemon Cookies,Sugar Spun Run,https://www.youtube.com/watch?v=WpbOatcvGzM,64147,1285,20200618,description,,1 cup unsalted butter softened to room temperature (226g) | 1 1/2 cups granulated sugar 300g | 2 ½ Tablespoons lemon zest¹ | 1 large egg + 1 egg yolk room temperature preferred | 1 teaspoon lemon extract | 1/4 teaspoon vanilla extract | 3 cups all-purpose plain flour 375g | 2 teaspoons cornstarch | 1 1/2 teaspoons cream of tartar | 3/4 teaspoon baking soda | 1/2 teaspoon salt,"all-purpose flour,baking soda,butter,cornstarch,cream of tartar,egg,granulated sugar,salt,vanilla extract"
FtbveLww-dk,Soft Crumbl Pink Sugar Cookies ♡ Bake With Me,a little calm,https://www.youtube.com/watch?v=FtbveLww-dk,63430,2649,20250820,description,,1 cup (120g) powdered sugar | 1/2 cup (113g) softened butter | 1 egg | 1/4 cup (56ml) vegetable oil or canola oil | 1 tbsp vanilla extract | 1/2 tsp almond extract (optional) | 2 cups (240g) all-purpose flour | 3/4 tsp baking powder | 1/2 tsp baking soda | 1/2 tsp salt | 6 tbsp (85g) softened butter (salted or unsalted) | 1 and 1/2 cups (170g) powdered sugar | 1/4 tsp almond extract | 1 tbsp heavy cream,"all-purpose flour,baking powder,baking soda,butter,egg,nuts,oil,powdered sugar,salt,vanilla extract"
YiiSafuDd0E,Chris’s Traditional Shortbread Fingers,Irish Baker Abroad,https://www.youtube.com/watch?v=YiiSafuDd0E,62950,1832,20230714,description,,200g | 1¾ stick of salted butter | 120g |  ½ cup + 2tbsp of caster sugar | 330g / 2¾ cups of plain flour | ½ tsp of vanilla extract (optional),"all-purpose flour,butter,granulated sugar,vanilla extract"
aDbNd1yWExs,Cheesecake Stuffed Cookies!,Sugar Spun Run,https://www.youtube.com/watch?v=aDbNd1yWExs,62845,2166,20201231,description,,"8 oz cream cheese softened (224g) | 3/4 cup powdered sugar (90g) | 1/2 teaspoon vanilla extract | 1 cup unsalted butter softened to room temperature (226g) | 1/2 cup sugar (100g) | 1 cup brown sugar tightly packed (200g) | 2 large eggs room temperature | 1 teaspoon vanilla extract (5ml) | 3 cups all-purpose flour (380g) | 1 teaspoon baking soda | 1 teaspoon baking powder | 1/2 teaspoon salt | 1 cup semisweet chocolate chips (170g), plus additional for topping | ⅓ cup mini chocolate chips (56g)","all-purpose flour,baking powder,baking soda,brown sugar,butter,chocolate chips,egg,granulated sugar,powdered sugar,salt,vanilla extract"
4fnmSSmbhng,Espresso Chocolate Chip Oatmeal Pie Cookies ♡ Bake With Me,a little calm,https://www.youtube.com/watch?v=4fnmSSmbhng,61501,3609,20250323,description,,1 cup (227g) melted browned butter | 1 and 1/4 cup (330g) dark brown sugar | 2 eggs | 1 tbsp vanilla | 3 tbsp espresso powder | 2 cups (240g) all-purpose flour | 2 cups (160g) rolled oats | 1 tsp baking soda | 1/2 tsp salt | 4oz chopped semi-sweet chocolate bar | 1/2 cup (95g) semi-sweet chocolate chips | 4oz cold cream cheese (half a brick) | 1/2 cup (110g) dark brown sugar | 1/2 tbsp espresso powder | 1/2 tsp vanilla | 300ml cold heavy cream,"all-purpose flour,baking soda,brown sugar,butter,chocolate chips,egg,oats,salt,vanilla extract"
1aCHJF7BnYs,Jam Drops (Thumbnail cookies),RecipeTin Eats,https://www.youtube.com/watch?v=1aCHJF7BnYs,61472,888,20240726,description,,"225g (2 sticks) unsalted butter, softened | 150g caster sugar / superfine sugar (150g) (regular/granulated sugar ok too) | 2 tsp vanilla extract | 1 large egg, at room temp (~50-55g/2oz) | 2 1/2 cups plain flour (all-purpose flour) (375g) | 1/4 tsp salt | 1/2 cup strawberry or raspberry jam, or any other flavour, loosened if thick (160g)","all-purpose flour,butter,egg,granulated sugar,salt,vanilla extract"
bGFtS7zzVG0,Soft Red Velvet Chocolate Chip Cookies ♡ Bake With Me,a little calm,https://www.youtube.com/watch?v=bGFtS7zzVG0,61356,2196,20250101,description,,1 and 1/2 cups dark brown sugar | 1/2 cup granulated sugar | 2 eggs | 2 tsp vanilla extract | 1 cup melted butter | 2 tbsp milk (any milk works) | 3 cups all-purpose flour | 3/4 tsp salt | 3/4 tsp baking soda | 1/2 tsp baking powder | 1 tsp cornstarch | 1/2 tsp cinnamon | 1/2 cup unsweetened cocoa powder | 2 tsp red gel food colouring | 1-2 cups white chocolate chips | 330g dark brown sugar | 100g white sugar | 226g melted butter | 2 eggs | 2 tsp vanilla extract | 2 tbsp milk (any milk of your choice) | 360g all-purpose flour | 3/4 tsp salt | 3/4 tsp baking soda | 1/2 tsp baking powder | 1 tsp cornstarch | 1/2 tsp cinnamon | 43g unsweetened cocoa powder | 200-400g white chocolate chips | 2 tsp red gel food colouring,"all-purpose flour,baking powder,baking soda,brown sugar,butter,cinnamon,cocoa powder,cornstarch,egg,granulated sugar,milk,salt,vanilla extract,white chocolate"
jNbX4eCzjdw,Gourmet Flavor in a Classic Cookie: White Chocolate Macadamia Nut Cookies,Sugar Spun Run,https://www.youtube.com/watch?v=jNbX4eCzjdw,60873,1918,20241028,description,,1 cup (226 g) unsalted butter | 1 cup (200 g) brown sugar | ⅔ cup (135 g) white sugar | 2 large eggs room temperature preferred | 1 ½ teaspoon vanilla extract | 2 ¾ cups (340 g) all-purpose flour | 1 Tablespoon cornstarch cornflour in UK | 1 teaspoon baking powder | 1 teaspoon baking soda | ¾ teaspoon salt | 1 cups (170 g) premium white chocolate chips | 1 cup (110 g) Macadamia nut pieces,"all-purpose flour,baking powder,baking soda,brown sugar,butter,cornstarch,egg,granulated sugar,macadamia nuts,salt,vanilla extract,white chocolate"
57vGywLiXJ0,Soft Gingerbread Man Cookies ♡ Bake With Me,a little calm,https://www.youtube.com/watch?v=57vGywLiXJ0,60822,2592,20251217,description,,"3 and 1/4 cups (405g) all-purpose flour | 1 tsp baking soda | 1/2 tsp salt | 2 tsp ground ginger | 2 tsp ground cinnamon | 1/4 tsp ground cloves | 12 tbsp (170g) softened butter (unsalted) | 3/4 cup (165g) brown sugar (light or dark brown sugar- I used dark) | 3/4 cup (255g) unsulphered molasses (I use Grandma's brand) | 1 egg | 1 and 1/2 tsp vanilla extract | 3 cups (360g) powdered sugar (sifted) | 2 tbsp (40g) light corn syrup | 1/2 tsp vanilla | 2-5 tbsp milk (I needed all 5 tablespoons of milk, but you might need less so add it gradually)","all-purpose flour,baking soda,brown sugar,butter,cinnamon,cloves,egg,ginger,milk,molasses,powdered sugar,salt,vanilla extract"
NWUMH1oNujA,SOFT & CHEWY Oatmeal Raisin Cookies | VEGAN,YdaJun's Plant-based Kitchen,https://www.youtube.com/watch?v=NWUMH1oNujA,60518,1481,20210307,description,,73 g | ⅓ cup neutral-tasting oil | 100 g | ½ cup brown sugar | 24 g | 2 Tbsp granulated sugar | 45 g | 3 Tbsp non-dairy milk | ½ tsp vanilla extract | 90 g | ¾ cup all purpose flour | ¼ tsp baking soda | ½ tsp sea or kosher salt | ¼ tsp cinnamon powder | 112 g | 1¼ cup old-fashioned rolled oats | 80 g | ½ cup raisins (used sultana raisins),"all-purpose flour,baking soda,brown sugar,cinnamon,granulated sugar,milk,oats,oil,raisins,salt,vanilla extract"
3Wes4AprmWI,BISCOFF STUFFED COOKIES!!!,RecipeTin Eats,https://www.youtube.com/watch?v=3Wes4AprmWI,60414,813,20250613,description,,"8 x 1 tbsp generously heaped Biscoff, smooth (280g/9.5oz total) | 225g/2 US sticks unsalted butter, cut into 1cm/1/2"" cubes | 2 1/4 cups plain flour/all-purpose flour (335g) | 3 tsp cornflour/cornstarch | 1/4 tsp baking powder | 1/2 tsp baking soda/bi-carb | 1/2 tsp cooking salt/kosher salt | 1 tsp cinnamon powder | 1/2 tsp all spice powder | 1/4 tsp ginger powder | 3/4 tightly packed cup brown sugar (150g) | 1/3 cup caster sugar/superfine sugar (70g) | 1 large egg (~55g/2oz) | 1 yolk from a large egg | 1 tsp vanilla extract | 1 1/4 cups white choc chips (200g), plus extra for decorating","all-purpose flour,baking powder,baking soda,brown sugar,butter,cinnamon,cornstarch,egg,ginger,granulated sugar,salt,vanilla extract"
vxm6PokO0LA,"The best crispy, chewy COCONUT COOKIES i've ever had",Cakes by MK,https://www.youtube.com/watch?v=vxm6PokO0LA,60043,2011,20250819,description,,▢½ tsp salt | ▢¼ tsp baking soda | ▢½ tsp baking powder | ▢¾ cup (170 g) unsalted butter - softened (but not melted) | ▢½ cup (100 g) soft light brown sugar | ▢½ cup (100 g) white granulated sugar | ▢1 large egg - room temperature | ▢2 tsps vanilla extract/essence | ▢2 cups (160 g) unsweetened shredded coconut - divided into 1½ cups (120g) and ½ cup (40g),"baking powder,baking soda,brown sugar,butter,egg,granulated sugar,salt,vanilla extract"
ClFkfP5qDiM,The Best Chocolate Crinkle Cookies Recipe Ever,Home Cooking Adventure,https://www.youtube.com/watch?v=ClFkfP5qDiM,60014,2054,20211105,recipe_page,https://www.homecookingadventure.com/easy-chocolate-crinkle-cookies,"1 ½ cup (180g) all-purpose flour | 1/2 cup (60g) unsweetened cocoa powder | 1 ½ tsp (6g) baking powder | 1/2 tsp (3g) salt | 1/2 cup (113g) butter (, softened) | 1 cup (200g) sugar | 2  eggs | 1 tsp (5ml) vanilla extract | 4 oz (120g) semisweet chocolate (, chips/chunks) | 1/2 cup (60g) powdered sugar","all-purpose flour,baking powder,butter,chocolate chips,cocoa powder,egg,granulated sugar,powdered sugar,salt,vanilla extract"
yGLf22jTwR8,How to Make the Best Ever Ginger Molasses Cookies (Better Than Starbucks!),The Busy Baker,https://www.youtube.com/watch?v=yGLf22jTwR8,59844,896,20180914,description,,* 1 1/4 cup unsalted butter at room temperature | * 2 cups white sugar | * 2 eggs | * 1/2 cup molasses | * 4 cups all purpose flour | * 1/2 tsp salt | * 4 tsp baking soda | * 2 tsp ground cinnamon | * 1 tsp grated fresh ginger or powdered ginger | * 1/2 tsp ground cloves | * 1/3 cup white sugar for rolling,"all-purpose flour,baking soda,butter,cinnamon,cloves,egg,ginger,granulated sugar,molasses,salt"
wN4M1oqGIsc,Pumpkin Chocolate Chip Cookies | Sally's Baking,Sally's Baking Recipes,https://www.youtube.com/watch?v=wN4M1oqGIsc,59092,212,20200620,recipe_page,https://sallysbakingaddiction.com/pumpkin-chocolate-chip-cookies/,"1/2 cup (8 Tbsp; 113g) unsalted butter, melted & slightly cooled | 1/4 cup (50g) packed light or dark brown sugar | 1/2 cup (100g) granulated sugar | 1 teaspoon pure vanilla extract | 6 Tablespoons (86g) pumpkin puree (see note)* | 1 and 1/2 cups (188g) all-purpose flour (spooned & leveled) | 1/4 teaspoon salt | 1/4 teaspoon baking powder | 1/4 teaspoon baking soda | 1 and 1/2 teaspoons ground cinnamon | 1 teaspoon store-bought or homemade pumpkin pie spice | 1/2 cup (90g) semi-sweet chocolate chips, plus a few extra for the tops","all-purpose flour,baking powder,baking soda,brown sugar,butter,chocolate chips,cinnamon,granulated sugar,salt,vanilla extract"
qEvmsADe05U,Easy Scottish shortbread | No roll method :),What's For Tea?,https://www.youtube.com/watch?v=qEvmsADe05U,58352,3292,20200527,description,,"75g (2.6oz) White sugar (I used caster sugar, but ordinary white sugar would do) | 225g (7.9oz) Plain flour | 150g (5.2oz) Unsalted butter | 150g (5.2oz) Milk chocolate chips","all-purpose flour,butter,chocolate chips,granulated sugar"
hDU4gLLIEqE,3-Ingredient Almond Cookies Easy Recipe 🍪 Italian Almond Cookies with Almond Flour,Fruity Bakes,https://www.youtube.com/watch?v=hDU4gLLIEqE,57386,1076,20220516,description,,200 g almond flour | 70 g egg whites (from 2 eggs size L) | 80 g sugar (or powdered sugar),"egg,nuts,powdered sugar"
hEW5let3fkA,"Salty, Sweet, & Chocolaty Caramel Pretzel Chocolate Chunk Cookies",Sugar Spun Run,https://www.youtube.com/watch?v=hEW5let3fkA,57303,982,20241024,description,,"1 cup unsalted butter, softened (226g) | 1 cup light brown sugar, firmly packed (200g) | ½ cup granulated sugar (100g) | 2 large eggs, room temperature preferred | 2 teaspoon vanilla extract | 4 cups cake flour (450g) | 1 ½ teaspoons baking powder | ½ teaspoon baking soda | ¾ teaspoon table salt | 6 oz semi-sweet chocolate bar, chopped (170g) | 1 heaping cup broken pretzel pieces (65g) | 1 ½ cups caramel bits (11 oz bag, 312g)","all-purpose flour,baking powder,baking soda,brown sugar,butter,chocolate chips,egg,granulated sugar,salt,vanilla extract"
2FZKFT0dtNg,Creamy Nutella Stuffed Chocolate Chip Cookies ♡ Bake With Me,a little calm,https://www.youtube.com/watch?v=2FZKFT0dtNg,56908,2174,20250827,description,,8 tbsp nutella | 1/2 cup (100g) brown sugar (I used dark brown sugar) | 1/3 cup (70g) sugar | 1/2 cup (112g) melted and cooled butter (salted or unsalted) | 1 egg | 2 tsp vanilla extract | 1 and 1/3 cup + 2 tbsp (176g) all-purpose flour | 1/2 tsp baking powder | 1/2 tsp baking soda | 3/4 tsp salt | 1 tsp cornstarch | 1/2 tsp cinnamon (optional),"all-purpose flour,baking powder,baking soda,brown sugar,butter,cinnamon,cornstarch,egg,granulated sugar,salt,vanilla extract"
SuX13hZZN3s,Matcha Cookies 抹茶クッキー,Make Food. Eat Food.,https://www.youtube.com/watch?v=SuX13hZZN3s,56706,1377,20170501,description,,"1 cup of unsalted butter, room temp. | ½ cup of sugar | 1 tsp of vanilla | 2 tbsp of matcha powder | 1 ½ cups of flour","all-purpose flour,butter,granulated sugar,vanilla extract"
ilgkQs1PgjQ,Soft-Baked M&M Cookies | Sally's Baking,Sally's Baking Recipes,https://www.youtube.com/watch?v=ilgkQs1PgjQ,56488,608,20210317,recipe_page,https://sallysbakingaddiction.com/rainbow-mm-cookies/,"2 cups + 2 Tablespoons (265g) all-purpose flour (spooned & leveled) | 1 teaspoon cornstarch | 1 teaspoon baking soda | 1/2 teaspoon salt | 3/4 cup (12 Tbsp; 170g) unsalted butter, softened to room temperature | 3/4 cup (150g) packed light or dark brown sugar | 1/2 cup (100g) granulated sugar | 1 large egg + 1 egg yolk, at room temperature | 1 and 1/2 teaspoons pure vanilla extract | 1 cup (230g) mini M&Ms (plus 2 Tablespoons for topping, optional)","all-purpose flour,baking soda,brown sugar,butter,cornstarch,egg,granulated sugar,salt,vanilla extract"
vvkc2_dyP04,Old Fashioned Soft & Chewy Molasses Cookies Recipe - 1935,Glen And Friends Cooking,https://www.youtube.com/watch?v=vvkc2_dyP04,56159,3258,20200906,description,,½ cup shortening | ½ cup sugar | 1 egg | ¾ cup molasses | ¼ cup milk | 2 ¾ cup flour | 2 tsp baking powder | ½ tsp soda | ¾ tsp cinnamon | ¼ tsp ginger | ½ tsp salt,"all-purpose flour,baking powder,cinnamon,egg,ginger,granulated sugar,milk,molasses,salt"
HdG4uWOb47o,These Pumpkin Cookies Filled with Cheesecake are Fun for Fall,Sugar Spun Run,https://www.youtube.com/watch?v=HdG4uWOb47o,56122,2130,20231012,description,,"6 oz cream cheese, softened (170g) | ¼ cup granulated sugar (50g) | 1 ½ Tablespoons sour cream | ¼ teaspoon vanilla extract | 1 cup unsalted butter (226g) | 1 cup granulated sugar (200g) | ⅔ cup light brown sugar, firmly packed (140g) | ⅔ cup pumpkin puree (194g) | 2 large egg yolks | 2 teaspoon vanilla extract | 3 ¾ cups all-purpose flour (468g) | 1 teaspoon baking soda | 1 teaspoon baking powder | 1 teaspoon salt | 1 cup white chocolate chips (170g) plus additional for topping, if desired | ¼ cup granulated sugar (50g) | 1 Tablespoon cinnamon","all-purpose flour,baking powder,baking soda,brown sugar,butter,cinnamon,egg,granulated sugar,salt,vanilla extract,white chocolate"
bO5quTFbA4w,Italian Almond Cookies Recipe | Paste di Mandorla,Giulia Ardizzone,https://www.youtube.com/watch?v=bO5quTFbA4w,55919,1727,20220225,description,,225 g almond flour  (1 cup + 3/4 cup + 2 tbsps) | 140 g sugar (1/2 cup + 3 tbsps) | 2 egg whites | 1 tsp vanilla extract | 225 g farina di mandorla | 140 g zucchero | 2 albumi | 1 cucchiano di estratto di vaniglia,"egg,granulated sugar,nuts,vanilla extract"
94ZjylTooQM,"Fudgy, Bakery Style Double Chocolate Chunk Cookies",Sugar Spun Run,https://www.youtube.com/watch?v=94ZjylTooQM,55635,1860,20250116,description,,"1 cup unsalted butter, cut into pieces (226g) | ½ cup Dutch-process cocoa powder (50g) | 1 cup granulated sugar (200g) | ⅔ cup light brown sugar, firmly packed (133g) | 2 large eggs, room temperature preferred | 1 ½ teaspoons vanilla extract | 3 cups all-purpose flour (375g) | 1 teaspoon baking soda | ½ teaspoon baking powder | 1 teaspoon table salt | 8 oz semi-sweet chocolate bars, chopped (227g) (or a 10 oz/283g bag of chocolate chunks)","all-purpose flour,baking powder,baking soda,brown sugar,butter,chocolate chips,cocoa powder,egg,granulated sugar,salt,vanilla extract"
wykDT_Kx6mg,Soft & Chewy Oatmeal Raisin Cookies (Grandma’s Secret Recipe),Kelvin's Kitchen,https://www.youtube.com/watch?v=wykDT_Kx6mg,54908,746,20240702,recipe_page,https://kelvinskitchen.com/recipe/best-oatmeal-raisin-cookies/?rate=1&utm_source=youtube&utm_medium=description&utm_campaign=recipe_rating,"1 cup unsalted butter (room temperature, 230g) | 1 cup packed light brown sugar (200g) | 1/2 cup granulated sugar (100g) | 2  large eggs | 1 teaspoon vanilla extract | 1 1/2 cups all-purpose flour (190g) | 1 teaspoon baking soda | 1 1/2 teaspoons ground cinnamon | 1/2 teaspoon salt | 3 cups old-fashioned rolled oats (270g) | 1 cup raisins (150g) | 1/2 cup chopped walnuts (optional) (60g)","all-purpose flour,baking soda,brown sugar,butter,cinnamon,egg,granulated sugar,nuts,oats,raisins,salt,vanilla extract"
hhUfXDZumSg,M&M's COOKIES IN 15 MINUTEN KLAAR OM TE ETEN | BAKKEN MET CRAFTMAMA,Craftmama,https://www.youtube.com/watch?v=hhUfXDZumSg,54713,617,20150927,description,,250 gram zelfrijzend bakmeel gemixt | 170 gram roomboter die gesmolten is | 300 gran suiker | 1 zak m en m's | 6301 JV Valkenburg ad geul,
iAtLRPKoqSY,HOW TO MAKE DARK CHOCOLATE CHIP NUTELLA STUFFED CHOCOLATE COOKIES,Hot Chocolate Hits,https://www.youtube.com/watch?v=iAtLRPKoqSY,54554,1011,20131019,description,,-1 cup all-purpose flour | -2/3 cup cocoa powder | - 1 tsp baking soda | - 1/2 cup unsalted butter | - 1/2 cup granulated sugar | - 1/2 cup brown sugar | - 1tsp vanilla extract | - 1 whole egg | - 2 tbsp milk | - 1 1/2 cups chocolate chips (I used a combination of chopped dark chocolate and chopped milk chocolate),"all-purpose flour,baking soda,brown sugar,butter,chocolate chips,cocoa powder,egg,granulated sugar,milk,vanilla extract"
KBvwa2Y_bZc,Oatmeal-Chocolate Chip Cookies | Betty Crocker Recipe,Betty Crocker,https://www.youtube.com/watch?v=KBvwa2Y_bZc,54465,752,20180912,recipe_page,https://www.bettycrocker.com/recipes/oatmeal-chocolate-chip-cookies/48acadc3-f7e1-46b5-bb33-33bee95f6cf7,"1 1/2 cups packed brown sugar | 1 cup butter, softened | 1 teaspoon vanilla | 1 large egg | 2 cups quick-cooking oats | 1 1/2 cups Gold Medal™ Unbleached All Purpose Flour | 1 teaspoon baking soda | 1/4 teaspoon salt | 1 cup semisweet chocolate chips (6 oz) | 1 cup chopped nuts, if desired","all-purpose flour,baking soda,brown sugar,butter,chocolate chips,egg,oats,salt,vanilla extract"
-O6adV91_2w,Soft Brown Butter Snickerdoodles ♡ Bake With Me,a little calm,https://www.youtube.com/watch?v=-O6adV91_2w,54141,2604,20250818,description,,1 and 1/2 cups (300g) sugar | 1 cup + 2 tbsp (227g) cooled browned butter (salted or unsalted) | 2 eggs | 2 tsp vanilla extract | 2 and 2/3 cups (320g) all-purpose flour | 1 and 1/2 tsp cream of tartar | 1 tbsp cornstarch | 1/2 tsp baking soda | 1/2 tsp baking powder | 1 tsp salt | 1/4 cup (50g) sugar | 1 tbsp cinnamon powder,"all-purpose flour,baking powder,baking soda,butter,cinnamon,cornstarch,cream of tartar,egg,granulated sugar,salt,vanilla extract"
YpPKhgIwmik,Nutella Stuffed Cookies,RecipeTin Eats,https://www.youtube.com/watch?v=YpPKhgIwmik,54059,666,20241122,description,,"10 slightly heaped tbsp Nutella or other chocolate-nut spread | 1/2 cup (90g) dark chocolate chips (or chopped 70% dark chocolate) | 1 1/3 cups plain flour / all-purpose flour (200g) | 1/2 tsp baking soda (bi-carbonate soda*) | 1/4 tsp cooking / kosher salt | 120g / 8 tbsp unsalted butter, cut into 1 cm / 1/2"" cubes (fridge cold is fine) | 2/3 tightly packed cups brown sugar (140g) | 1 tsp vanilla extract | 1 tsp honey or corn syrup* | 1 large egg (~55g / 2 oz), at room temp","all-purpose flour,baking soda,brown sugar,butter,chocolate chips,egg,honey,salt,vanilla extract"
poMEdOKNJa8,Double Chocolate Crinkle Cookies | Sally's Baking,Sally's Baking Recipes,https://www.youtube.com/watch?v=poMEdOKNJa8,53694,286,20211117,recipe_page,https://sallysbakingaddiction.com/double-chocolate-crinkle-cookies/,"1/2 cup (8 Tbsp; 113g) unsalted butter, softened to room temperature | 1/2 cup (100g) granulated sugar | 1/2 cup (100g) packed light or dark brown sugar | 1 large egg, at room temperature | 1 teaspoon pure vanilla extract | 1 cup (125g) all-purpose flour (spooned & leveled) | 1/2 cup + 2 Tablespoons (51g) unsweetened natural cocoa powder | 1 teaspoon baking soda | 1/8 teaspoon salt | 1 cup (180g) mini or regular size semi-sweet chocolate chips | 3 Tablespoons (35g) granulated sugar | 1 cup (120g) confectioners’ sugar, for rolling","all-purpose flour,baking soda,brown sugar,butter,chocolate chips,cocoa powder,egg,granulated sugar,powdered sugar,salt,vanilla extract"
6CNyqeyEDiY,Vegan Chocolate Cookies Recipe (Gluten-Free),Heartful Table,https://www.youtube.com/watch?v=6CNyqeyEDiY,53677,1418,20220303,recipe_page,https://bit.ly/3tijdkc,2 tablespoons maple syrup | ½ cup / 110ml neutral oil (I used rice bran oil) | 1 cup / 150g coconut sugar | 1 teaspoon vanilla extract | 250g / 1¾ cup 1-to-1 gluten-free flour | 1 teaspoon baking powder | ½ teaspoon bicarb soda | ½ teaspoon fine salt | ⅓ cup / 30g cacao powder | 100g / ¾ cup vegan chocolate chunks | Salt flakes,"all-purpose flour,baking powder,baking soda,chocolate chips,granulated sugar,oil,salt,vanilla extract"
V1ha1_EcUSA,Stop sleeping on Chinese Almond Cookies,sheldo's kitchen,https://www.youtube.com/watch?v=V1ha1_EcUSA,53234,2853,20250326,description,,"- 150g (3/4 cup) sugar | - 170g (12 Tbsp or 1-1/2 sticks) unsalted butter, softened | - 1 large egg, separated | - 28g (2 Tbsp) neutral oil (canola, vegetable, sunflower, etc) | - 3 tsp (15 mL) imitation almond extract | - 6g (1-1/2 tsp) baking powder | - 3g (1/2 tsp) baking soda | - 1/8 tsp fine sea salt or table salt | - 16g (2 Tbsp) cornstarch | - 100g (1 cup) almond flour | - 175g (1-1/4 cup) all-purpose flour | - 90g (1 cup) sliced almonds","all-purpose flour,baking powder,baking soda,butter,cornstarch,egg,flaky sea salt,granulated sugar,nuts,oil"
Htl5x4KjW7o,S’mores Cookie Bars | Sally's Baking,Sally's Baking Recipes,https://www.youtube.com/watch?v=Htl5x4KjW7o,52920,573,20210825,recipe_page,https://sallysbakingaddiction.com/smore-cookie-bars/,"1/2 cup (8 Tbsp; 113g) unsalted butter, softened to room temperature* | 3/4 cup (150g) packed light or dark brown sugar | 1 large egg, at room temperature | 1 teaspoon pure vanilla extract | 1 cup (125g) all-purpose flour (spooned & leveled) | 1 cup (120g) graham cracker crumbs (about 8 full-sheet graham crackers) | 1/2 teaspoon baking powder | 1/4 teaspoon salt | 1 cup (180g) semi-sweet chocolate chips | 1 heaping cup marshmallow creme (store-bought “Fluff” or 1/2 recipe of homemade marshmallow creme)","all-purpose flour,baking powder,brown sugar,butter,chocolate chips,egg,salt,vanilla extract"
Ot9ILB2Oxro,The Very Best Snickerdoodle Recipe | Cupcake Jemma,CupcakeJemma,https://www.youtube.com/watch?v=Ot9ILB2Oxro,52689,1683,20231116,description,,115g Soft Unsalted Butter | 140g Caster Sugar | 1 Egg | 1 tsp Vanilla | 195g Plain Flour | ¾ tsp Cream of Tartar | ¼ tsp Bicarb | ½ tsp Sea Salt | 60g Caster Sugar | 1 ½ tbsp Ground Cinnamon,"all-purpose flour,baking soda,butter,cinnamon,cream of tartar,egg,flaky sea salt,granulated sugar,vanilla extract"
_JCVoCDf9ME,Salted Caramel Cookies ♡ Bake with me,Bakesbynat,https://www.youtube.com/watch?v=_JCVoCDf9ME,52107,2509,20260512,description,,* 75g caster sugar | * 100g light brown sugar | * 125g unsalted butter | * 1 egg | * 1 teaspoon vanilla extract | * 300g plain flour | * 2 teaspoons baking powder | * ½ teaspoon bicarbonate of soda | * 100g white chocolate chips | * ⅓ cup + 1 tbsp caster sugar | * ½ cup light brown sugar | * ½ cup + 1 tbsp unsalted butter | * 1 egg | * 1 teaspoon vanilla extract | * 2 teaspoons baking powder | * ½ teaspoon bicarbonate of soda | * ½ cup white chocolate chips,"all-purpose flour,baking powder,baking soda,brown sugar,butter,egg,granulated sugar,vanilla extract,white chocolate"
fOK4gSBORwk,How to Make Soft n Chewy VEGAN Chocolate Chip Cookies,Divas Can Cook,https://www.youtube.com/watch?v=fOK4gSBORwk,52076,2607,20180405,recipe_page,http://divascancook.com/soft-vegan-chocolate-chip-cookies-recipe/,1/2 cup granulated sugar | 1/2 cup vegan light brown sugar (I used Wholesome) | 1/4 cup unsweetened apple sauce | 1/3 cup vegan butter (I used Earth Balance) | 1/3 cup vegan shortening (I used Spectrum) | 1/2 teaspoon vanilla extract (optional) | 1 ½ cups all-purpose flour | 1/2 teaspoon baking soda | 1/2 teaspoon salt | 1 cup vegan chocolate chips (divided (I used Enjoylife)),"all-purpose flour,baking soda,brown sugar,butter,chocolate chips,granulated sugar,salt,vanilla extract"
rtQpR7eFnCk,Double Chocolate Chip Cookies | Sally's Baking,Sally's Baking Recipes,https://www.youtube.com/watch?v=rtQpR7eFnCk,51574,414,20221007,recipe_page,https://sallysbakingaddiction.com/double-chocolate-chip-cookies-recipe/,"1/2 cup (8 Tbsp; 113g) unsalted butter, softened to room temperature | 1/2 cup (100g) granulated sugar | 1/2 cup (100g) packed light or dark brown sugar | 1 large egg, at room temperature | 1 teaspoon pure vanilla extract | 1 cup (125g) all-purpose flour (spooned & leveled) | 2/3 cup (55g) natural unsweetened cocoa powder | 1 teaspoon baking soda | 1/8 teaspoon salt | 1 Tablespoon (15ml) milk (any kind, dairy or non) | 1 and 1/4 cups (225g) semi-sweet chocolate chips, plus a few more for optional topping*","all-purpose flour,baking soda,brown sugar,butter,chocolate chips,cocoa powder,egg,granulated sugar,milk,salt,vanilla extract"
XjjsfCsVKgo,Michelin chefs blind taste vegan chocolate chip cookies,Ecotarian Eats,https://www.youtube.com/watch?v=XjjsfCsVKgo,51464,2761,20250913,recipe_page,https://www.pickuplimes.com/recipe/the-best-chocolate-chip-cookies-1437,½ cup unsalted vegan butter | ¾ cup light brown sugar | ¼ cup granulated sugar | ¼ cup unsweetened soy milk | 1 Tbsp pure vanilla extract | 2 cup all-purpose flour | 1 tsp baking powder | ½ tsp baking soda | ¼ tsp salt | 4.586 oz dairy-free dark chocolate,"all-purpose flour,baking powder,baking soda,brown sugar,butter,chocolate chips,granulated sugar,milk,salt,vanilla extract"
w9Xh2id3DGs,Brown Butter Oatmeal Chocolate Chip Cookies,RecipeTin Eats,https://www.youtube.com/watch?v=w9Xh2id3DGs,50905,517,20230421,recipe_page,https://www.recipetineats.com/brown-butter-oatmeal-choc-chip-cookies/,"150g/10 tbsp  unsalted butter (, cut into 1cm / 1/2"" cubes) | 1 cup flour (, plain/all-purpose) | 1 1/2 cups rolled oats ((not quick or steel cut)) | 1 tsp baking soda (bi-carb) (, sifted if lumpy) | 1/8 tsp cooking/kosher salt | 1 cup brown sugar ((tightly packed)) | 1  large egg (, at room temperature (~55g/2oz)) | 1 tsp vanilla extract | 200g/ 7 oz  70% dark chocolate block, I use Lindt ((Note 1, sub 1 cup / 200g chips))","all-purpose flour,baking soda,brown sugar,butter,chocolate chips,egg,oats,salt,vanilla extract"
PtIkop7qQ_c,Greek Tahini Cookies (Vegan),Dimitra's Dishes,https://www.youtube.com/watch?v=PtIkop7qQ_c,50293,1764,20220324,description,,1 cup (220g) granulated sugar | 1 cup (250 ml) light olive oil or vegetable oil | 1 cup (250 ml) orange juice | 2 teaspoons pure vanilla extract | 1/2 cup tahini | 3 and 1/2 cups (500g) all-purpose flour | 1/4 teaspoon salt | 2 teaspoons ground cinnamon | 2 teaspoons (8g) baking powder | 1/2 teaspoon baking soda,"all-purpose flour,baking powder,baking soda,cinnamon,granulated sugar,oil,salt,vanilla extract"
C9R6S5ORAuI,Lemon Meltaway Cookies Made with REAL Lemons,Sugar Spun Run,https://www.youtube.com/watch?v=C9R6S5ORAuI,50019,2066,20231214,description,,"1 cup unsalted butter, softened (226g) | ¾ cup granulated sugar (150g) | 2 Tablespoons fresh lemon zest | 2 cups all-purpose flour (250g) | 2 Tablespoons cornstarch | ½ teaspoon salt | 1 ¾ cups powdered sugar (220g) | 2 Tablespoons fresh-squeezed lemon juice","all-purpose flour,butter,cornstarch,granulated sugar,powdered sugar,salt"
uG23CvyvLMQ,Pumpkin Cheesecake Cookies | How Tasty Channel,How Tasty,https://www.youtube.com/watch?v=uG23CvyvLMQ,48975,1265,20221014,recipe_page,https://www.how-tasty.com/pumpkin-cheesecake-cookies/,60 g (4 tbsp) cream cheese (like Philadelphia) | 14 g (2 tbsp) powdered sugar | 1/4 tsp  vanilla paste (or vanilla extract) | 110 g (1/2 cup) unsalted butter (room temperature) | 50 g (1/4 cup) caster sugar | 50 g (1/4 cup) brown sugar | 1 (17 g) egg yolk | 1/2 tsp  vanilla paste (or extract) | 50 g (1/4 cup) pumpkin puree (the more thick and dry as you can) | 180 g (1+1/2 cup) all purpose flour | 1/4 tsp  baking powder | 1/4 tsp  baking soda | 3/4 tsp  cinnamon | 1/8 tsp  cloves | 35 g (3 tbsp) granulated white sugar | 1/4 tsp  cinnamon | 3/4 tsp  cinnamon  |   pinch of ginger |   pinch of nutmeg |   pinch of salt,"all-purpose flour,baking powder,baking soda,brown sugar,butter,cinnamon,cloves,egg,ginger,granulated sugar,nutmeg,powdered sugar,salt,vanilla extract"
ARUQGoSntek,Levain Bakery Copycat Chocolate Chip Cookies,MODERN HONEY by Melissa Stadler,https://www.youtube.com/watch?v=ARUQGoSntek,48462,760,20220307,recipe_page,https://www.modernhoney.com/levain-bakery-chocolate-chip-crush-cookies/,1 cup (227g) Cold Butter (cut into small cubes) | 1 cup (213g) Brown Sugar | 1/2 cup (105g) Sugar | 2  Eggs | 1 1/2 cups (173g) Cake Flour* | 1 1/2 cups (188g) Flour | 1 teaspoon Cornstarch | 3/4 teaspoon Baking Soda | 3/4 teaspoon Salt | 2 cups (340g) Chocolate Chips | 2 cups (235g) Walnuts (roughly chopped),"all-purpose flour,baking soda,brown sugar,butter,chocolate chips,cornstarch,egg,granulated sugar,nuts,salt"
odkxPi0My4M,How To Make ALMOND COOKIES Like a Pastry Chef | A Sicilian Tradition,Vincenzo's Plate,https://www.youtube.com/watch?v=odkxPi0My4M,48372,1464,20231216,description,,300 grams Almond Meal 10.5oz. or freshly ground almonds | 360 grams Icing sugar 12.6oz | 30 grams Honey 1oz | 1 tsp Cinnamon | 1 tsp Vanilla essence or scraped vanilla bean | 5 Egg Whites,"cinnamon,egg,honey,nuts,powdered sugar,vanilla extract"
pBG5LiYISKc,The Best Red Velvet Cookies | Soft and Chewy,The Cooking Foodie,https://www.youtube.com/watch?v=pBG5LiYISKc,47951,1058,20260122,description,,"½ cup Butter unslated, softened | ⅓ cup Brown sugar | ½ cup White sugar | 1 Egg large | 1 tablespoon Buttermilk | 1 teaspoon Vanilla extract | ¼ cup Cocoa powder unsweetened | 1 teaspoon Baking soda | ¼ teaspoon Salt | 1 teaspoon Red gel food coloring or more if needed | 1 cup White chocolate chips or any chocolate, adjust the amount to taste","baking soda,brown sugar,butter,cocoa powder,egg,granulated sugar,salt,vanilla extract,white chocolate"
8ookQfchqfU,White Chocolate Macadamia Nut Cookies | Sally's Baking,Sally's Baking Recipes,https://www.youtube.com/watch?v=8ookQfchqfU,47604,340,20211117,recipe_page,https://sallysbakingaddiction.com/super-chunk-white-chocolate-macadamia-nut-cookies/,"2 cups + 2 Tablespoons (265g) all-purpose flour (spooned & leveled) | 1 teaspoon cornstarch | 1 teaspoon baking soda | 1/2 teaspoon salt | 3/4 cup (12 Tbsp; 170g) unsalted butter, melted + slightly cooled | 3/4 cup (150g) packed light or dark brown sugar | 3/4 cup (150g) granulated sugar | 1 large egg + 1 egg yolk, at room temperature | 1 and 1/2 teaspoons pure vanilla extract | 1 heaping cup (210g) white chocolate chips* | 1 cup (120g) roughly chopped macadamia nuts*","all-purpose flour,baking soda,brown sugar,butter,cornstarch,egg,granulated sugar,macadamia nuts,salt,vanilla extract,white chocolate"
z4EVmRHvSFI,EASY M&M COOKIES RECIPE,SimpleCookingChannel,https://www.youtube.com/watch?v=z4EVmRHvSFI,47472,1838,20161104,description,,250 Grams of softened butter | 3/4 Cup of sugar | 2 Teaspoons of vanilla extract | 2 & 3/4 Cups of flour | 1.5 Teaspoons of baking powder | 1/4 Milk,"all-purpose flour,baking powder,butter,granulated sugar,milk,vanilla extract"
u7vGxfM2kkk,"SMORES COOKIES | ooey, gooey, cookie recipe",Clean & Delicious,https://www.youtube.com/watch?v=u7vGxfM2kkk,46357,2249,20221209,description,,16 graham cracker squares | 4 Hershey Chocolate Bars (broken into 3 square pieces) | 16 marshmallows,
vFgQq-y9p7w,Chewiest Chocolate Oatmeal Cookies | Anna Olson Recipe,Oh Yum with Anna Olson,https://www.youtube.com/watch?v=vFgQq-y9p7w,45615,2092,20260117,description,,"1/2 cup (115 g) unsalted butter, at room temperature | 1 cup (200 g) packed brown sugar (light dark or demerara) | 1 large egg, at room temperature | 1 tsp pure vanilla extract | 1/2 cup (60 g) cocoa powder | 1/3 cup (50 g) all-purpose flour | 1/2 tsp ground cinnamon | 1/2 tsp baking soda | 1/2 tsp salt | 1 1/2 cups (150 g) regular rolled oats (not instant) | 1 cup (175 g) chocolate chips (any type) | 1 cup (100 g) flaked sweetened coconut | 1/2 cup (70 g) dried cranberries","all-purpose flour,baking soda,brown sugar,butter,chocolate chips,cinnamon,cocoa powder,egg,oats,salt,vanilla extract"
TOPRGf3aWV0,White Chocolate Stuffed NYC Cookies ♡ Bake With Me,a little calm,https://www.youtube.com/watch?v=TOPRGf3aWV0,45355,2094,20260318,description,,3/4 cup (170g) softened butter | 1/2 cup (100g) brown sugar | 1/2 cup (100g) granulated sugar | 1 egg | 1 tsp vanilla | 1 tbsp milk (any milk will work) | 2 cups (240g) all-purpose flour | 1/2 cup (55g) cake flour | 1/2 tsp salt | 1/2 tsp baking soda | 1/4 tsp baking powder | 1/2 tbsp cornstarch | 1 cup (170g) chocolate chips (I used semi-sweet chocolate chips) | 1/2 cup (80g) white chocolate chunks (I used a 4oz white chocolate bar) | 100g white chocolate bar (I used Lindt because it melts nice- do not use white chocolate chips!),"all-purpose flour,baking powder,baking soda,brown sugar,butter,chocolate chips,cornstarch,egg,granulated sugar,milk,salt,vanilla extract,white chocolate"
YDYrWWdDyuc,BAKERS SECRET to perfect Lemon Crinkle Cookies!,The Scran Line,https://www.youtube.com/watch?v=YDYrWWdDyuc,44437,1099,20220809,recipe_page,https://thescranline.com/lemon-crinkle-cookies/,225 g all-purpose flour (plain flour) | 1 tsp baking powder | 1/4 tsp salt | 160 g caster sugar (superfine sugar) | 1  lemon (zested and juiced) | 85 g unsalted butter (melted and cooled) | 7 g vanilla extract | 2  large eggs (room temperature (55g each)) | 100 g caster sugar (superfine sugar) | 75 g powdered sugar (icing sugar),"all-purpose flour,baking powder,butter,egg,granulated sugar,powdered sugar,salt,vanilla extract"
jzfMVoRqMBs,Quick & Easy Small Batch Chocolate Chip Cookies - Ready in No Time!,One Dish Kitchen,https://www.youtube.com/watch?v=jzfMVoRqMBs,44396,1001,20231027,description,,"4 tablespoons butter , softened | 3 tablespoons brown sugar | 2 tablespoons granulated sugar | 1 large egg yolk | ½ teaspoon vanilla extract | ½ cup all-purpose flour | ¼ teaspoon baking soda | ¼ teaspoon cornstarch | ⅛ teaspoon salt | ½ cup semi-sweet chocolate chips","all-purpose flour,baking soda,brown sugar,butter,chocolate chips,cornstarch,egg,granulated sugar,salt,vanilla extract"
RubJ8JsIkX0,S'mores Cookie Recipe,Recipes by Carina,https://www.youtube.com/watch?v=RubJ8JsIkX0,44231,1127,20191125,description,,113g / ½ Cup / 1 Stick Butter | 130g / ⅔ Cup Brown Sugar | 65g / ⅓ Cup White Sugar | 1 Egg | 1 tsp Vanilla | 200g / 1⅔ Cup Flour | 1 tsp Baking Soda | ½ tsp Salt | ½ Cup Mini Marshmallows | 125g / 4oz Dark Chocolate | ½ Cup Graham Crackers / Digestive Biscuits,"all-purpose flour,baking soda,brown sugar,butter,chocolate chips,egg,granulated sugar,salt,vanilla extract"
qhdNzr92Bl0,Easy Lemon Cookies (Buttery & Lightly Crispy!),Pastry Living with Aya,https://www.youtube.com/watch?v=qhdNzr92Bl0,43840,1297,20240522,recipe_page,https://pastryliving.com/lemon-shortbread-cookies/,226 g Unsalted butter | 90 g Powdered sugar | 1/2 teaspoon Salt | 1 lemon Lemon zest | 10 g Lemon juice | 290 g All-purpose flour | 25 g Cornstarch,"all-purpose flour,butter,cornstarch,powdered sugar,salt"
QVlCYStM7f8,SECRETLY Vegan Chocolate Chip Cookies | Gluten Free!,The Banana Diaries,https://www.youtube.com/watch?v=QVlCYStM7f8,42826,925,20220218,recipe_page,https://thebananadiaries.com/simple-vegan-chocolate-chip-cookies/,"2 1/4 cups (280 g) all purpose flour or gluten free 1:1 baking flour , sifted and spoon & leveled* | 1 tbsp cornstarch or arrowroot starch | 1/2 tsp baking soda | 1/4 tsp sea salt | 2/3 cup (150 g) salted vegan butter, melted and cooled to room temperature | 2/3  cup (135 g) light brown sugar | 1/2 cup (100 g) organic granulated sugar | 1/3 cup (85 g) dairy free yogurt or unsweetened applesauce, room temperature | 1 tbsp vanilla extract | 1 cup (170 g) vegan chocolate chips* (semi-sweet or your choice!)","all-purpose flour,baking soda,brown sugar,butter,chocolate chips,cornstarch,flaky sea salt,granulated sugar,vanilla extract"
ogJeLou4AgE,Brown Butter Sea Salt Cookie Recipe,Chef Tips,https://www.youtube.com/watch?v=ogJeLou4AgE,42807,643,20130322,recipe_page,https://cookingsessions.com/brown-butter-sea-salt-cookie-recipe/,12 Tablespoons unsalted butter ((6 ounces)) | 1/2 cup light brown sugar (firmly packed) | 1 1/2 teaspoons vanilla | 1 1/2 cups whole wheat pastry flour (I used Bob's Red Mill Whole Wheat Pastry Flour) | 1 teaspoon baking soda | 1/8 teaspoon sea salt | Hawaiian red sea salt (finely ground),"all-purpose flour,baking soda,brown sugar,butter,flaky sea salt,vanilla extract"
MWsWlX8tDyU,NYC Red Velvet Cookie,Savor Easy,https://www.youtube.com/watch?v=MWsWlX8tDyU,42654,997,20250326,description,,1 cup butter (220g) unsalted (cold) | 3/4 cup brown sugar (150g) | 1/2 cup sugar (100g) | 1 large egg (55 to 65g) | 2 tsp red food dye (10ml) | 1 tsp vanilla (5ml) | 2 tbsp pure cocoa powder (15g) unsweetened (good quality) | 2 & ½ cups all purpose flour (312g) | 1 tsp baking soda (4g) | 1 tsp baking powder (4g) | 1/2 tsp salt (3g) | 1 cup white chocolate (with nuts) 150g | 1 cup milk chocolate (150g),"all-purpose flour,baking powder,baking soda,brown sugar,butter,chocolate chips,cocoa powder,egg,granulated sugar,salt,vanilla extract,white chocolate"
vg7Y3lNl7fo,S'mores Cookies: A Camp Fire Favorite Turned into a Cookie,Sugar Spun Run,https://www.youtube.com/watch?v=vg7Y3lNl7fo,42633,1319,20220721,description,,"1 cup unsalted butter, softened (226g) | ¾ cup granulated sugar (150g) | ¾ cup light brown sugar, firmly packed (150g) | 2 large eggs | ½ teaspoon vanilla extract | 2 ⅓ cups all-purpose flour (290g) | 1 ¼ cups graham cracker crumbs (125g) | 2 teaspoons cornstarch | 1 teaspoon baking powder | ½ teaspoon baking soda | ½ teaspoon table salt | 2 cups mini marshmallows, divided (80g, divided), see note | 1 cup milk chocolate chips (170g) | 5-6 oz coarsely chopped milk chocolate bars (140-170g)","all-purpose flour,baking powder,baking soda,brown sugar,butter,chocolate chips,cornstarch,egg,granulated sugar,salt,vanilla extract"
ZEIyBOc603A,How to Make Coconut Cookies,Sugar Spun Run,https://www.youtube.com/watch?v=ZEIyBOc603A,42415,1083,20200406,description,,1 cup butter room temperature 216g | 1 cup brown sugar tightly packed 200g | 1/2 cup sugar 100g | 2 large eggs | 1 1/2 teaspoon vanilla extract | 1/2 teaspoon coconut extract | 2 1/4 cups all-purpose flour 250g | 2 teaspoons cornstarch cornflour in UK | 1 teaspoon baking soda | 3/4 teaspoon salt | 3 1/2 cups unsweetened coconut flakes* divided | 10 oz dark chocolate melting wafers** optional (285g),"all-purpose flour,baking soda,brown sugar,butter,chocolate chips,cornstarch,egg,granulated sugar,salt,vanilla extract"
TrD7IjSsGHc,The Best Snickerdoodle Cookies Recipe,The Cooking Foodie,https://www.youtube.com/watch?v=TrD7IjSsGHc,42384,877,20241113,description,,"1 teaspoon Baking soda | 1 teaspoon Cinnamon | 1/2 teaspoon Salt | 1 cup (230g) Unsalted butter, room temperature | 1 cup (200g) Sugar | 2 Egg, large | 2 teaspoons Vanilla extract | 1/3 cup (67g) Sugar | 2 teaspoons Ground cinnamon","baking soda,butter,cinnamon,egg,granulated sugar,salt,vanilla extract"
jzYQPSXc8y4,THE BEST VEGAN SUGAR COOKIES RECIPE EVER - No vegan butter - One Bowl - Quick & Easy,The Vegan Twins,https://www.youtube.com/watch?v=jzYQPSXc8y4,41953,966,20181217,description,,- 2/3 Cup Organic Brown Sugar | - ¼ Cup + 2 Tbsp Organic Cane Sugar (Converts to: 6 Tbsp) | - 1 ½ tsp Pure Vanilla Extract | - 3 Tbsp Aquafaba (The liquid from a can of chickpeas/garbanzo beans) | - 1 1/3 Cup All-Purpose Flour | - ½ tsp Sea Salt | - ½ tsp Baking Soda | - ¾ tsp Baking Powder,"all-purpose flour,baking powder,baking soda,brown sugar,flaky sea salt,granulated sugar,vanilla extract"
GRtobaCDRY4,3-Ingredient Butter Cookies That Melt in Your Mouth,Baking Bestie Karina,https://www.youtube.com/watch?v=GRtobaCDRY4,41843,656,20260728,description,,"220 g unsalted butter, softened (about 1 cup) | 60 g powdered sugar (about ½ cup) | 250 g all-purpose flour, sifted (about 2 cups)","all-purpose flour,butter,powdered sugar"
mLrnzVzZm6U,Chewy and Buttery Cookies Loaded with White Chocolate!,Sugar Spun Run,https://www.youtube.com/watch?v=mLrnzVzZm6U,41817,1214,20230724,description,,"1 cup unsalted butter, softened (226g) | 1 ¼ cup light brown sugar, firmly packed (250g) | ½ cup granulated sugar (100g) | 1 large egg + 1 large egg yolk (room temperature preferred) | 1 ½ teaspoon vanilla extract | 2 ¾ cups all-purpose flour (350g) | 2 teaspoons cornstarch | 1 teaspoon baking soda | ¾ teaspoon salt | 1 ¾ cups white chocolate chips, plus additional for topping (optional) (300g + additional)","all-purpose flour,baking soda,brown sugar,butter,cornstarch,egg,granulated sugar,salt,vanilla extract,white chocolate"
_ELYxef74FI,Soft Strawberry Cheesecake Matcha Cookies 🍓 Bake With Me,a little calm,https://www.youtube.com/watch?v=_ELYxef74FI,41562,1830,20250418,description,,8oz softened cream cheese | 1/3 cup strawberry jam (I used Smuckers) | 1 tbsp sugar (you can add more or less) | 1/2 cup (110g) melted butter (either salted or unsalted) | 1 cup (200g) sugar | 1 egg | 1 tsp vanilla extract | 1 and 2/3 cup (200g) all-purpose flour | 1/2 tsp baking soda | 1/2 tsp baking powder | 1/2 tsp salt,"all-purpose flour,baking powder,baking soda,butter,egg,granulated sugar,salt,vanilla extract"
7nKsUs_HswE,Pumpkin Spice S'mores Cookies Recipe with Toasted Meringue Topping | Cupcake Jemma,CupcakeJemma,https://www.youtube.com/watch?v=7nKsUs_HswE,41377,1985,20221110,description,,"220g burnt butter, liquid and cooled | 280g soft light brown sugar | 1 egg yolk | 1 tsp vanilla | 80g pumpkin purée | 280g plain flour | 1 tsp bicarbonate of soda | ½ tsp baking powder | ½ tsp salt | 1 ½ tsp cinnamon | ½ tsp ground ginger | ½ grated nutmeg | 10-12 small pieces of dark chocolate | 220g caster sugar | 20g glucose | 75g water | 60g egg white | ½ tsp vanilla | 100-150g melted dark chocolate","all-purpose flour,baking powder,baking soda,brown sugar,butter,chocolate chips,cinnamon,egg,ginger,granulated sugar,nutmeg,salt,vanilla extract"
ONiCo3kWQA4,Matcha Checkerboard Cookies 🏁 step-by-step cozy baking at home,teak & thyme,https://www.youtube.com/watch?v=ONiCo3kWQA4,40962,1604,20251214,description,,"▢ 300 g all-purpose flour | ▢ ½ teaspoon salt | ▢ 230 g unsalted butter, softened to room temperature | ▢ 100 g granulated sugar | ▢ 1 large egg yolk | ▢ 1 tablespoon vanilla extract | ▢ 1 tablespoon matcha powder, ceremonial-grade | ▢ 1 large egg white","all-purpose flour,butter,egg,granulated sugar,salt,vanilla extract"
WVDMj48FG78,Christmas Cookies | How To Make Red Velvet Cookies #MrMakeItHappen,Mr. Make It Happen,https://www.youtube.com/watch?v=WVDMj48FG78,40815,1990,20211223,description,,"¾ cup butter, melted | 4 ounces cream cheese, room temperature | 1 cup granulated white sugar | 1 cup light brown sugar, packed | 2 teaspoons pure vanilla extract | 1 large egg | 1 large egg yolk | 1 - 1 ½ tablespoon red food coloring | 2 ⅔ cups all-purpose flour | ¼ cup unsweetened cocoa powder | 1 teaspoon baking soda | 1 teaspoon kosher salt | 2 cups white chocolate baking chips, divided","all-purpose flour,baking soda,brown sugar,butter,cocoa powder,egg,granulated sugar,salt,vanilla extract,white chocolate"
33r4sixGObI,Chocolate Thumbprint Cookies Recipe,The Cooking Foodie,https://www.youtube.com/watch?v=33r4sixGObI,39274,1292,20231127,description,,"1 Egg | 1 egg yolk | 3/4 cup (150g) Sugar | 1/2 cup + 1 tbsp (135ml) Oil | 1 teaspoon Vanilla extract | 2 cups (250g) Flour | 1 teaspoon Baking powder | 1/4 teaspoon Salt | 1 Egg white | 100g Crushed hazelnuts, roasted | 100g Dark chocolate/ milk chocolate","all-purpose flour,baking powder,chocolate chips,egg,granulated sugar,nuts,oil,salt,vanilla extract"
gJNhwWYBk-s,Softest Sugar Cookies ♡ Bake With Me,a little calm,https://www.youtube.com/watch?v=gJNhwWYBk-s,39124,2008,20260211,description,,1/2 cup (113g) softened butter (unsalted) | 1 cup (120g) powdered sugar | 1 large egg | 1/4 cup (56g) vegetable oil | 1 tbsp vanilla extract | 2 cups (240g) all-purpose flour | 3/4 tsp baking powder | 1/2 tsp baking soda | 1/2 tsp salt | 1/2 cup sprinkles | 1/2 cup (100g) granulated sugar (for rolling),"all-purpose flour,baking powder,baking soda,butter,egg,granulated sugar,oil,powdered sugar,salt,vanilla extract"
hrR0S1U8pPw,Soft Ginger Cookies Recipe,Cooking with Shirani,https://www.youtube.com/watch?v=hrR0S1U8pPw,39046,722,20181019,description,,1/3 cup shortening | 1/2 cup white sugar | 1 egg | 1/2 cup molasses | 1/3 cup water | 2 cups all purpose flour | 2 tbs grated fresh ginger | 1/2 tsp salt | 1/2 tsp baking soda | 1/2 tsp ground nutmeg | 1/2 tsp ground cloves | 1/2 tsp ground cinnamon,"all-purpose flour,baking soda,cinnamon,cloves,egg,ginger,granulated sugar,molasses,nutmeg,salt"
yhtp9YAkgdM,Oatmeal Cookies | Gluten Free | How Tasty Channel,How Tasty,https://www.youtube.com/watch?v=yhtp9YAkgdM,38940,836,20220902,recipe_page,https://www.how-tasty.com/oatmeal-cookies-gluten-free/,110 g (1/2 cup) unsalted butter (room temperature) | 40 g (2 tbsp) honey | 50 g (1/4 cup) brown sugar (or white sugar) | 1 tsp  vanilla paste (or vanilla extract) | 1 (45 g) small egg (room temperature) | 190 g (1+1/2 cups) old fashioned rolled oats | 4 g  (1 tsp) baking powder | 1/4 tsp  salt | 55 g (1/2 cup) old fashioned rolled oats (you are going to use them whole without grind them) | 70 g (1/2 cup) raisins,"baking powder,brown sugar,butter,egg,honey,oats,raisins,salt,vanilla extract"
z_p3Nw39T3g,Italian Lemon Twist Cookies! | Day 3 of 12 Days of Christmas Cookies!!,Just Add More Butter,https://www.youtube.com/watch?v=z_p3Nw39T3g,38497,766,20221203,description,,6 eggs | 1 cup sugar | 1 cup vegetable oil | 1 tsp vanilla extract | 6 tsp baking powder | 5 cups all-purpose flour | 1 cup powdered sugar,"all-purpose flour,baking powder,egg,granulated sugar,oil,powdered sugar,vanilla extract"
QuXtb8mijtM,CRUMBL Sugar Cookies,Chef Meow,https://www.youtube.com/watch?v=QuXtb8mijtM,38336,1263,20230110,description,,"1/2 cup butter, room temperature | 1/2 cup granulated sugar | 1 large egg | 2 tsp vanilla extract | 1 1/2 cups all-purpose flour | 1 tsp baking powder | 1/4 cup butter | 1 cup powdered sugar | 1 tsp almond extract | 2 tbsp milk","all-purpose flour,baking powder,butter,egg,granulated sugar,milk,nuts,powdered sugar,vanilla extract"
sA2t7OBl18Q,White Chocolate Chip Cranberry Macadamia Cookies - Honeysuckle,Honeysuckle,https://www.youtube.com/watch?v=sA2t7OBl18Q,37984,1231,20141221,description,,- ½ cup melted butter | - ½ cup brown sugar | - ⅓ cup granulated sugar | - 1 egg | - 1 tsp vanilla extract | - ¼ tsp nutmeg | - ½ tsp salt | - ½ tsp of baking soda | - 1 ½ cup flour | - 1 cup white chocolate chips | - ½ cup cranberries | - ½ cup chopped macadamia nuts,"all-purpose flour,baking soda,brown sugar,butter,egg,granulated sugar,macadamia nuts,nutmeg,salt,vanilla extract,white chocolate"
6kNAaV5p5ek,Authentic Chinese Almond Cookies Recipe,Tasty Dumpling Living,https://www.youtube.com/watch?v=6kNAaV5p5ek,37581,652,20220303,description,,"• 1 cup butter, softened | • 1 cup sugar | • 1 large egg, room temperature | • 1 teaspoon almond extract | • 3 cups all-purpose flour | • 1 teaspoon baking soda | • 1/2 teaspoon salt | • 1/4 cup sliced almonds | • 1 large egg white | • 1/2 teaspoon water","all-purpose flour,baking soda,butter,egg,granulated sugar,nuts,salt"
PV63cBkQzJk,Soft Brown Butter Oatmeal Chocolate Chip Cookies ♡ Bake With Me,a little calm,https://www.youtube.com/watch?v=PV63cBkQzJk,37437,1789,20250716,description,,1 cup (227g) brown butter (slightly cooled) | 1 and 1/4 cup (250g) brown sugar | 2 eggs | 1 tbsp (15ml) vanilla extract | 2 cups (240g) all-purpose flour | 2 cups (160g) rolled oats | 1/2 cup (40g) shredded sweetened coconut | 1 tsp baking soda | 1/2 tsp salt | 2 cups (340g) chocolate chips,"all-purpose flour,baking soda,brown sugar,butter,chocolate chips,egg,oats,salt,vanilla extract"
QiyNO3CTqa4,"Almond Tahini Cookies (Oil-Free, GF & Vegan)",Tasty Thrifty Timely,https://www.youtube.com/watch?v=QiyNO3CTqa4,37281,2092,20250427,description,,"⅓ cup cane sugar (67 g, for a sweeter cookie increase sugar to ½ cup or 100g) | 1 lemon zested + 1 tbsp lemon juice | 2 cups almond flour (190 g, spooned & levelled) | ½ tsp baking soda | ⅛ tsp sea salt | 3 tbsp tahini | ¼ cup non-dairy milk (59 ml) | 2 tsp baking powder (ensure gluten-free if needed) | ½ tsp pure almond extract | ⅓ cup sliced almonds (48 g) | 1 tbsp organic powdered sugar, optional","baking powder,baking soda,flaky sea salt,granulated sugar,milk,nuts,powdered sugar"
1_Y474X7G5k,Easy Thumbprint Cookie Recipe | Christmas Cookies!,Tatyana's Everyday Food,https://www.youtube.com/watch?v=1_Y474X7G5k,36734,655,20241213,recipe_page,https://tatyanaseverydayfood.com/thumbprint-cookies-recipe/,2 cups unsalted butter (softened at room temp) | 1/2 cup white granulated sugar | 1/2 cup packed light brown sugar | 2 large  eggs | 2 tsp vanilla extract | 1/2 tsp sea salt | 5 cups all-purpose flour | 1 1/4 cups fruit/berry preserves or jam | 1 1/2 cups finely chopped nuts | Raspberry jam filling with finely diced salted pistachios | Apricot jam filling with finely diced roasted almonds | Blueberry jam with lemon zest added to the dough | Cranberry sauce/jam with finely diced pecans | Nutella hazelnut spread with finely chopped hazelnuts | Chocolate kisses in place of jam,"all-purpose flour,brown sugar,butter,egg,flaky sea salt,granulated sugar,nuts,salt,vanilla extract"
Vx2PVWAVAEc,"Red Velvet Cookies | Simple, Easy, Delicious",Neurotic Mom Bakes,https://www.youtube.com/watch?v=Vx2PVWAVAEc,36425,828,20220224,description,,1 cup cold unsalted butter (226 g) | 1 1/2 cups granulated sugar (300 g) | 2 eggs cold | 1 teaspoon vanilla (5 g) | 1-2 teaspoons red food gel | 1/4 cup cocoa powder (21 g) | 1 teaspoon baking soda (6 g) | 1/2 teaspoon salt (2.5 g) | 2 Tablespoons cornstarch (14 g) | 2 3/4 cups AP flour (330 g) | 2 cups white chocolate chips | 1 cup milk or dark chocolate chips,"all-purpose flour,baking soda,butter,chocolate chips,cocoa powder,cornstarch,egg,granulated sugar,salt,vanilla extract,white chocolate"
qOgFpkrKrAw,Soft Strawberry Cheesecake Stuffed Sugar Cookies ♡ Bake With Me,a little calm,https://www.youtube.com/watch?v=qOgFpkrKrAw,36317,1995,20250619,description,,4oz softened cream cheese | 1/4 cup strawberry jam (I used Bonne Maman) | 1 tsp vanilla extract | 1 tbsp sugar | 1/2 cup (113g) softened butter | 1 cup (120g) powdered sugar | 1 egg | 1 tbsp (21g) vanilla extract | 1/4 cup (56ml) vegetable oil (you can also use canola oil) | 2 cups (240g) all-purpose flour | 3/4 tsp baking powder | 1/2 tsp baking soda | 1/2 tsp salt,"all-purpose flour,baking powder,baking soda,butter,egg,granulated sugar,oil,powdered sugar,salt,vanilla extract"
lIksaxgAdyw,Fluffy Biscoff S'more Chocolate Chip Cookies ♡ Bake With Me,a little calm,https://www.youtube.com/watch?v=lIksaxgAdyw,36258,1504,20260703,description,,1 and 1/2 cups (320g) brown sugar | 1/4 cup (50g) granulated sugar | 1 cup (227g) melted butter (unsalted) | 2 eggs | 2 tsp vanilla | 2 tbsp milk (or cream) | 1/3 cup (85g) biscoff cookie butter | 3 cups (375g) all-purpose flour | 1 tsp salt | 1 tsp baking soda | 1/2 tsp baking powder | 2 tsp cornstarch | 1/2 cup (85g) white chocolate chips | 1/2 cup (85g) semi-sweet chocolate chips | 5 full graham cracker sheets (use half of one sheet per cookie) | 1 milk chocolate bar | 10 jumbo marshmallows | 2 tbsp melted biscoff cookie butter | 5 biscoff cookies (half per cookie),"all-purpose flour,baking powder,baking soda,brown sugar,butter,chocolate chips,cornstarch,egg,granulated sugar,milk,salt,vanilla extract,white chocolate"
jg9bKmXYKNg,How To Make Melt In Your Mouth CRISPY BUTTER COOKIES!,Cooking At Pam's Place,https://www.youtube.com/watch?v=jg9bKmXYKNg,35961,1429,20191015,description,,1 cup butter room temperature | 1 cup confectioners sugar | 1 teaspoon vanilla extract | 2 cups all purpose flour | 1 tablespoon milk,"all-purpose flour,butter,milk,powdered sugar,vanilla extract"
lHUeomPs5vY,"PERFECT Butterscotch Crinkle Cookies! Soft, Chewy & Yummy | Happy Baking with Erin Jeanne McDowell",Erin Jeanne McDowell,https://www.youtube.com/watch?v=lHUeomPs5vY,35917,2166,20241214,description,,"50 g / ¼ cup granulated sugar | 40 g / 3 packed tablespoons dark brown sugar | 300 g / 2 ½ cups all purpose flour | 12 g / 2 teaspoons baking soda | 6 g / 2 teaspoons cream of tartar | 2 g / ½ teaspoon fine sea salt | 226 g / 8 ounces (1 cup) unsalted butter, at room temperature | 265 g / 1 ¼ packed cups dark brown sugar | 150 g / ¾ cup granulated sugar | 56 g / 1 large egg, at room temperature | 5 g / 1 teaspoon vanilla bean paste or 7 g / 1 ½ teaspoons vanilla extract | 1 g / ⅛ teaspoon almond extract (optional - see Note)","all-purpose flour,baking soda,brown sugar,butter,cream of tartar,egg,flaky sea salt,granulated sugar,nuts,vanilla extract"
HjUV_N8Sbo0,How to Make Keto Lemon Cookies The EASY WAY!,Keto Connect,https://www.youtube.com/watch?v=HjUV_N8Sbo0,35840,2275,20200813,recipe_page,https://www.ketoconnect.net/keto-lemon-cookies/,"1 cup almond flour | 1/3 cup coconut flour | 1 tsp baking powder | 1/8 tsp pink himalayan salt | 4 tbsp butter, softened | 1/4 cup Low Carb Sugar Substitute | 1 large egg | 4 tsp lemon juice | 1 tsp lemon zest | 8-10  drops liquid stevia | 1/2 cup Low Carb Sugar Substitute | 1-2 tbsp lemon juice","all-purpose flour,baking powder,butter,egg,granulated sugar,nuts,salt"
CvemlPvZNTw,Red Velvet Chocolate Chip Cookies | Sally's Baking,Sally's Baking Recipes,https://www.youtube.com/watch?v=CvemlPvZNTw,35729,475,20241206,recipe_page,https://sallysbakingaddiction.com/red-velvet-chocolate-chip-cookies/,"1 and 2/3 cups (210g) all-purpose flour (spooned & leveled) | 1/4 cup (21g) unsweetened natural cocoa powder | 1 teaspoon baking soda | 1/4 teaspoon salt | 1/2 cup (8 Tbsp; 113g) unsalted butter, softened to room temperature | 3/4 cup (150g) packed light or dark brown sugar | 1/4 cup (50g) granulated sugar | 1 large egg, at room temperature | 1 Tablespoon milk (I recommend buttermilk) | 2 teaspoons pure vanilla extract | 3/4 teaspoon gel red food coloring (or alternative)* | 1 cup (180g) white or semi-sweet chocolate chips (plus a few extra for tops)","all-purpose flour,baking soda,brown sugar,butter,chocolate chips,cocoa powder,egg,granulated sugar,salt,vanilla extract"
fYRlBnlmf3w,How to make coconut cookies |   Bakery biscuit recipe #biscuit,easy cooking with das,https://www.youtube.com/watch?v=fYRlBnlmf3w,35405,601,20230926,description,,"250 gm vanaspati ( dalda, butter,Margarine , or ghee) | 125 gm Icing Sugar | 300 gm Flour (maida.) | 50 gm Coconut Powder","all-purpose flour,butter,powdered sugar"
oAbLkMiS2Cc,THE BEST CHEWY OATMEAL RAiSiN COOKIE RECiPE EVER 😊,Just the Bells 10,https://www.youtube.com/watch?v=oAbLkMiS2Cc,35028,2122,20250128,description,,"2 cups of raisins, golden, and black | 2 cups of oats I mix quick cooking and old-fashioned together | 1/2 cup of sugar | 1 1/2 cups of brown sugar | 1 tablespoon of vanilla | 1 tablespoon of molasses | 2 cups of flour | 2 teaspoons of pumpkin pie spice | 1/2 cup of oats","all-purpose flour,brown sugar,granulated sugar,molasses,oats,raisins,vanilla extract"
C2_GITDKV00,The Best Amaretti Cookies: A Italian Almond Christmas Cookie Recipe,Just One Donna,https://www.youtube.com/watch?v=C2_GITDKV00,34752,,20231206,description,,"3 cups almond flour | 1 cup granulated sugar | 3 large eggs, whites only, at room temperature | 2 teaspoons almond extract","egg,granulated sugar,nuts"
Q5ziLwW8fpU,White Chocolate Macadamia Nut Cookies | Easy & Delicious Holiday Baking,The Domestic Geek,https://www.youtube.com/watch?v=Q5ziLwW8fpU,34508,1615,20211216,recipe_page,https://thedomesticgeek.com/white-chocolate-macadamia-nut-cookies/,"2 1/2 cups all-purpose flour | 1 tsp baking powder | 1/4 tsp salt | 1 cup butter, at room temperature | 1 cup brown sugar, packed | 1/2 cup granulated sugar | 1 large egg, at room temperature | 2 tsp vanilla extract | 1 cup white chocolate chips | 1 cup macadamia nuts","all-purpose flour,baking powder,brown sugar,butter,egg,granulated sugar,macadamia nuts,salt,vanilla extract,white chocolate"
OBDqHubV6iQ,Emergency Peanut Butter Cookies | Gluten Free,Kevin Lee Jacobs ,https://www.youtube.com/watch?v=OBDqHubV6iQ,34072,1284,20200211,description,,1 cup smooth peanut butter | 1/2 cup sugar | 1 large egg,"egg,granulated sugar,peanut butter"
jVhqV1f2rJE,Soft and Chewy Peanut Butter Cookies - Just 3 Ingredients,Food How,https://www.youtube.com/watch?v=jVhqV1f2rJE,34031,527,20250505,recipe_page,https://foodhow.com/soft-and-chewy-peanut-butter-cookies-3-ingredients/,1 cup (265g)  smooth peanut butter | 1 cup (200g) packed brown sugar | 1  egg,"brown sugar,egg,peanut butter"
9AwVYhIXzXE,Chocolate Crinkle Cookies that are like Biting into a Brownie,Sugar Spun Run,https://www.youtube.com/watch?v=9AwVYhIXzXE,33722,1394,20241205,description,,12 Tablespoons (170 g) unsalted butter softened | 1 ½ cups (300 g) sugar | ½ cup (100 g) light or dark brown sugar tightly packed | 4 large eggs | 2 teaspoons vanilla extract | 2 ½ cups (313 g) all-purpose flour | 1 cup (100 g) natural cocoa powder | 1 Tablespoon baking powder | ¾ teaspoon salt | 1 cup mini chocolate chips | 1 cup (125 g) powdered sugar for rolling,"all-purpose flour,baking powder,brown sugar,butter,chocolate chips,cocoa powder,egg,granulated sugar,powdered sugar,salt,vanilla extract"
mrLxtfbJ1RY,How To Make White Chocolate Chip Macadamia Nut Cookies,Sugar Spun Run,https://www.youtube.com/watch?v=mrLxtfbJ1RY,33507,791,20200123,description,,1 cup unsalted butter 226g | 1 cup brown sugar 200g | 2/3 cup white sugar 135g | 2 large eggs room temperature preferred | 1 ½ teaspoon vanilla extract | 2 3/4 cups all-purpose flour 340g | 1 Tablespoon cornstarch cornflour in UK | 1 teaspoon baking powder | 1 teaspoon baking soda | 3/4 teaspoon salt | 1 cups premium white chocolate chips 170g | 1 cup Macadamia nut pieces 110g,"all-purpose flour,baking powder,baking soda,brown sugar,butter,cornstarch,egg,granulated sugar,macadamia nuts,salt,vanilla extract,white chocolate"
N0f7uhMGn54,Melt-In-Your-Mouth Italian Lemon / Limoncello Amaretti - Almond Cookies (e87),Nonna Mia!,https://www.youtube.com/watch?v=N0f7uhMGn54,33437,1078,20210709,description,,- 4 cups of almond flour (about a pound) | - 1 cup of granulated sugar | - 3 egg whites | - 1 tsp of baking powder,"baking powder,egg,granulated sugar,nuts"
q5VXaGTOFqY,Extra Crackly CHOCOLATE CRINKLE COOKIES,sheldo's kitchen,https://www.youtube.com/watch?v=q5VXaGTOFqY,33434,1700,20211215,description,,- 300g (1 1/2 cup + 2 tbsp) semisweet chocolate chips | - 6 tbsp (84g) unsalted butter | - 1 1/4 cup (225g) dark brown sugar | - 4 large eggs | - 1 tsp vanilla extract | - 4 tsp instant coffee | - 1 1/2 tsp baking powder | - 1/2 tsp baking soda | - 1 tsp salt | - 2/3 cup (80g) cocoa powder (natural or Dutch process) | - 1 1/3 cup (187g) all-purpose flour | - 1/2 cup granulated sugar | - 1/2 cup powdered sugar,"all-purpose flour,baking powder,baking soda,brown sugar,butter,chocolate chips,cocoa powder,egg,granulated sugar,powdered sugar,salt,vanilla extract"
N-w0hC88Tho,4 Ingredient Chocolate Crinkle Cookies - Cake Mix Cookies Recipe,Super Easy Recipes,https://www.youtube.com/watch?v=N-w0hC88Tho,33404,426,20210327,recipe_page,https://www.livingonadime.com/cake-mix-cookies-recipe/,"1 pkg. cake mix (any flavor)½ cup oil2 eggs, slightly beaten",egg
6OMd33dYcXw,Glazed Lemon Knot Cookies - Mary'sKitchenMtl,Mary'sKitchenMtl,https://www.youtube.com/watch?v=6OMd33dYcXw,33282,783,20210412,description,,• 6 large eggs at room temperature | • 1 cup (200g) granulated sugar | • 1 cup (215ml) sunflower oil or oil of your choice | • 2 teaspoons (10ml) of pure vanilla extract,"egg,granulated sugar,oil,vanilla extract"
Hxa8sl5lZ08,Salted Caramel Chocolate Chip Cookies #GrandbabyCakes,grandbabycakes,https://www.youtube.com/watch?v=Hxa8sl5lZ08,33046,1004,20210602,recipe_page,https://grandbaby-cakes.com/salted-caramel-chocolate-chip-cookies/,2 1/2 cups all-purpose flour | 2 teaspoons cornstarch | 1 teaspoon salt | 1 teaspoon baking powder | 1 teaspoon baking soda | 3/4 cup unsalted butter (room temperature) | ½ cup granulated sugar | 1 ½ cups packed brown sugar | 1 large egg (at room temperature) | 2 large egg yolks (at room temperature) | 1 tablespoon pure vanilla extract | 2 cups semi-sweet chocolate chips | 20  individual wrapped SOFT caramels (make sure they are soft!) | Sea salt (for garnish),"all-purpose flour,baking powder,baking soda,brown sugar,butter,chocolate chips,cornstarch,egg,flaky sea salt,granulated sugar,salt,vanilla extract"
AUuNk0k5tRA,White Chocolate Chip Cranberry Cookies | Sally's Baking,Sally's Baking Recipes,https://www.youtube.com/watch?v=AUuNk0k5tRA,32297,302,20220217,recipe_page,https://sallysbakingaddiction.com/soft-baked-white-chocolate-chip-cranberry-cookies/,"3/4 cup (12 Tbsp; 170g) unsalted butter, softened to room temperature | 3/4 cup (150g) packed light or dark brown sugar (I use dark) | 1/4 cup (50g) granulated sugar | 1 large egg, at room temperature | 2 teaspoons pure vanilla extract | 2 cups (250g) all-purpose flour (spooned & leveled) | 2 teaspoons cornstarch (cornflour) | 1 teaspoon baking soda | 1/2 teaspoon salt | 3/4 cup (135g) white chocolate chips, plus a few extra for garnish | 1 cup (140g) dried cranberries, plus a few extra for garnish","all-purpose flour,baking soda,brown sugar,butter,cornstarch,egg,granulated sugar,salt,vanilla extract,white chocolate"
xaqpecGU1Wk,Chewy Coconut Cookies Recipe,Bake That!,https://www.youtube.com/watch?v=xaqpecGU1Wk,32246,865,20210614,description,,1 1/4 cups all-purpose flour | 1/8 tsp salt | 1/2 cup unsalted butter | 1/2 tsp baking soda | 1/2 cup light brown sugar | 1/2 cup granulated sugar | 1 large egg | 1/2 tsp vanilla extract | 1 1/2 cups shredded sweetened coconut,"all-purpose flour,baking soda,brown sugar,butter,egg,granulated sugar,salt,vanilla extract"
-NFf0tyNhhA,Easy Nutella Stuffed Chocolate Chip Cookies,Sugar Geek Show,https://www.youtube.com/watch?v=-NFf0tyNhhA,32111,991,20211118,description,,"8 ounces (227 g) unsalted butter softened, but not melted (2 cups) | 5.25 ounces (150 g) brown sugar (3/4 cup) | 5.25 ounces (150 g) white sugar (3/4 cup) | 12.5 ounces (354 g) all-purpose flour (2 1/2 cups) | 1 teaspoon salt | 1.5 teaspoons baking soda | 2 large cold eggs | 1 teaspoon vanilla extract | 6 ounces (170 g) semi-sweet chocolate chips | 6 ounces (170 g) hazelnut spread (Nutella) (1 cup)","all-purpose flour,baking soda,brown sugar,butter,chocolate chips,egg,granulated sugar,nuts,salt,vanilla extract"
yiRcSRDXPpY,Ree Drummond's S'mores Cookies | The Pioneer Woman | Food Network,Food Network,https://www.youtube.com/watch?v=yiRcSRDXPpY,31973,687,20221124,description,,"1 cup salted butter, melted | 1 cup sugar | 1/2 cup honey | 1 tablespoon vanilla extract | 1 large egg, beaten | 2 1/2 cups all-purpose flour | 1/2 cup graham crumbs | 1 tablespoon kosher salt | 1 teaspoon baking powder | 1/2 teaspoon baking soda | 1 cup milk chocolate chips | 1 cup mini marshmallows | 2 milk chocolate bar | 6 large marshmallows, halved","all-purpose flour,baking powder,baking soda,butter,chocolate chips,egg,granulated sugar,honey,salt,vanilla extract"
fB7THSIkkn0,The Cookies I Can't Stop Making and People Won't Believe You Made!,Andrew Bernard | The Nard Dog Cooks,https://www.youtube.com/watch?v=fB7THSIkkn0,31958,2976,20260809,recipe_page,https://makeitdairyfree.com/vegan-lemon-blueberry-cookies/,"1 cup fresh blueberries ((150g)) | 1 tablespoon granulated sugar ((12g)) | 1 teaspoon lemon juice | 1 teaspoon cornstarch ((3g)) | 1 teaspoon water | ¼ cup granulated sugar ((50g)) | ¾ cup vegan butter, (cool and softened (170g)) | ¾ cup light brown sugar ((150g)) | ½ cup granulated sugar ((100g)) | ¼ cup vegan yogurt ((60g)) | 1 tablespoon fresh lemon juice | 1 teaspoon vanilla extract | 1/2 teaspoon almond extract | 3 cups all-purpose flour ((360g)) | 2 tablespoons cornstarch ((16g)) | 3/4 teaspoon baking powder | 1/4 teaspoon baking soda | ¾ teaspoon salt | ¾ cup fresh blueberries ((110-115g)) | zest of 1 lemon | zest of 2 lemons","all-purpose flour,baking powder,baking soda,brown sugar,butter,cornstarch,granulated sugar,nuts,salt,vanilla extract"
C56rkyL5qaI,Why BROWN BUTTER is the ultimate flavor cheat code (& how to bake with it),Sugarologie,https://www.youtube.com/watch?v=C56rkyL5qaI,31940,1912,20241118,recipe_page,https://cooking.nytimes.com/recipes/2868-jordan-marshs-blueberry-muffins,"½ cup softened butter | 1 ¼ cups sugar | 2 eggs | 1 teaspoon vanilla extract | 2 cups flour | ½ teaspoon salt | 2 teaspoons baking powder | ½ cup milk | 2 cups blueberries, washed, drained and picked over | 3 teaspoons sugar","all-purpose flour,baking powder,butter,egg,granulated sugar,milk,salt,vanilla extract"
toZGEK9SFuw,Easy Sugar Cookie ICING Recipe WITHOUT CORN SYRUP (No Meringue Powder Used!),No Frills Kitchen,https://www.youtube.com/watch?v=toZGEK9SFuw,31759,250,20231210,recipe_page,https://nofrillskitchen.com/sugar-cookie-icing-without-corn-syrup/,2  egg whites | 350 g icing (powdered) sugar | 2 tsp vanilla extract,"egg,granulated sugar,vanilla extract"
KsaiMZ8iOGU,Butter Cookies ♡ Bake With Me,a little calm,https://www.youtube.com/watch?v=KsaiMZ8iOGU,31742,2142,20251110,description,,"1 cup (227g) softened butter - salted (if using unsalted butter, add 1/4 tsp of salt to the cookie dough) | 3/4 cup (150g) sugar | 1 egg | 2 tsp vanilla extract | 1/2 tsp almond extract (optional) | 2 and 1/4 cups (281g) all-purpose flour | 1-2 tsp milk (only use if your cookie dough is too hard to pipe- I didn't need to use any) | 2 cups (340g) chocolate chips (I used milk chocolate but you can use any kind) | 2 tsp coconut oil (optional)","all-purpose flour,butter,chocolate chips,egg,granulated sugar,milk,nuts,oil,vanilla extract"
x49smCh2DBc,Chewy Espresso Chocolate Chip Cookies ♡ Bake With Me,a little calm,https://www.youtube.com/watch?v=x49smCh2DBc,31591,1262,20250624,description,,1/2 cup (100g) brown sugar (I used light brown sugar) | 1/3 cup (70g) sugar | 1/2 cup (113g) melted and cooled butter | 2 tsp vanilla extract | 1 egg | 1 and 1/3 cup (170g) all-purpose flour | 1/2 tsp baking powder | 1/2 tsp baking soda | 1 tsp salt | 1 tbsp instant espresso powder (I use Nescafe Gold) | 1 cup (170g) milk chocolate chip (or whatever type of chocolate you prefer),"all-purpose flour,baking powder,baking soda,brown sugar,butter,chocolate chips,egg,granulated sugar,salt,vanilla extract"
kjrsWUr0VYs,White Chocolate Cranberry Oatmeal Cookies Recipe,Veronika's Kitchen,https://www.youtube.com/watch?v=kjrsWUr0VYs,31362,539,20200612,recipe_page,https://veronikaskitchen.com/oatmeal-cookies-with-cranberries-and-white-chocolate/,1 1/2 cups all purpose flour | 1/2 teaspoon baking soda | 1/2  teaspoon baking powder | 1 teaspoon cinnamon | 1/4 teaspoon salt | 1 cup unsalted butter (room temperature) | 1/2 cup light brown sugar | 1/4 cup granulated sugar | 2  large eggs (room temperature) | 1 tsp vanilla extract | 3 cups old-fashioned rolled oats | 1 cup dried cranberries | 1 cup white chocolate chips,"all-purpose flour,baking powder,baking soda,brown sugar,butter,cinnamon,egg,granulated sugar,oats,salt,vanilla extract,white chocolate"
BZdIYz1CknA,Red Velvet Cookie & Cream Cookies ♡ Bake With Me,Pinch Of Warmth,https://www.youtube.com/watch?v=BZdIYz1CknA,31109,1214,20260201,description,,"• 200 g unsalted butter — ¾ cup + 2 tbsp, softened | • 50 g brown sugar — ¼ cup | • 100 g granulated sugar — ½ cup | • 2 large eggs — about 100 g | • 2 tsp vanilla extract | • 2 tsp red food colouring | • 1 tsp vinegar | • 300 g all‑purpose flour — about 2⅓ cups | • 18 g cocoa powder — about 3 tbsp | • 2 g salt — ½ tsp | • 6 g baking powder — 1½ tsp | • 3 g cornstarch — 1 tsp | • 1 g baking soda — ¼ tsp | • 150 g semi‑sweet chocolate chips — 1 cup | • 150 g white chocolate chips — 1 cup | • 75 g chopped Oreo — ½ cup","all-purpose flour,baking powder,baking soda,brown sugar,butter,chocolate chips,cocoa powder,cornstarch,egg,granulated sugar,salt,vanilla extract,white chocolate"
cmnvje1zSkA,"Chocolate Chip Cookies Recipe 🍪 Chewy, Soft + Gluten free",Becky Excell,https://www.youtube.com/watch?v=cmnvje1zSkA,31061,793,20190428,description,,100 g caster sugar | 100 g light brown sugar | 1 large egg | 1/2 tsp vanilla extract | 300 g gluten free plain flour | 1/2 tsp salt | 1/2 tsp bicarbonate of soda | 160 g chocolate chips (dairy free if necessary),"all-purpose flour,baking soda,brown sugar,chocolate chips,egg,granulated sugar,salt,vanilla extract"
i-YnGKEP9do,Mikey Madison’s Vegan Chocolate Chip Cookie Recipe Has Me SPEECHLESS,Merle O'Neal,https://www.youtube.com/watch?v=i-YnGKEP9do,30724,2407,20250403,description,,"- 1 cup of sugar ( I used coconut sugar but she mix half brown sugar with regular) | - 1 tablespoon of vanilla extract | -1 Bob's Red Mill Replacement ""egg"" | - 1 tablespoon of cinamon | - 2/3 cup of almond flour | - 2/3 cup of regular flour","all-purpose flour,brown sugar,egg,nuts,vanilla extract"
mCrsKB2y1B4,How To Make THE BEST Healthy Oatmeal Raisin Cookies Recipe | ONLY 100 CALORIES,Joe Duff - The Diet Chef,https://www.youtube.com/watch?v=mCrsKB2y1B4,30585,690,20180327,description,,1 1/2 Cups (120g) Instant Oats | 3/4 Cup (90g) White Whole Wheat Flour | 1 1/2 Scoops (45g) Isopure Unflavored Whey Protein Isolate | 1 1/2 Tsp Baking Powder | 1 1/2 Tsp Cinnamon | 1/8 Tsp Salt | 1/2 Cup (140g) Honey | 2 1/2 Tbsps (30g) Coconut Oil Melted | 1 Large Egg | 1 1/2 Tsp Vanilla Extract | 1/2 Cup (75g) Raisins | 100 Calories | 2.5g Protien | 17g Carbs | 4g Fat,"all-purpose flour,baking powder,cinnamon,egg,honey,oats,oil,raisins,salt,vanilla extract"
-i2sHji5Wfk,Soft Molasses Cookies | Sally's Baking,Sally's Baking Recipes,https://www.youtube.com/watch?v=-i2sHji5Wfk,30061,229,20231219,recipe_page,https://sallysbakingaddiction.com/soft-molasses-cookies/,"2 and 1/4 cups (281g) all-purpose flour (spooned & leveled) | 1 and 1/2 teaspoons baking soda | 2 teaspoons ground ginger | 1 and 1/2 teaspoons ground cinnamon | 1/4 teaspoon ground cloves | 1/4 teaspoon nutmeg | 1/4 teaspoon salt | 3/4 cup (12 Tbsp; 170g) unsalted butter, softened to room temperature | 1/2 cup (100g) packed light or dark brown sugar | 1/4 cup (50g) granulated sugar | 1/3 cup (113g/80ml) unsulphured or dark molasses (do not use blackstrap; I prefer Grandma’s brand) | 1 large egg, at room temperature | 2 teaspoons pure vanilla extract | 1/3 cup (67g) granulated or coarse sugar, for rolling","all-purpose flour,baking soda,brown sugar,butter,cinnamon,cloves,egg,ginger,granulated sugar,molasses,nutmeg,salt,vanilla extract"
EJujy3zLn4E,Salted Caramel Cookies | Eggless Cookies Recipe | How To Make Caramel Sauce | Chef Bhumika,Rajshri Food,https://www.youtube.com/watch?v=EJujy3zLn4E,29735,1051,20220227,description,,3 tbsp (40gms) Caster Sugar | ½ cup (100gms) Butter | 1-2 tbsp (10g) Milk | 3/4th cup (100 gms) All-Purpose Flour | ½ cup (50gms) Almonds (chopped) | 165-degree Celcius | ½ cup (100gms) Caster Sugar | 1/3rd cup (100 gms) Warm Cream | 2 tbsp (20gms) Butter | ½ cup (100gms) Milk Chocolate (melted),"all-purpose flour,butter,chocolate chips,granulated sugar,milk,nuts"
8YLJFN7QKGI,NUTELLA BISCUITS Recipe | Popular Nutella Cookies,Giulia Ardizzone,https://www.youtube.com/watch?v=8YLJFN7QKGI,29518,795,20210107,description,,130 g flour  00 or all-purpose flour (1 cup) | 50 g powdered sugar (1/2 cup) | 1 egg | 40 g butter (3 tbsp) | 50 g hazelnut flour (1/2 cup) | 1 g Vanillin or 1/2 tsp vanilla extract (optional),"all-purpose flour,butter,egg,nuts,powdered sugar,vanilla extract"
GfxQ1yylkcI,I made healthier CHOCOLATE CRINKLE COOKIES for the holidays,How To Cook Smarter,https://www.youtube.com/watch?v=GfxQ1yylkcI,29426,1395,20211205,description,,"1/2 cup ground oats or oat flour (50g) | 1/2 cup spelt flour (65g) | 1 tbsp tapioca starch or cornstarch | 1 tsp baking powder | 1/2 tsp salt | 1/4 cup honey or agave (60ml) | 1/4 cup softened butter (60g) | 1 tsp vanilla extract | 1/4 cup unsweetened applesauce (65g) | 1 egg | 1/2 cup cocoa powder (50g) | 1/4 cup each - powdered sugar and tapioca starch for dusting | 102 calories, fat 5g, carb 13.9g, protein 2.4g","all-purpose flour,baking powder,butter,cocoa powder,cornstarch,egg,honey,powdered sugar,salt,vanilla extract"
ffV-16CC1Ps,Easy Royal Icing Recipe for Cookie Decorating - LOTS OF TIPS!,Sugar High Score,https://www.youtube.com/watch?v=ffV-16CC1Ps,29108,993,20250926,description,,"4 tbsp Meringue Powder (Genie’s Dream is my fave) | ½ cup warm water plus 1 -2 tbsp as needed | 2 lbs Powdered Sugar (plus more for adjusting consistency later) | 2 tsp Vanilla Extract (Watkins clear vanilla for pure white icing, or regular vanilla for more flavor) | 2 tbsp Light Corn Syrup","powdered sugar,vanilla extract"
b5j3DV361N4,Thin and chewy chocolate chip cookies | Easy cookie recipe,Cookie Sheets & Sweets,https://www.youtube.com/watch?v=b5j3DV361N4,29076,800,20210915,description,,2+1/2 cups all purpose flour | 1 teaspoon baking soda | 1/4 teaspoon finely ground sea salt | 1 cup granulated white sugar | 1+1/4 cup packed brown sugar | 1 cup salted butter (melted and cooled slightly) | 2 large eggs (room temperature) | 1 teaspoon vanilla extract | 1/2 cup dark chocolate chunks | 1/2 cup semi sweet chocolate chips,"all-purpose flour,baking soda,brown sugar,butter,chocolate chips,egg,flaky sea salt,granulated sugar,vanilla extract"
cYXlJroViqY,White Chocolate Macadmia Nut Cookies,RecipeTin Eats,https://www.youtube.com/watch?v=cYXlJroViqY,28892,240,20190412,recipe_page,https://www.recipetineats.com/white-chocolate-macadamia-nut-cookies/,"175g / 5.5 oz  butter, unsalted, softened ((11 US tbsp)) | 1/3 cup brown sugar | 1/3 cup white sugar (, caster/superfine best) | 1/8 tsp salt | 2  egg yolks ((Note 6 for using leftover whites)) | 2 tsp vanilla extract/essence | 1 1/2 cups flour (, plain/all purpose) | 1/2 cup rice flour (sub with plain) ((Note 1)) | 1/2 tsp baking powder | 100g / 3.5 oz  macadamias (, roughly chopped (Note 2)) | 125g / 4 oz  white eating chocolate (, chopped into pretty small pieces (not baking chocolate, Note 3))","all-purpose flour,baking powder,brown sugar,butter,egg,granulated sugar,macadamia nuts,salt,vanilla extract"
aQCNweUOqIw,SHORTBREAD COOKIE Walkers Style,Savor Easy,https://www.youtube.com/watch?v=aQCNweUOqIw,28564,1024,20250703,description,,1 cup salted butter (227g) room temp | 1 cup powdered sugar (100g) | 1/2 tbsp vanilla extract (7ml) | 1 cup powdered milk (100g) trust me this makes the shortbread cookie rich and buttery | 2 cups all purpose flour (250g),"all-purpose flour,butter,powdered sugar,vanilla extract"
RtFZvpOX9xI,"Soft, Chewy, Red Velvet Cookies",Sugar Spun Run,https://www.youtube.com/watch?v=RtFZvpOX9xI,28303,800,20210114,description,,3/4 cup unsalted butter softened 170g | 8 oz cream cheese softened (227g) | 1 cup light brown sugar firmly packed 200g | 1 cup granulated sugar 200g | 1 large egg | 1 tsp white vinegar | 1 teaspoon vanilla extract | 2 1/2 cups all-purpose flour¹ 312g | 1 ½ Tablespoons natural cocoa powder | ½ teaspoon baking powder | 3/4 teaspoon salt,"all-purpose flour,baking powder,brown sugar,butter,cocoa powder,egg,granulated sugar,salt,vanilla extract"
9_y8SaHxWdE,The BEST Snickerdoodles Recipe EVER!,Crazy for Crust,https://www.youtube.com/watch?v=9_y8SaHxWdE,28160,526,20200203,description,,3/4 cup unsalted butter softened | 1 cup granulated sugar | 1 large egg | 1 teaspoon baking soda | 1/4 teaspoon salt | 2 teaspoons cream of tartar | 1 teaspoon vanilla extract | 2 cups all-purpose flour | 1/4 cup granulated sugar | 2 teaspoons ground cinnamon,"all-purpose flour,baking soda,butter,cinnamon,cream of tartar,egg,granulated sugar,salt,vanilla extract"
HFOtB4mDaA8,Salted Caramel Chocolate Chip Cookies Recipe,grandbabycakes,https://www.youtube.com/watch?v=HFOtB4mDaA8,28072,364,20170219,recipe_page,http://www.grandbaby-cakes.com/2015/02/salted-caramel-chocolate-chip-cookies/,2 1/2 cups all-purpose flour | 2 teaspoons cornstarch | 1 teaspoon salt | 1 teaspoon baking powder | 1 teaspoon baking soda | 3/4 cup unsalted butter (room temperature) | ½ cup granulated sugar | 1 ½ cups packed brown sugar | 1 large egg (at room temperature) | 2 large egg yolks (at room temperature) | 1 tablespoon pure vanilla extract | 2 cups semi-sweet chocolate chips | 20  individual wrapped SOFT caramels (make sure they are soft!) | Sea salt (for garnish),"all-purpose flour,baking powder,baking soda,brown sugar,butter,chocolate chips,cornstarch,egg,flaky sea salt,granulated sugar,salt,vanilla extract"
-PxAx9e8WwQ,Chewy & Soft Vegan Chocolate Chip Cookies (Better Than Tollhouse!),The Banana Diaries,https://www.youtube.com/watch?v=-PxAx9e8WwQ,27959,834,20250403,recipe_page,https://thebananadiaries.com/simple-vegan-chocolate-chip-cookies/,"2 1/4 cups (280 g) all purpose flour or gluten free 1:1 baking flour , sifted and spoon & leveled* | 1 tbsp cornstarch or arrowroot starch | 1/2 tsp baking soda | 1/4 tsp sea salt | 2/3 cup (150 g) salted vegan butter, melted and cooled to room temperature | 2/3  cup (135 g) light brown sugar | 1/2 cup (100 g) organic granulated sugar | 1/3 cup (85 g) dairy free yogurt or unsweetened applesauce, room temperature | 1 tbsp vanilla extract | 1 cup (170 g) vegan chocolate chips* (semi-sweet or your choice!)","all-purpose flour,baking soda,brown sugar,butter,chocolate chips,cornstarch,flaky sea salt,granulated sugar,vanilla extract"
PvA7FmTJAxY,Chewy Molasses Cookies,Gimme Some Oven,https://www.youtube.com/watch?v=PvA7FmTJAxY,27945,288,20180901,recipe_page,https://www.gimmesomeoven.com/chewy-ginger-molasses-cookies/,1 1/2 cups (340g) unsalted butter (softened to room temperature) | 1 cup (200g) granulated white sugar | 1 cup (213g) packed brown sugar | 1/2 cup (170g) unsulphured molasses | 2  large eggs | 4 1/2 cups (639 grams*) all-purpose flour | 4 teaspoons baking soda | 1 tablespoon ground ginger | 2 teaspoons ground cinnamon | 1 teaspoon ground cloves | 1 teaspoon fine sea salt,"all-purpose flour,baking soda,brown sugar,butter,cinnamon,cloves,egg,flaky sea salt,ginger,granulated sugar,molasses"
JlyYW5GQtjA,"Sablé Cookies 🟡🔺🟫 [Lemon, Coffee & Chocolate] Shortbread Cookies Recipe",Spoonful Passion,https://www.youtube.com/watch?v=JlyYW5GQtjA,27926,797,20210924,description,,*1 cup = 240 ml | *1 tbsp = 15 ml | *1 tsp = 5 ml | 168 g (¾ cup) unsalted butter | 120 g (1 cup) powdered sugar | 3 g (½ tsp) salt | 2 egg yolks (35 g) | 80 g (½ cup + 2 tbsp) cake flour | 30 g (¼ cup) almond flour | 40 g (½ cup) toasted pistachios | 80 g (½ cup + 2 tbsp) cake flour | 30 g (¼ cup) almond flour | 1 g (½ tsp) instant coffee | 5 g (1 tsp) hot water | 50 g (1.8 oz) dark chocolate chips | 64 g (½ cup) cake flour | 30 g (¼ cup) almond flour | 12 g (2 tbsp) cocoa powder | 40 g (½ cup) sliced almonds | 168 g mentega | 120 g gula halus | 3 g garam | 2 kuning telur (35 g) | 80 g tepung terigu protein rendah | 30 g tepung almond | 1 lemon diparut | 40 g kacang pistachio | 80 g tepung terigu protein rendah | 30 g tepung almond | 1 g kopi instan | 5 g air panas | 50 g coklat chip hitam | 64 g tepung terigu protein rendah | 30 g tepung almond | 12 g bubuk coklat | 40 g irisan kacang almond,"all-purpose flour,butter,chocolate chips,cocoa powder,egg,nuts,powdered sugar,salt"
Bjpsd7_CVrg,Perfect Oatmeal Raisin Cookies in under 1 Hour (Start-to-Finish),Crazy for Crust,https://www.youtube.com/watch?v=Bjpsd7_CVrg,27920,533,20250421,description,,"•1 teaspoon ground cinnamon | •1 teaspoon salt | •1 teaspoon baking soda | •1 1/2 cups all-purpose flour | •1 cup unsalted butter softened | •1 1/2 cups packed brown sugar | •2 large eggs | •1 teaspoon vanilla extract | •1 tablespoon orange zest | •3 1/4 cups quick cooking oats | •1 1/2 cups raisins | 1.Note: this dough needs to be chilled. Plan ahead! | 2.In a medium bowl, whisk cinnamon, salt, baking soda, and flour. Set aside. | 3.Cream butter and sugar in the bowl of a stand mixer fitted with the paddle | 4.Gradually mix in dry ingredients until smooth, being careful not to over mix. Add | 5.Scoop 2 tablespoon sized balls of dough and place on a cookie sheet lined with | 8.Store cookies in an airtight container for up to 4 days. They can also be frozen in","all-purpose flour,baking soda,brown sugar,butter,cinnamon,egg,oats,raisins,salt,vanilla extract"
6p1xoM_9-K0,MATCHA SOFT COOKIES Recipe | Crisp outside soft inside matcha flavored with white chocolate cookie,Yeast Mode,https://www.youtube.com/watch?v=6p1xoM_9-K0,27899,438,20240412,description,,1/2 cup unsalted butter (115g) | 1 cup sugar (200g) | 1 whole egg (large) | 1 tsp vanilla extract (5ml) | 2 cups all purpose flour (270g) | 1 tsp baking powder (5g) | 1 tsp baking soda (5g) | 1/2 tsp salt (3g) | 1 tbsp milk powder (8g) | 1 tbsp matcha powder (9g) [may add mount if preferred stronger flavor] | 1 cup chopepd white chocolate (170g) | 1 cup pecan nuts (optional) (100g),"all-purpose flour,baking powder,baking soda,butter,egg,granulated sugar,milk,nuts,salt,vanilla extract,white chocolate"
NG4wFlPre8U,Soft and Chewy Molasses Cookies | Molasses Crinkle Cookies Recipe 🍂,Marie's Kitchen,https://www.youtube.com/watch?v=NG4wFlPre8U,27654,1282,20260914,description,,"• 2 ¼ cups (315 g) all-purpose flour | • 1 Tablespoon cornstarch | • 1 ¼ teaspoon baking soda | • 1 teaspoon ground ginger | • ½ teaspoon ground cinnamon | • ½ teaspoon ground cloves | • ½ teaspoon Kosher salt | • 10 Tablespoons (141 g) unsalted butter, softened | • ½ cup (110 g) dark brown sugar, packed | • ¼ cup (50 g) white granulated sugar | • 1 teaspoon vanilla | • ½ cup (170 g) unsulfured molasses | • 1 large egg | • ½ cup white granulated sugar","all-purpose flour,baking soda,brown sugar,butter,cinnamon,cloves,cornstarch,egg,ginger,granulated sugar,molasses,salt,vanilla extract"
cxdd6AoZ8V8,Thick and Chewy Snickerdoodle Cookies,The Anthony Kitchen,https://www.youtube.com/watch?v=cxdd6AoZ8V8,27630,737,20221204,description,,"⅓ cup + 1 ½ cup granulated sugar, separated | 2 teaspoons ground cinnamon | 2 ¾ cup all-purpose flour | 1 teaspoon baking soda | 1 teaspoon fine sea salt | 1 cup room-temperature unsalted butter | 2 large eggs | 1 tablespoon freshly squeezed lemon juice | 1 teaspoon pure vanilla extract","all-purpose flour,baking soda,butter,cinnamon,egg,flaky sea salt,granulated sugar,vanilla extract"
egUQIaHxIJE,Chewy Single Serve Oatmeal Chocolate Chip Cookie ♡ Bake With Me,a little calm,https://www.youtube.com/watch?v=egUQIaHxIJE,27553,1049,20250617,description,,2 tbsp melted butter (I used salted) | 2 and 1/2 tbsp brown sugar | 1 tbsp sugar | 1/4 tsp vanilla extract | 2 tsp milk | 1/3 cup (42g) all-purpose flour | 2 and 1/2 tbsp quick oats (you can also used rolled oats) | 1/8 tsp salt | 1/8 tsp baking soda | 1/4 tsp cinnamon | 2 tbsp unsweetened shredded coconut | 1/4 cup (40g) chocolate chip or chopped chocolate,"all-purpose flour,baking soda,brown sugar,butter,chocolate chips,cinnamon,granulated sugar,milk,oats,salt,vanilla extract"
vfj4MIQ_aOU,Lemon Cookies Recipe | Lemon Thumbprint Cookies,The Cooking Foodie,https://www.youtube.com/watch?v=vfj4MIQ_aOU,27501,1081,20240914,description,,"1/2 cup (100g) Sugar | 3 Egg yolks, large | 1/4 teaspoon salt | 1/4 cup (60ml) Lemon juice | 1/4 cup (55g) Butter, unsalted | 3/4 cup (150g) Sugar | 1 tablespoon Lemon zest | 1/2 cup (115g) Butter, softened | 2 Eggs, large | 2 tablespoons Lemon juice | 1 teaspoon Vanilla extract | 2 cups + 3 tablespoons (275g) Flour | 1/2 teaspoon Baking powder | 1/4 teaspoon Salt","all-purpose flour,baking powder,butter,egg,granulated sugar,salt,vanilla extract"
GA_wHLW90Ik,Chewy White Chocolate Macadamia Cookies ♡ Bake With Me,a little calm,https://www.youtube.com/watch?v=GA_wHLW90Ik,27458,1450,20260327,description,,1 cup (200g) brown sugar | 3/4 cup (150g) granulated sugar | 1 cup (227g) browned butter | 2 eggs | 2 tsp vanilla | 2 tbsp milk | 2 and 1/4 cups (280g) all-purpose flour | 1 tsp baking soda | 1 tsp baking powder | 1/4 tsp salt | 2 tsp cornstarch | 1 cup (135g) macadamia nuts (roughly chopped) | 1 and 1/2 cups (260g) white chocolate chips,"all-purpose flour,baking powder,baking soda,brown sugar,butter,cornstarch,egg,granulated sugar,macadamia nuts,milk,salt,vanilla extract,white chocolate"
Bmazniutay8,Levain Bakery Inspired Chunky Chocolate Chip Cookies Recipe,Buttermilk Pantry,https://www.youtube.com/watch?v=Bmazniutay8,27449,753,20240719,description,,"* 115g unsalted butter, softened | * 75g light brown sugar | * 50g caster sugar | * 4g fine sea salt (you can reduce to 2-3g, see note above) | * 40g eggs | * 10g vanilla extract | * 7g skim milk powder | * 3g baking powder | * 2g baking soda | * 7g cornstarch | * 110g ap flour | * 60g cake flour | * 100g 70% dark chocolate chips | * 50g walnut, toasted, skinned and chopped","all-purpose flour,baking powder,baking soda,brown sugar,butter,chocolate chips,cornstarch,egg,flaky sea salt,granulated sugar,milk,nuts,vanilla extract"
JXXv3R4-mGE,Cách làm Bánh Quy Marshmallow trong các tiệm cafe | S'mores Cookie Recipe | Lilo Kitchen,Lilo Kitchen,https://www.youtube.com/watch?v=JXXv3R4-mGE,27076,816,20220128,description,,"200g bơ | 85g đường | 85g đường vàng | 2 trứng gà | 350g bột mì đa dụng | 1 tsp bột nở | 1/2 tsp muối nở | 1/4 tsp muối | 1/2 tsp vanilla extract | 60g hạt các loại (óc chó, macca, hạt điều, hạnh nhân, hạt dẻ cười...) | 60g socola đen | 5g bột trà xanh | 60g hạt macca | 60g socola trắng | 8g bột cacao | 60g hạt các loại | 60g socola đen | 6g bột cacao | 60g hạt các loại | 60g socola đen | 200g unsalted butter | 85g sugar | 85g light brown sugar | 2 eggs | 350g all-purpose flour | 1 tsp baking powder | 1/2 tsp baking soda | 1/4 tsp salt | 1/2 tsp vanilla extract | 60g mixed nuts (walnuts, macadamia, cashews, almonds, pistachios...) | 60g dark chocolate | 5g green tea powder | 60g macadamia nuts | 60g white chocolate | 8g cocoa powder | 60g mixed nuts | 60g dark chocolate | 6g cocoa powder | 60g mixed nuts | 60g dark chocolate","all-purpose flour,baking powder,baking soda,brown sugar,butter,chocolate chips,cocoa powder,egg,granulated sugar,macadamia nuts,salt,vanilla extract,white chocolate"
bPjk-h91vuI,Chewy Sugar Cookies with Fluffy Frosting | Happy Baking with Erin Jeanne McDowell,Erin Jeanne McDowell,https://www.youtube.com/watch?v=bPjk-h91vuI,26701,1476,20250214,description,,"420 g / 3 ½ cups all purpose flour | 4 g / 1 teaspoon baking powder | 5 g / ¾ teaspoon baking soda | 4 g / 1 teaspoon fine sea salt | 226 g / 1 cup unsalted butter, at room temperature | 395 g / 2 cups granulated sugar, plus more for rolling | 113 g / 2 large eggs, at room temperature | 15 g / 1 tablespoon vanilla extract | 226 g / 1 cup unsalted butter, at room temperature | 226 g / 8 ounces cream cheese, at room temperature | 454 g / 1 pound powdered sugar | 10 g / 2 teaspoons vanilla extract | 2 g / ½ teaspoon fine sea salt","all-purpose flour,baking powder,baking soda,butter,egg,flaky sea salt,granulated sugar,powdered sugar,vanilla extract"
TBuatp3Ayjo,Ube Crinkle Cookie Recipe That Stays Super Soft!!,Genevieve's Goodies,https://www.youtube.com/watch?v=TBuatp3Ayjo,26462,348,20220308,description,,1 ½ c. flour | 1 tsp baking powder | ¼ tsp salt | ½ c. unsalted butter | ¼ c. brown sugar | ½ c. sugar | 1 egg | ½ c. ube jam | 1 tsp ube extract | 4 ½ c. flour | 3 tsp baking powder | ¾ tsp. salt | 1 ½ c. butter | ¾ c. brown sugar | 1 ½ c. sugar | 3 eggs | 1 ½ c. ube jam | 3 tsp ube extract,"all-purpose flour,baking powder,brown sugar,butter,egg,granulated sugar,salt"
aardboWkWiw,Levain Bakery Style Cookies | Easy Cookie Recipe,Gracious Treatz,https://www.youtube.com/watch?v=aardboWkWiw,26325,927,20230414,description,,"115g [½ cup] unsalted butter | 150g [¾ cup] dark chocolate | 60g [½ cup] pecans, lightly chopped | 80g [¼ cup + 2 tbsp] brown sugar | 2g [¼ tsp] salt | 1 egg *** | 180g [1½ cup] cake flour | 3g [½ tsp] baking powder | 3g [½ tsp] baking soda | 60g [¼ cup] milk + 15g [1 tbsp] vinegar","all-purpose flour,baking powder,baking soda,brown sugar,butter,chocolate chips,egg,milk,nuts,salt"
bpLzsHAOp4M,Easy Cut-Out Chocolate Sugar Cookies | Just 5 Ingredients! | No Spread Cookie Recipe,Cook Me Food,https://www.youtube.com/watch?v=bpLzsHAOp4M,26263,964,20221022,description,,• 1 cup (225g) salted butter (at room temperature) | • 1 cup (200g) white sugar | • 1 medium to large egg | • 2 ¾ cup (358g) all-purpose flour (spooned & leveled) | • ½ cup (50g) unsweetened cocoa powder (preferably dutch- processed),"all-purpose flour,butter,cocoa powder,egg,granulated sugar"
vVifS4UNpBY,Brown Butter Maple Chocolate Chip Cookies 🍂 Bake With Me,a little calm,https://www.youtube.com/watch?v=vVifS4UNpBY,26182,1202,20250806,description,,"3/4 cup (150g) brown sugar | 1/4 cup (50g) sugar | 3/4 cup (170g) browned butter (I used salted butter but either will work) | 1 egg | 1 egg yolk | 2 tsp vanilla extract | 1 tsp maple extract (optional, but will add more maple flavour) | 1/4 cup (80g) maple syrup | 1 and 1/2 cups (190g) all-purpose flour | 1/4 cup (21g) rolled oats | 1 tsp salt | 3/4 tsp baking soda | 1 and 1/2 cups (270g) chocolate chips","all-purpose flour,baking soda,brown sugar,butter,chocolate chips,egg,granulated sugar,oats,salt,vanilla extract"
6H93WLzTaEk,White Chocolate Chip Cookie Recipe | No Chill Needed,Cook Me Food,https://www.youtube.com/watch?v=6H93WLzTaEk,25987,649,20220820,description,,• ½ cup (112g) unsalted butter (room temperature) | • 1/3 cup (67g) white sugar | • 1/3 cup (73g) light brown sugar (packed) | • ¼ cup (25g) unsweetened cocoa powder | • 1 medium egg (room temperature) | • ½ tsp salt | • ½ tsp baking soda | • 1 tsp vanilla extract | • 1 ¼ cup (162g) all-purpose flour (spooned & leveled) | • 3/4 cup (135g) white chocolate chips,"all-purpose flour,baking soda,brown sugar,butter,cocoa powder,egg,granulated sugar,salt,vanilla extract,white chocolate"
Ai9OhXq245c,White Chocolate Cranberry Cookies,Entertaining With Beth,https://www.youtube.com/watch?v=Ai9OhXq245c,25913,1317,20231104,description,,1/2 cup (113 g) butter (salted Land O' Lakes is my preference) | ½ cup (102 g) white sugar | ½ cup (82 g) brown sugar | 1 tsp (5 ml) vanilla extract | 1 egg | 1 ¼ cups (174 g) all-purpose flour | 1 tsp (4 g) baking soda | ½ tsp (3 g) salt | ½ cup (68 g) white chocolate | ½ cup (70 g) dried cranberries,"all-purpose flour,baking soda,brown sugar,butter,egg,granulated sugar,salt,vanilla extract,white chocolate"
DafKLAXOuxI,"Thumbprint Cookies With Dulce de Leche, Nutella or Jam | NYT Cooking",NYT Cooking,https://www.youtube.com/watch?v=DafKLAXOuxI,25777,696,20191208,recipe_page,http://nyti.ms/33Sm5Fz,"2 ¼ cups/290 grams all-purpose flour, plus 2 teaspoons | 1 cup/225 grams unsalted butter (2 sticks), softened | ⅔ cup/135 grams granulated sugar | 2 large egg yolks, at room temperature | 1 teaspoon vanilla extract | ½ teaspoon kosher salt | 3 ounces/85 grams whole hazelnuts (½ cup plus 2 tablespoons), whole pecans (¾ cup plus 2 tablespoons), or whole pistachios (about ⅔ cup) | ⅓ cup dulce de leche (for pecan cookies), Nutella (for hazelnut cookies) or red currant jelly (for pistachio cookies), for filling | Flaky sea salt, for sprinkling","all-purpose flour,butter,egg,flaky sea salt,granulated sugar,nuts,salt,vanilla extract"
5qNqLIPG2Ag,The BEST Cut-Out Cookies that hold their shape perfectly!,Sugar High Score,https://www.youtube.com/watch?v=5qNqLIPG2Ag,25645,494,20241018,description,,"• 3 cups all-purpose flour | • ½ tsp salt | • ¼ tsp baking powder (just a touch to keep them from puffing up too much!) | • 1 cup (2 sticks) unsalted butter, softened (but not melty) | • 1 cup granulated sugar | • 1 egg, room temp | • 2 ½ tsp vanilla extract | • ½ tsp almond extract","all-purpose flour,baking powder,butter,egg,granulated sugar,nuts,salt,vanilla extract"
UBX5DOIOaDA,Red Velvet Cookies from Cake Mix (Crumbl inspired) #crumblcookies,Cookin' With Net,https://www.youtube.com/watch?v=UBX5DOIOaDA,25421,853,20230315,description,,1 box red velvet cake mix | 2 eggs | 1/2 cup vegetable oil,"egg,oil"
8JE9rfssCmQ,Soft and Chewy Cream Cheese Chocolate Chip Cookies | NO Chill,Cook Me Food,https://www.youtube.com/watch?v=8JE9rfssCmQ,25182,747,20210918,description,,• 2 ¼ cup (277g) all-purpose flour | • 2 tsp cornstarch | • 1 tsp baking soda | • ½ cup (112g) salted butter (softened) | • ¼ cup (57g) cream cheese (softened) | • 1 large egg (room temperature) | • ¾ cup (150g) brown sugar | • ¼ cup (50g) white sugar | • 2 tsp vanilla extract | • 1 ½ cup (260g) semi-sweet chocolate chips,"all-purpose flour,baking soda,brown sugar,butter,chocolate chips,cornstarch,egg,granulated sugar,vanilla extract"
ft-AfnfG7y0,How to make Salted Caramel Cookies Tutorial,Leta Bit Of Everything,https://www.youtube.com/watch?v=ft-AfnfG7y0,25019,423,20150811,description,,1 - 1/4 cups packed dark brown sugar | 1/4 cup sugar | 1 egg | 1 egg yolk | 1 tablespoon vanilla | 2 - 1/4 cups all purpose flour | 2 tablespoons instant coffee granules | 1 teaspoon baking soda | 1/2 teaspoon salt | 1 cup caramel bits | 3/4 cup chocolate pieces,"all-purpose flour,baking soda,brown sugar,egg,granulated sugar,salt,vanilla extract"
FTziNR62tAQ,NO CHILL Chocolate Chip Cookie Recipe | New York Style Thick Cookies | No Mixer cookie making,Yeast Mode,https://www.youtube.com/watch?v=FTziNR62tAQ,24882,478,20240129,description,,1/2 cup unsalted butter (115g) | 1/2 cup brown sugar (100g) | 1/2 cup white sugar (100g) | 1 whole large egg (60g) | 1 tsp vanilla extract (5ml) | 2 & 1/4 cups all purpose flour (300g) | 1 tsp baking powder (5g) | 1 tsp baking soda (5g) | 1/2 tsp salt (3g) | 200 grams chocolate chips,"all-purpose flour,baking powder,baking soda,brown sugar,butter,chocolate chips,egg,granulated sugar,salt,vanilla extract"
gkjek-1yQFI,BEST EVER S'mores Cookie Bars!,The Scran Line,https://www.youtube.com/watch?v=gkjek-1yQFI,24648,1000,20220924,recipe_page,https://thescranline.com/smores-cookie-bars/,125 g unsalted butter (softened) | 50 g caster sugar (spoon and levelled) | 100 g brown sugar (packed) | 1/2 tsp salt | 1  large egg (50-55g room temperature) | 1  egg yolk (room temperature) | 7 g vanilla extract | 1  orange (zested) | 150 g all-purpose flour (spoon and levelled) | 1/2 tsp baking powder | 1/4 tsp cinnamon (optional) | 150 g graham crackers (finely chopped (see notes)) | 300 g dark chocolate (chopped (see notes)) | 1/2  batch Marshmallow Fluff (see notes),"all-purpose flour,baking powder,brown sugar,butter,chocolate chips,cinnamon,egg,granulated sugar,salt,vanilla extract"
Os_kLv6i1Bw,Brown Butter & Maple Pumpkin Cookies,Butternut Bakery,https://www.youtube.com/watch?v=Os_kLv6i1Bw,24532,677,20200922,recipe_page,https://butternutbakeryblog.com/chewy-pumpkin-cookies/,"1 cup (220g) unsalted butter | 1 1/2 cups (280g) dark brown sugar, packed | 1 large egg yolk | 3 tbsp pure maple syrup | 1 tsp vanilla extract | 1/3 cup (80g) pumpkin puree | 2 1/4 cups (280g) all purpose flour | 1 tsp baking soda | 1/2 tsp baking powder | 1/2 tsp salt | 1 1/2 tsp pumpkin pie spice | 1/2 tsp cinnamon | 2 tbsp brown sugar | 2 tbsp granulated sugar | 1 tsp cinnamon","all-purpose flour,baking powder,baking soda,brown sugar,butter,cinnamon,egg,granulated sugar,salt,vanilla extract"
Q46jtPB5G-c,Red Velvet Cookies Recipe 😍 By Chef Hafsa,Hafsa's Kitchen,https://www.youtube.com/watch?v=Q46jtPB5G-c,24451,772,20250506,description,,1/2 litre milk | 1/2 cup fresh cream | 3-4tbspwhite vinegar | 1/8cup whey/milk water | 1/2tsp salt | 2tbsp icing sugar | 1/2tsp vanilla essence | 100g butter 1/2cup | 90g light brown sugar 1/2cup | 40g caster sugar 1/4cup | 1 egg | 1tsp vanilla essence | 200g flour 1 cup+ 1/2cup | 1/2tsp baking soda | 1/4tsp baking powder | 70-80g dough piece ball,"all-purpose flour,baking powder,baking soda,brown sugar,butter,egg,granulated sugar,milk,powdered sugar,salt,vanilla extract"
tGHEkU72rfo,Soft Pumpkin Cookies | Melt in Your Mouth Pumpkin Cookies | Gluten Free Option,Molly Thompson,https://www.youtube.com/watch?v=tGHEkU72rfo,24002,465,20210910,description,,"1 cup 2 sticks butter, softened | 1 cup granulated sugar | 1 teaspoon baking soda | 1 teaspoon baking powder | ½ teaspoon salt | 1 teaspoon ground cinnamon | 1 teaspoon pumpkin pie spice | 1 eggs | 1 teaspoon vanilla | 1 cup canned pumpkin | 2 cups all-purpose flour | 1/2 cup 1 stick unsalted butter, softened | 8 oz cream cheese softened | 3 cups powdered sugar | 1 teaspoon vanilla extract","all-purpose flour,baking powder,baking soda,butter,cinnamon,egg,granulated sugar,powdered sugar,salt,vanilla extract"
BhN26ih1F6I,"Chickpea cookies | Vegan, sugar-free, gluten-free",Bubble Green,https://www.youtube.com/watch?v=BhN26ih1F6I,23985,690,20210706,recipe_page,https://bubblegreen.com/snack/vegan-chickpea-cookies/,"2 cups chickpeas (canned or home boiled) | 1 cup dates (soft and juicy (around 18-20 dates)) | 1/4 cup peanut butter (or another nut/seed butter) | 1/4 cup coconut oil (or another neutral-tasting & smelling oil) | 1/3 cup plant-based milk (soy milk, oat milk, almond milk, cashew milk) | 1 tsp baking powder | 1/2 tsp baking soda | 1/2 tsp salt | 1  tsp vanilla extract (optional, but highly recommended) | chopped almonds (or chocolate chips)","baking powder,baking soda,chocolate chips,nuts,oil,peanut butter,salt,vanilla extract"
THuzC-X8hLs,"For Real, the BEST (Gluten Free or Not) Chocolate Chip Cookies You'll Ever Have!",Let Them Eat Gluten Free Cake,https://www.youtube.com/watch?v=THuzC-X8hLs,23897,752,20220804,recipe_page,https://www.letthemeatgfcake.com/perfect-gluten-free-chocolate-chip-cookies/,"½ lb (2 sticks or 1 cup, 226 g) butter, softened | 2 cups (454 g) tightly packed brown sugar | 4 cups (560 g) Kim's gluten free flour blend | ½ tsp kosher salt | 2 large eggs, at room temperature | 1  tsp vanilla | 2  tbsp dark rum, optional | 12 ounces (340 g) milk, semi-sweet or dark chocolate chips or chunks | 1½ tsp baking soda","all-purpose flour,baking soda,brown sugar,butter,chocolate chips,egg,salt,vanilla extract"
Hg7aPxo66oI,Classic Butter Cookies | Just 5 Ingredients! | No Mixer Needed,Cook Me Food,https://www.youtube.com/watch?v=Hg7aPxo66oI,23877,521,20221119,description,,• 1 cup (224g) salted butter (room temperature) | • ¾ cup (84g) powdered sugar/icing sugar | • 1 small egg (room temperature) | • 1 tsp vanilla extract | • 2 cups (250g) all-purpose flour (*see notes below),"all-purpose flour,butter,egg,powdered sugar,vanilla extract"
4psDL1n1vZI,The BEST CHEWY Vanilla Sugar Cookies Recipe!,Seamless Cooking,https://www.youtube.com/watch?v=4psDL1n1vZI,23806,487,20250126,description,,"45g unsalted butter, room temperature (3 tbsp) | 45g sugar (3 ½ tbsp) | 1 egg yolk | 2g vanilla bean paste (½ tsp) | 60g all-purpose flour (½ cup) | 1g baking powder (¼ tsp) | 1g baking soda (¼ tsp) | 0.5g salt (⅛ tsp) | 18g sugar (1 ½ tbsp) | 1g vanilla bean paste (¼ tsp)","all-purpose flour,baking powder,baking soda,butter,egg,granulated sugar,salt,vanilla extract"
WHPMI98h4Bc,Red Velvet Cookies Recipe | Cream Cheese Stuffed | Eggless Bakery Style,easy cooking with das,https://www.youtube.com/watch?v=WHPMI98h4Bc,23668,776,20260210,description,,1️⃣ Creaming | 2️⃣ Add Liquids | 3️⃣ Add Dry Ingredients | 5️⃣ Prepare Stuffing | 6️⃣ Shape Cookies,
uUgV51I5xvM,Make EIGHT different cookies from ONE gluten free cookie dough!,Let Them Eat Gluten Free Cake,https://www.youtube.com/watch?v=uUgV51I5xvM,23541,1125,20221210,recipe_page,https://www.letthemeatgfcake.com/gluten-free-cutout-sugar-cookies/,"4 cups (2 lbs or 906g) butter, softened | 16 oz (1 lb or 453g) cream cheese, softened | 4 cups (800g) granulated sugar | 4 large egg yolks, at room temperature | 1 tbsp vanilla extract | ½ tsp salt | 15 oz (425g) master sugar cookie dough | 15 oz (425g) master sugar cookie dough | 2 tbsp (28g) butter, softened | 2 tbsp (25g) packed brown sugar | 1 tbsp Kim's all purpose gluten free flour blend | ½ cup (63g) powdered sugar | 1 tsp milk or water, more as needed to thin icing | 15 oz (425g) master sugar cookie dough | 2 tbsp milk | 2 tbsp raspberry jam | 3 oz (85g) melted dark or semi-sweet chocolate | 15 oz (425g) master sugar cookie dough | ½ cup (65g) whole toasted and salted pistachios | ½ cup (73g) dried cranberries | 3 oz (85g) melted white chocolate | 15 oz (425g) master sugar cookie dough | 2 tbsp Dutch process unsweetened cocoa powder | 2 oz (56g) semi-sweet or dark chocolate chunks or chips | ⅛ tsp cayenne pepper | ¼ tsp ground cinnamon OR | ½ tsp instant coffee granules | 15 oz (425g) master sugar cookie dough | ½ cup (113g) butter | ¼ cup (85g) honey | ¾ cup (150g) brown sugar | ¼ tsp grated lemon zest | ¼ tsp grated orange zest | 1 tbsp heavy cream | ½ lb (227g) coarsely chopped pecans | 15 oz (425g) master sugar cookie dough | 1 cup (54g) crushed ridged potato chips | ⅓ cup (45g) toasted pecans | 15 oz (425g) master sugar cookie dough | 1 cup (96g) almond flour | ¼ tsp almond extract | ¼ cup raspberry preserves or jam | ¼ cup apricot preserves or jam | 4 cups (480g) powdered sugar | 3 tbsp meringue powder | 5-10 tbsp (75-150g) water, room temperature ((amount varies depending on the consistency you desire)) | 9½ cups (1.33kg) Kim's gluten free flour blend ((a store bought blend may work, but has not been tested)) | frostings and/or sprinkles as desired for decorating | 1½ tsp ground cinnamon | sprinkles for decorating | zest of one small orange or half a large orange | sprinkles for decorating (if desired) | powdered sugar for sprinkling","all-purpose flour,brown sugar,butter,chocolate chips,cinnamon,cocoa powder,egg,granulated sugar,honey,milk,nuts,powdered sugar,salt,vanilla extract,white chocolate"
L9TJVwUGiPc,Chewy Chocolate Molasses Cookies with a Ginger Kick!,Glen And Friends Cooking,https://www.youtube.com/watch?v=L9TJVwUGiPc,23229,2657,20260523,description,,125 mL (½ cup) butter | 125 mL (½ cup) granulated sugar | 125 mL (½ cup) packed brown sugar | 1 egg | 75 mL (1/3 cup)  molasses | 425 ml (1¾ cups) all-purpose flour | 37 mL (2½ Tbsp) cocoa powder | 12 mL (2½ tsp) ground ginger | 5 mL (1 tsp) cinnamon | 5 mL (1 tsp) baking soda | 2 mL (½ tsp) coarse salt | 250 mL (1 cup) chocolate chips | 60 mL (¼ cup) granulated sugar for coating,"all-purpose flour,baking soda,brown sugar,butter,chocolate chips,cinnamon,cocoa powder,egg,ginger,granulated sugar,molasses,salt"
zHLJuy0icOk,The Viral S’mores Cookies with Chocolate Chips 🤍 bake with me,Sage bakes,https://www.youtube.com/watch?v=zHLJuy0icOk,23133,629,20250823,description,,"▢ 226 g unsalted butter, melted & slightly cooled (1 cup) | ▢ 200 g light brown sugar, packed (1 cup) | ▢ 100 g granulated sugar (½ cup) | ▢ 2 large eggs (about 100 g without shells) | ▢ 375 g all-purpose flour (3 cups) | ▢ 3 g cornstarch (1 tsp) | ▢ 3.5 g baking soda (¾ tsp) | ▢ 3 g salt (½ tsp) | ▢ 150 g semi-sweet chocolate chips (1 cup) + extra for topping | ▢ 8–10 graham crackers / digestive biscuits | ▢ 8–10 chocolate chunks | ▢ 8–10 jumbo marshmallows, frozen","all-purpose flour,baking soda,brown sugar,butter,chocolate chips,cornstarch,egg,granulated sugar,salt"
JEJI6QMw4Wk,Levain Bakery Oatmeal Cookies Copycat Recipe || William's Kitchen,William's Kitchen EN,https://www.youtube.com/watch?v=JEJI6QMw4Wk,22774,550,20200124,description,,"230 g room-temperature butter (2 sticks) | 130 g light or dark brown sugar (3/4 cup) | 100 g granulated sugar (1/2 cup) | 2 large eggs | 350 g all-purpose flour (2 + 1/2 cups) | 30 g cornstarch (1/4 cup) | 210 g old fashioned oats (1 + 1/2 cups) | 1 tsp baking soda | 1 large pinch of salt | 1/2 tsp ground cinnamon | 150 g raisins (1 cup) | 100 g walnuts (3/4 cup, optional)","all-purpose flour,baking soda,brown sugar,butter,cinnamon,cornstarch,egg,granulated sugar,nuts,oats,raisins,salt"
jhoozBD6EaA,"GIANT SINGLE SERVE COOKIE RECIPE (Peanut Butter Cookie , Sugar Cookie & Snickerdoodle)",Leigh Anne Wilkes,https://www.youtube.com/watch?v=jhoozBD6EaA,22532,737,20210806,description,,"2 Tbsp salted butter softened | 2 Tbsp creamy peanut butter | 2 Tbsp sugar | 2 Tbsp brown sugar | 1 Tbsp egg beaten | 1/4 tsp vanilla | 1/3 cup all purpose flour plus 1 Tbsp | 1/8 tsp baking soda | 2Tbsp butter, softened | 2 Tbsp sugar | 1 Tbsp brown sugar | 1/4 tsp vanilla | 1 Tbps egg, beaten | 1/3 Cup plus 1 Tbsp flour | 1/8 tsp cream of tartar | 1/8 tsp baking soda | 1/2 T sugar | 1/4 tsp cinnamon | 2 Tbsp butter, softened | 1/4 cup sugar | 1Tbsp egg, beaten | 1/4 tsp vanilla or almond extract | 1/3 cup plus 1 Tbsp flour | 1/8 tsp baking soda | 1 Tbsp sprinkles (optional) | 2 Tbsp butter, softened | 1 cup powdered sugar | 1 tsp milk | 1/4 tsp almond extract","all-purpose flour,baking soda,brown sugar,butter,cinnamon,cream of tartar,egg,granulated sugar,milk,nuts,peanut butter,powdered sugar,vanilla extract"
ocKoAMFKLdY,Soft Pumpkin Cookies | Sally's Baking,Sally's Baking Recipes,https://www.youtube.com/watch?v=ocKoAMFKLdY,22496,207,20210922,recipe_page,https://sallysbakingaddiction.com/pumpkin-cookies/,"1 and 1/2 cups (340g) fresh or canned pumpkin puree | 3 cups (375g) all-purpose flour (spooned & leveled) | 1 and 1/2 teaspoons baking powder | 1 teaspoon baking soda | 1 teaspoon salt | 2 teaspoons pumpkin pie spice* | 1 and 1/2 teaspoons ground cinnamon | 1/4 teaspoon ground ginger | 3/4 cup (12 Tbsp; 170g) unsalted butter, softened to room temperature | 1 cup (200g) packed light or dark brown sugar (I use and recommend dark) | 3/4 cup (150g) granulated sugar | 1 large egg, at room temperature | 2 teaspoons pure maple syrup, milk, or orange juice (see note) | 1 and 1/2 teaspoons pure vanilla extract | 3 ounces (85g) full-fat brick cream cheese, softened to room temperature | 2 Tablespoons (28g) unsalted butter, softened to room temperature | 3/4 cup (90g) confectioners’ sugar | 2 Tablespoons (30ml) pure maple syrup | pinch ground cinnamon (about 1/8 teaspoon)","all-purpose flour,baking powder,baking soda,brown sugar,butter,cinnamon,egg,ginger,granulated sugar,milk,powdered sugar,salt,vanilla extract"
yfLqT5EtjYw,The Internet’s Favorite Thumbprint Cookie (Here’s Why),Sugar Spun Run,https://www.youtube.com/watch?v=yfLqT5EtjYw,22455,999,20251215,description,,"1 cup (226 g) unsalted butter softened to room temperature | ⅓ cup (70 g) sugar | ⅓ cup (70 g) light brown sugar, tightly packed | 1 large egg yolk | ¾ teaspoon vanilla extract | 2 ¼ cup (280 g) all purpose flour | 2 teaspoons cornstarch | ½ teaspoon salt | ½ cup sugar for rolling (optional) | ⅔-¾ cup (105 g) jam or preserves flavor of your choice -- I used seedless raspberry jam for this recipe","all-purpose flour,brown sugar,butter,cornstarch,egg,granulated sugar,salt,vanilla extract"
Gz3wQJHNfVs,Chocolate Espresso Cookies,Come Sit At My Table,https://www.youtube.com/watch?v=Gz3wQJHNfVs,22420,2355,20230901,description,,"1 cup semi sweet chocolate morsels | 2 tablespoons butter | 3/4 cup sugar | 2 eggs, room temperature | 2 tablespoons milk | 2 teaspoons vanilla extract | 1 cup all purpose flour | 1/4 cup unsweetened cocoa powder | 1 teaspoon baking powder | 1/2 teaspoon kosher salt | 1 teaspoon espresso powder | 1/2 cup semi sweet, chocolate morsels, for top of cookies￼","all-purpose flour,baking powder,butter,cocoa powder,egg,granulated sugar,milk,salt,vanilla extract"
6i2SgiiFkjg,3 Ingredient Butter Cookies - Easy Butter Cookie Recipe,Yummy Kitchen Recipe,https://www.youtube.com/watch?v=6i2SgiiFkjg,21862,245,20201209,description,,"1 cup (250g) butter, softened | 1/2 cup (100g) sugar | 2 cups (250g) all purpose flour","all-purpose flour,butter,granulated sugar"
QpawwP8osT4,Salted Caramel Crunch Cookies,The Novice Chef,https://www.youtube.com/watch?v=QpawwP8osT4,21818,282,20180131,recipe_page,https://thenovicechefblog.com/2017/10/salted-caramel-crunch-cookies/,2 3/4 cups all-purpose flour | 3/4 cup light brown sugar | 1/2 cup granulated sugar | 1 teaspoon baking soda | 1 tablespoon cornstarch | 1/2 teaspoon salt | 1/2 teaspoon cinnamon | 3/4 cup (1 1/2 sticks) unsalted butter (melted and slightly cooled) | 2 large  eggs | 2 teaspoons vanilla extract | 1 cup toffee bits | 1 cup caramel squares (cut into fourths) | 1 cup chopped pecans | Flaky sea salt (optional),"all-purpose flour,baking soda,brown sugar,butter,cinnamon,cornstarch,egg,flaky sea salt,granulated sugar,nuts,salt,vanilla extract"
lF6iw_IuJo4,Salted Caramel Dark Chocolate Cookies | Sally's Baking,Sally's Baking Recipes,https://www.youtube.com/watch?v=lF6iw_IuJo4,20386,419,20240915,recipe_page,https://sallysbakingaddiction.com/salted-caramel-dark-chocolate-cookies/,"1/2 cup (8 Tbsp; 113g) unsalted butter, softened to room temperature | 1/2 cup (100g) granulated sugar | 1/2 cup (100g) packed light or dark brown sugar | 1 large egg, at room temperature | 1 teaspoon pure vanilla extract | 1 cup (125g) all-purpose flour (spooned & leveled) | 2/3 cup (55g) unsweetened cocoa powder | 1 teaspoon baking soda | 1/8 teaspoon salt | 2 Tablespoons (30ml) milk | 1 and 1/2 cups (270g) semi-sweet or dark chocolate chips | 18 chocolate-coated caramels, such as Rolos (or use regular caramels)* | flaky sea salt or coarse sea salt, for sprinkling","all-purpose flour,baking soda,brown sugar,butter,chocolate chips,cocoa powder,egg,flaky sea salt,granulated sugar,milk,salt,vanilla extract"
uC7NkllZ_XI,M&M Cookie Bars | Sally's Baking,Sally's Baking Recipes,https://www.youtube.com/watch?v=uC7NkllZ_XI,20221,236,20230214,recipe_page,https://sallysbakingaddiction.com/mm-cookie-bars/,"2 and 3/4 cups (343g) all-purpose flour (spooned and leveled) | 1 and 1/2 teaspoons cornstarch | 1 teaspoon baking soda | 1/2 teaspoon salt | 1 cup (200g) packed light or dark brown sugar | 1/2 cup (100g) granulated sugar | 2 large eggs, at room temperature | 2 teaspoons pure vanilla extract | 1 and 1/4 cups (about 260g) mini or regular-size M&Ms | 3/4 cup (135) semi-sweet chocolate chips | 1 cup (16 Tbsp; 226g) unsalted butter, melted & cooled for just 5 minutes*","all-purpose flour,baking soda,brown sugar,butter,chocolate chips,cornstarch,egg,granulated sugar,salt,vanilla extract"
5ok0CI-ft2s,White Chocolate Macadamia Nut Cookies,Wyse Guide,https://www.youtube.com/watch?v=5ok0CI-ft2s,20216,703,20160726,description,,"- 3/4 cup (1 1/2 sticks) butter, room temperature | - 3/4 cups brown sugar | - 1/3 cup white granulated sugar | - 1 egg | - 1 teaspoon vanilla | - 1 2/3 cup flour | - 3/4 teaspoon baking powder | - 1/2 teaspoon baking soda | - 1/2 teaspoon salt | - 1 1/2 cups white chocolate chips | - 1 cup toasted unsweetened coconut | - 3/4 cup chopped macadamia nuts","all-purpose flour,baking powder,baking soda,brown sugar,butter,egg,granulated sugar,macadamia nuts,salt,vanilla extract,white chocolate"
zHWGFR_sESs,THUMBPRINT COOKIES - How to make THUMBPRINT COOKIES Recipe,Foods101withDeronda,https://www.youtube.com/watch?v=zHWGFR_sESs,19721,344,20141214,description,,"2 cups all-purpose flour | 1 cup butter, softened | 2 eggs | 1/2 cup packed brown sugar | 2 1/2 cup pecan, walnuts, or peanuts, finely chopped","all-purpose flour,brown sugar,butter,egg,nuts"
uVyTtNZHYTs,CRUMBL Sugar Cookie Recipe Better Than The Original! Copy Cat!,Frannie Jo Savvy Sweet,https://www.youtube.com/watch?v=uVyTtNZHYTs,19396,1193,20250511,description,,1 cup salted butter (2 sticks) | 1 cup granulated sugar | 2 large eggs | 1 tsp vanilla | 1/2 tsp almond extract | 3 cups all purpose flour | 2 tsp baking powder | 1/2 cup salted butter (1 stick) Room Temperature | 2 cups powdered sugar | 1 tsp almond extract | 4 tablespoon of whole milk,"all-purpose flour,baking powder,butter,egg,granulated sugar,milk,nuts,powdered sugar,vanilla extract"
TlXidzhdF7s,Easy Lemon Twinkle Cookie Recipe | Bake Along w/ Anna Olson,Oh Yum with Anna Olson,https://www.youtube.com/watch?v=TlXidzhdF7s,19391,965,20250502,description,,"1/2 cup (115 g) unsalted butter, at room temperature | 1/2 cup (100 g) granulated sugar | 1/2 cup (65 g) icing sugar, sifted | 2 large egg yolks | 1 tsp pure vanilla extract | 1 1/2 cups (225 g) all-purpose flour, divided | 3 Tbsp (45 mL) lemon juice | 2 oz (60 g) white couverture/baking chocolate, melted and cooled to room temperature | 2 Tbsp (15 g) cornstarch | 1/2 tsp baking soda | 1/2 tsp baking powder","all-purpose flour,baking powder,baking soda,butter,cornstarch,egg,granulated sugar,powdered sugar,vanilla extract"
N9U4y0SoYI0,Healthy Tahini Cookies - No Butter - No Refined Sugar - Tahini Cookies Vegan - Sesame Cookies Recipe,My Ginger Garlic Kitchen Recipes,https://www.youtube.com/watch?v=N9U4y0SoYI0,19341,418,20241125,description,,"1/2 cup tahini (unsalted, smooth) | 1/2 cup maple syrup | 1 cup almond flour | 1 cup all-purpose flour | 2 tablespoons cornstarch | 1/2 teaspoon baking soda | 1/8 teaspoon sea salt | 1/3 cup raw sesame seeds (for rolling)","all-purpose flour,baking soda,cornstarch,flaky sea salt,nuts,salt"
ZrAWip3bYrs,Nutella Cookies | Easy Recipe | Weekly Bakes,Weekly Bakes,https://www.youtube.com/watch?v=ZrAWip3bYrs,18727,566,20201115,description,,1/2 cup unsalted butter at room temperature | 1/2 cup brown sugar | 1/2 cup granulated sugar | 1 cup Nutella | 2 eggs | 1 tsp vanilla extract | 2 1/2 cups All purpose flour | 1 tsp baking soda | 1/4 tsp salt | 4 tbsp cacao powder,"all-purpose flour,baking soda,brown sugar,butter,egg,granulated sugar,salt,vanilla extract"
mq_720kwc7U,Matcha Green Tea Cookies Recipe - no cutters,Japanese Kitchen by Miss Wagashi,https://www.youtube.com/watch?v=mq_720kwc7U,18700,613,20220430,description,,- 60g/2.1oz Butter | - 50g/1.8oz sugar | - 120g/14.23oz flour | - 1/2 egg | - 2 tsp matcha powder,"all-purpose flour,butter,egg,granulated sugar"
wc0jaBocpKw,NYC Style Salted Caramel Pecan Chocolate Chip Cookies 🍪,The Chopping Board,https://www.youtube.com/watch?v=wc0jaBocpKw,18640,483,20250511,description,,"- 180 g (1 ½ cups) all-purpose flour | - ½ teaspoon baking powder | - ¼ teaspoon baking soda | - 1 tablespoon cornstarch | - ½ teaspoon salt | - 115 g (½ cup) unsalted butter, cold | - 100 g (½ cup) brown sugar | - 1 large egg, room temperature | - 1 teaspoon vanilla extract | - 100 g (about ⅔ cup) dark chocolate, chopped | - 100 g pecans, roughly chopped | - 14 soft caramels | - 4 soft caramels | - 1 teaspoon cream","all-purpose flour,baking powder,baking soda,brown sugar,butter,chocolate chips,cornstarch,egg,nuts,salt,vanilla extract"
gH-2hKoiAb4,Coconut Lovers… This Cookie Recipe Will Blow Your Mind! 🍪,Spice Bangla,https://www.youtube.com/watch?v=gH-2hKoiAb4,18604,846,20251114,recipe_page,https://www.spicebangla.com/coconut-cookies/,1 & ¼  cups All-purpose Flour | 1 tsp Baking Soda | ½ tsp Salt | 1 & ⅓ cups Desiccated  Coconut / Shredded | ½ cup Unsalted Butter (Room Temperature) | ½ cup Brown Sugar | ⅓ cup Granulated Sugar | 1 large Egg (Room Temperature) | 1 tbsp Vanilla Essence,"all-purpose flour,baking soda,brown sugar,butter,egg,granulated sugar,salt,vanilla extract"
ChGae7mosdU,VEGAN MATCHA COOKIES | Easy No Mixer Cookie Recipe,Chef Atulya,https://www.youtube.com/watch?v=ChGae7mosdU,18399,640,20210528,recipe_page,https://chefatulya.com/vegan-matcha-cookies-easy-no-mixer-cookie-recipe/,1 ½ cup all-purpose flour ((210g)) | ¾ cup almond flour or oat flour ((75g)) | 1 teaspoon baking powder | ½ teaspoon baking soda | ½ teaspoon salt | 1 tablespoon tapioca starch | 2 tablespoons matcha powder | ⅔ cup melted coconut oil ((145g)) | 1 cup organic cane sugar ((220g)) | 6 tablespoons unsweetened non-dairy milk | 2 teaspoons vanilla extract | Powdered sugar | Sliced almonds,"all-purpose flour,baking powder,baking soda,granulated sugar,milk,nuts,oil,powdered sugar,salt,vanilla extract"
OX05WBd3QxY,How to Make Double Chocolate Chip Cookies,Sugar Spun Run,https://www.youtube.com/watch?v=OX05WBd3QxY,18375,449,20200323,description,,"1 1/4 cup brown sugar packed (250g) | 1/2 cup sugar (100g) | 1 egg + 1 egg yolk room temperature | 1 1/2 teaspoons vanilla extract | 2 1/4 cups all-purpose flour (263g) | 1/2 cup natural cocoa powder (50g) | 2 teaspoons cornstarch (cornflour in UK) | 1 teaspoon baking powder | 3/4 teaspoon salt | 1/2 teaspoon baking soda | 1/2 teaspoon instant coffee grounds optional | 1 1/2 cup semisweet or dark chocolate chips (255g) plus additional for topping, if desired","all-purpose flour,baking powder,baking soda,brown sugar,chocolate chips,cocoa powder,cornstarch,egg,granulated sugar,salt,vanilla extract"
95AeavxF0Es,Salted Caramel Chocolate Chip Cookies | Sally's Baking,Sally's Baking Recipes,https://www.youtube.com/watch?v=95AeavxF0Es,18366,139,20200512,recipe_page,https://sallysbakingaddiction.com/salted-caramel-chocolate-chip-cookies/,"2 and 1/4 cup (281g) all-purpose flour (spooned & leveled) | 1 teaspoon baking soda | 1 and 1/2 teaspoons cornstarch | 1/2 teaspoon salt | 3/4 cup (12 Tbsp; 170g) unsalted butter, melted | 3/4 cup (150g) light brown sugar, loosely packed | 1/2 cup (100g) granulated sugar | 1 large egg + 1 egg yolk* | 2 teaspoons pure vanilla extract | 1 cup (180g) chocolate chips | 15 Rolo candies (or other chocolate coated caramel) | coarse sea salt or flaky sea salt, for sprinkling","all-purpose flour,baking soda,brown sugar,butter,chocolate chips,cornstarch,egg,flaky sea salt,granulated sugar,salt,vanilla extract"
BqmpaRNRpGw,THE BEST ITALIAN COOKIES: SOFT LEMON COOKIES,An italian in my Kitchen,https://www.youtube.com/watch?v=BqmpaRNRpGw,18286,311,20220707,description,,2 cups + 1 tablespoons flour | 1 teaspoon baking powder | 1 pinch salt | ½ cup butter (soft) | ½ cup granulated sugar | 1 large egg (room temperature) | 1 tablespoon lemon juice | 4-5 tablespoons powdered/icing sugar,"all-purpose flour,baking powder,butter,egg,granulated sugar,powdered sugar,salt"
-sJyC7Ajqns,The BEST healthy oatmeal chocolate-chip cookies,Chelsea,https://www.youtube.com/watch?v=-sJyC7Ajqns,18261,159,20170820,recipe_page,https://www.chelseasmessyapron.com/the-best-healthy-oatmeal-chocolate-chip-cookies/,"1/4 cup melted coconut oil | 2/3 cup creamy peanut butter (make sure it's smooth/not separated) | 2/3 cup pure maple syrup (see note 1) | 1 large egg | 1/2 teaspoon fine sea salt | 1/2 teaspoon baking soda | 1/2 teaspoon baking powder | 1/8 teaspoon ground cinnamon (optional) | 1-1/2 cups old-fashioned oats (see note 2) | 1-1/4 cups quick oats | 1-1/2 cups dark chocolate chips (divided (or use milk or semi-sweet)) | 1/2 cup mini chocolate chips | Flaky sea salt (optional, for topping)","baking powder,baking soda,chocolate chips,cinnamon,egg,flaky sea salt,oats,oil,peanut butter"
YHFwyJr8z3A,FUDGY No Chill Vegan Double Chocolate Chip Cookies,The Banana Diaries,https://www.youtube.com/watch?v=YHFwyJr8z3A,18201,489,20230630,recipe_page,https://thebananadiaries.com/vegan-double-chocolate-chip-cookies/,"1 1/4 cups (160 g) all purpose flour or gluten free 1-to-1 flour* | 1/2 cup (50 g) dutch-process cocoa powder | 1 tsp baking soda | 1/2 tsp sea salt | 1/2 tsp espresso powder (optional, but highly recommended) | 1/2 cup (113 g) vegan butter or coconut oil, melted and cooled to room temperature | 1/3 cup (83 g) dairy free yogurt or unsweetened applesauce, room temperature | 2/3 cup (135 g) brown sugar | 1/2 cup (100 g) granulated sugar | 1/2 tsp vanilla extract | 1 cup vegan chocolate chips or chopped vegan chocolate","all-purpose flour,baking soda,brown sugar,butter,chocolate chips,cocoa powder,flaky sea salt,granulated sugar,vanilla extract"
tfsj2zvHYAk,Soft Pumpkin Pie Cookies ♡ Bake With Me,a little calm,https://www.youtube.com/watch?v=tfsj2zvHYAk,18077,1045,20251121,description,,1/2 cup (113g) softened butter (unsalted) | 1/2 cup (110g) brown sugar (I used dark brown sugar) | 1/4 cup (50g) granulated sugar | 1 egg | 1 tsp vanilla extract | 1 and 1/2 cups + 1 tbsp (223g) all-purpose flour | 1/2 tsp baking powder | 1/2 tsp cinnamon | 1/2 tsp salt | 1/4 tsp baking soda | 1/2 cup (120ml) pumpkin puree | 1/4 cup (55g) brown sugar (I used dark brown sugar) | 1 egg | 1 tbsp evaporated milk | 2 tbsp (18g) all-purpose flour | 1 tsp pumpkin pie spice | 1/2 cup (120ml) heavy cream | 3 tbsp powdered sugar (add more or less) | 1/2 tsp vanilla,"all-purpose flour,baking powder,baking soda,brown sugar,butter,cinnamon,egg,granulated sugar,milk,powdered sugar,salt,vanilla extract"
BCGVSqsO_vo,Perfect Peanut Butter Crinkle Cookies,Sugar Spun Run,https://www.youtube.com/watch?v=BCGVSqsO_vo,17717,808,20221222,description,,"1 cup unsalted butter, softened (226g) | 1 cup creamy peanut butter (245g) | 1 ¼ cups dark brown sugar, firmly packed (250g) | ¾ cup granulated sugar (150g) | 2 large eggs, room temperature preferred | 2 teaspoons vanilla extract | 2 ½ cups all-purpose flour (310g) | 1 ½ teaspoons baking soda | ½ teaspoon baking powder | ¾ teaspoons salt | ½ cup coarse/turbinado sugar, for rolling (may substitute regular granulated sugar)(100g)","all-purpose flour,baking powder,baking soda,brown sugar,butter,egg,granulated sugar,peanut butter,salt,vanilla extract"
KwDG9b26FRY,Best Almond Cookies Recipe - No Flour Just Almonds,Food How,https://www.youtube.com/watch?v=KwDG9b26FRY,17658,65,20250516,recipe_page,https://foodhow.com/almond-cookies-with-almond-meal/,200 g (2 cups) ground almonds 0r almond meal | 100 g (1/2 cup) caster sugar | 2 large egg whites | 1/2 teaspoon (2.5ml) almond extract | 1 tablespoon (6g) orange zest | 1/4 teaspoon (1.25g) salt | 80 g (3/4 cup) almond flakes | 0 as needed powdered sugar for dusting,"egg,granulated sugar,nuts,powdered sugar,salt"
aaCQc0_g9Jw,Snickerdoodles | Betty Crocker Recipe,Betty Crocker,https://www.youtube.com/watch?v=aaCQc0_g9Jw,17518,142,20180913,recipe_page,https://www.bettycrocker.com/recipes/snickerdoodles/7ffc92a9-d847-4869-9ecb-99de3b751b14,"1 1/2 cups sugar | 1/2 cup salted butter, softened | 1/2 cup shortening | 2 large eggs | 2 3/4 cups Gold Medal™ All Purpose Flour | 2 teaspoons cream of tartar | 1 teaspoon baking soda | 1/4 teaspoon salt | 1/4 cup sugar | 2 teaspoons ground cinnamon","all-purpose flour,baking soda,butter,cinnamon,cream of tartar,egg,granulated sugar,salt"
KPCvbYbiE-I,"Chewy AND Crunchy Molasses Spice Cookies, a secret ingredient that friends will beg to know.",Kitchen in the Shire,https://www.youtube.com/watch?v=KPCvbYbiE-I,17280,830,20230321,description,,2 1/4 cups (11.25 ounces) of all purpose flour | 1 teaspoon of baking soda | 1 1/2 teaspoons of ground cinnamon | 1 1/2 teaspoons of ground ginger | 1/2 teaspoon of ground cloves | 1/4 teaspoon of ground all-spice | 1/4 teaspoon of pepper | 1/4 teaspoon of salt | 12 tablespoons (1 1/2 sticks) of butter softened | 1/3 cup of packed dark brown sugar | 1/2 cup (3.5 ounces) plus 1/2 cup (2 1/3 ounces) granulated sugar | 1 large egg yolk | 1 teaspoon of vanilla extract | 1/2 cup of light or dark molasses,"all-purpose flour,baking soda,brown sugar,butter,cinnamon,cloves,egg,ginger,granulated sugar,molasses,salt,vanilla extract"
xmezhYnp7_M,MATCHA OVERLOAD COOKIES RECIPE,Lutong Tinapay,https://www.youtube.com/watch?v=xmezhYnp7_M,17161,324,20230717,description,,1/2 cup softened butter | 1 and 1/3 cup light brown sugar | 1 tsp. Salt | 2 large eggs | 1 tsp. Vanilla extract | 2 tbsp. Matcha powder | 1/4 cup powdered milk | 1 tsp. Baking powder | 1 tsp. Baking soda | 2 cups all purpose flour (pilmico) | 4 pack of oreo (12 pcs.) | 1 (250 grams) cream cheese,"all-purpose flour,baking powder,baking soda,brown sugar,butter,egg,milk,salt,vanilla extract"
WbVJMME-hcg,DOUBLE CHOCOLATE CHIP COOKIE | NYC style Thick and No-Chill Cookie recipe,Yeast Mode,https://www.youtube.com/watch?v=WbVJMME-hcg,16679,,20250303,description,,1/2 cup unsalted butter (115g) | 1/2 cup brown sugar (100g) | 1/2 cup white sugar (100g) | 1 whole large egg (60g) | 1 tsp vanilla extract (5ml) | 1 & 3/4 cups all purpose flour (240g) | 1/4 cup unsweetened cocoa powder (25g) | 1 tsp baking powder (5g) | 1 tsp baking soda (5g) | 1/2 tsp salt (3g) | 1 cup chocolate chips (170g-200g),"all-purpose flour,baking powder,baking soda,brown sugar,butter,chocolate chips,cocoa powder,egg,granulated sugar,salt,vanilla extract"
1qihqL6q83c,The Perfect Cookie for Fall: Brown Butter Snickerdoodles,Sugar Spun Run,https://www.youtube.com/watch?v=1qihqL6q83c,16616,1049,20250922,description,,1 cup (226 g) unsalted butter | ¾ cup (150 g) granulated sugar | ½ cup (100 g) light brown sugar firmly packed | 2 eggs room temperature preferred | ½ teaspoon vanilla extract | 2 ¾ cups (343 g) all-purpose flour | 2 teaspoons cream of tartar | 1 teaspoon baking soda | 1 teaspoon salt | ¼ teaspoon cinnamon | ½ cup (100 g) granulated sugar | 1 Tablespoon ground cinnamon,"all-purpose flour,baking soda,brown sugar,butter,cinnamon,cream of tartar,egg,granulated sugar,salt,vanilla extract"
rBpzxNHRuv0,Homemade Vanilla Almond Cookies Recipe - Perfect for Any Occasion!,Alessandras Food is Love,https://www.youtube.com/watch?v=rBpzxNHRuv0,16609,549,20211220,description,,1 cup unsalted butter room temperature (8 ounces) (226 gr) | 1/2 cup granulated sugar (100 gr) | 2 tsp pure vanilla | 3 egg yolks | 1 cup almond flour/meal (125 gr) | 2 cups all purpose flour (280 gr) | 1/2 tsp baking powder | 1/4 tsp salt | 1 cup confectioners sugar (10X sugar),"all-purpose flour,baking powder,butter,egg,granulated sugar,nuts,powdered sugar,salt,vanilla extract"
gSF7_44vRq4,Brown Butter Pumpkin Oatmeal Cookies | Sally's Baking,Sally's Baking Recipes,https://www.youtube.com/watch?v=gSF7_44vRq4,16500,231,20221006,recipe_page,https://sallysbakingaddiction.com/brown-butter-pumpkin-oatmeal-cookies/,"1 and 1/4 cups (285g) canned pumpkin puree* | 1 cup (16 Tbsp; 226g) unsalted butter, cut into 16 pieces | 2 cups (170g) old-fashioned whole rolled oats | 1 and 2/3 cups (208g) all-purpose flour (spooned & leveled) | 1 teaspoon baking soda | 1/2 teaspoon salt | 1 and 1/2 teaspoons ground cinnamon | 2 teaspoons store-bought or homemade pumpkin pie spice* | 1 cup (200g) granulated sugar | 2/3 cup (133g) packed light or dark brown sugar | 1 egg yolk, at room temperature | 2 teaspoons pure vanilla extract | 1/4 cup (4 Tbsp; 56g) unsalted butter, cut into 4 pieces | 1 and 1/2 cups (180g) confectioners’ sugar | 3 Tablespoons (45ml) milk | 1/4 teaspoon pure vanilla extract | optional for garnish: sprinkle of pumpkin pie spice","all-purpose flour,baking soda,brown sugar,butter,cinnamon,egg,granulated sugar,milk,oats,powdered sugar,salt,vanilla extract"
XHb576I-IkI,The Best Brown Butter Chocolate Chip Cookies | How Tasty Channel,How Tasty,https://www.youtube.com/watch?v=XHb576I-IkI,16402,321,20251003,recipe_page,https://www.how-tasty.com/brown-butter-chocolate-chip-cookies/,110 g (1/2 cup) brown butter (made from 140 g (2/3 cup) of unsalted butter) | 50 g (1/4 cup) white sugar | 100 g (1/2 cup) brown sugar | 1  small egg (room temperature) | 1  small egg yolk (room temperature) | 1 tsp  vanilla extract | 170 g (1 cup+6 tbsp) all purpose flour | 4 g (1/2 tsp) baking soda | 1/4 tsp  baking powder | 1/2 tsp  salt | 40 g (1/4 cup) chocolate chip | 60 g (2 oz) chocolate chunks,"all-purpose flour,baking powder,baking soda,brown sugar,butter,chocolate chips,egg,granulated sugar,salt,vanilla extract"
_JqXMf5eBTc,The Perfect Valentine's Day Treat: Red Velvet Cookies Recipe,All Wings Everything,https://www.youtube.com/watch?v=_JqXMf5eBTc,16305,632,20240212,description,,1 3/4 cup Flour | 8 tablespoon Butter | 3/4 cup White Chocolate Chip | 1/2 cup Sugar | 1/4 cup Brown Sugar | 1 1/2 tablespoon Cocoa Powder | 1 teaspoon Vanilla Extract | 1/2 teaspoon Salt | 1 teaspoon Vinegar | 1 Egg | 2 teaspoon Red Food Coloring | 1/2 teaspoon Baking Soda,"all-purpose flour,baking soda,brown sugar,butter,cocoa powder,egg,granulated sugar,salt,vanilla extract,white chocolate"
A7V1f6sRMiE,S'mores Chocolate Chip Cookies | Sally's Baking,Sally's Baking Recipes,https://www.youtube.com/watch?v=A7V1f6sRMiE,16097,163,20210827,recipe_page,https://sallysbakingaddiction.com/smores-chocolate-chip-cookies/,"3/4 cup (12 Tbsp; 170g) unsalted butter, softened to room temperature | 3/4 cup (150g) packed light or dark brown sugar | 1/4 cup (50g) granulated sugar | 1 large egg, at room temperature | 2 teaspoons pure vanilla extract | 2 cups (250g) all-purpose flour (spooned & leveled) | 2 teaspoons cornstarch | 1 teaspoon baking soda | 1/2 teaspoon salt | 1 and 1/4 cup (225g) semi-sweet chocolate chips | 12 regular marshmallows, cut in half | 1/3 cup (35g) crushed graham cracker crumbs | one 4 ounce (113g) semi-sweet chocolate bar, finely chopped","all-purpose flour,baking soda,brown sugar,butter,chocolate chips,cornstarch,egg,granulated sugar,salt,vanilla extract"
p18LMfrSteA,"BEST Oatmeal Raisin Cookies | Classic, Chewy, Delicious! 😍",Marie's Kitchen,https://www.youtube.com/watch?v=p18LMfrSteA,16084,1239,20260410,description,,"½ cup (113 g) unsalted butter, softened | ¾ cup (150 g) packed brown sugar | 1 large egg | 2 teaspoons vanilla | 1 cup (140 g) all-purpose flour | ½ teaspoon baking soda | ½ teaspoon baking powder | ½ teaspoon cinnamon | ½ teaspoon salt | 1 ½ cups old-fashioned rolled oats | ½ cup raisins","all-purpose flour,baking powder,baking soda,brown sugar,butter,cinnamon,egg,oats,raisins,salt,vanilla extract"
wPYeUVwzVRA,How to make Chunky Salted Caramel stuffed Chocolate Chip Cookies | NYC Style | Recipe,Bailey's Bakes,https://www.youtube.com/watch?v=wPYeUVwzVRA,15988,432,20241227,description,,"200g Sweetened Condensed Milk | 57g Unsalted butter | 100g Brown sugar | 35g Golden syrup | 1/2 tsp Flaked Sea Salt | 125g Unsalted Butter | 90g Brown Sugar | 30g Dark brown sugar (Optional, Light brown sugar is also fine) | 55g Caster Sugar | 1 tsp Vanilla Essence | 1-2 tbsp Instant Coffee (Optional) | 1 Egg | 290g AP Flour | 1 tbsp Cornflour | 1/2 tsp Bicarb Soda | 1/2 tsp Salt | 200g Milk Chocolate | 100g Dark Chocolate | 200g Sweetened Condensed Milk = 1.25 cups | 57g Unsalted Butter = 1/4 cup + 1 tbsp | 100g Brown Sugar = 1/2 cup packed | 35g Golden Syrup = 2 tbsp | 1/2 tsp Flaked Sea Salt = 1/2 tsp | 125g Unsalted Butter = 1/2 cup + 1 tbsp | 90g Brown Sugar = 1/2 cup packed | 30g Dark Brown Sugar = 2 tbsp packed (Note: Light brown sugar is fine as a substitute) | 55g Caster Sugar = 1/4 cup + 1 tbsp (Note: Use superfine sugar or grind regular sugar slightly to make it finer) | 1 tsp Vanilla Essence = 1 tsp | 1-2 tbsp Instant Coffee = 1-2 tbsp (Optional) | 1 Egg = 1 large egg | 290g AP Flour = 2 1/3 cups | 1 tbsp Cornflour = 1 tbsp | 1/2 tsp Bicarb Soda = 1/2 tsp | 1/2 tsp Salt = 1/2 tsp | 200g Milk Chocolate = 7 oz | 100g Dark Chocolate = 3.5 oz","all-purpose flour,baking soda,brown sugar,butter,chocolate chips,cornstarch,egg,flaky sea salt,granulated sugar,milk,salt,vanilla extract"
-ThtlIL06HE,Lemon Cheesecake Cookies 🍋 bake with me,Sage bakes,https://www.youtube.com/watch?v=-ThtlIL06HE,15757,935,20260414,description,,"▢ 230 g cream cheese, softened (8 oz) | ▢ 45 g sugar (3½ tbsp) | ▢ 2 tsp lemon zest | ▢ 2 tsp lemon juice (10 ml) | ▢ 230 g all-purpose flour (1¾ cups) | ▢ ½ tsp baking powder | ▢ ½ tsp baking soda | ▢ ½ tsp salt | ▢ 1 tsp cornstarch | ▢ 200 g granulated sugar (1 cup) | ▢ 2–3 tbsp lemon zest | ▢ 113 g unsalted butter, melted or very soft (½ cup) | ▢ 1 egg | ▢ 1 tsp lemon juice | ▢ 50 g sugar (¼ cup) | ▢ 1–2 tsp lemon zest","all-purpose flour,baking powder,baking soda,butter,cornstarch,egg,granulated sugar,salt"
jGNDKT1cAik,How to Make S'mores Cookies,Bigger Bolder Baking with Gemma Stafford,https://www.youtube.com/watch?v=jGNDKT1cAik,15655,689,20250501,description,,"* 1 large egg, at room temperature | * 1 cup (8 oz/225 g) granulated sugar | * ⅔ cup (5 fl oz/160 ml) vegetable oil | * ⅓ cup (4 oz/115 g) honey | * ½ cup (2½ oz/71 g) whole wheat flour | * 2 teaspoons baking soda | * ½ teaspoon salt | * 1 cup (6 oz/170 g) chocolate chips | * 1 cup (3½ oz/99 g) mini marshmallows","all-purpose flour,baking soda,chocolate chips,egg,granulated sugar,honey,oil,salt"
3_VL0y-3C4c,Brown Butter Salted Caramel Chocolate Chunk Cookies,Cloudy Kitchen,https://www.youtube.com/watch?v=3_VL0y-3C4c,15628,230,20220130,recipe_page,https://cloudykitchen.com/blog/brown-butter-salted-caramel-chocolate-chunk-cookies/,"225g unsalted butter, straight from the fridge | 200g granulated sugar (for the caramel) | 150g muscovado sugar | 60g dark brown sugar | 100g granulated sugar | 2 eggs, at room temperature | 1 tsp vanilla bean paste or vanilla extract | 330g all-purpose flour | ¾ tsp baking powder | ¾ tsp baking soda | 1 tsp kosher salt | 255g good quality dark chocolate, chopped | Flaky Sea Salt for Finishing","all-purpose flour,baking powder,baking soda,brown sugar,butter,chocolate chips,egg,flaky sea salt,granulated sugar,salt,vanilla extract"
2VncWOAl3_s,Cookie Monster Cookie Dough Stuffed Cookies ♡ Bake With Me,Pinch Of Warmth,https://www.youtube.com/watch?v=2VncWOAl3_s,15557,651,20250818,description,,• ¾ cup (170g) cold unsalted butter | • 6 tbsp (81g) granulated sugar | • ¾ cup (135g) brown sugar | • 1 large egg (50g) | • 1 egg yolk (25g) | • 1 tsp blue gel food coloring | • 3 cups (360g) all-purpose flour | • 1 tsp (4g) baking soda | • 1 tsp (4g) baking powder | • ½ tsp (2g) salt | • ¾ cup (130g) semisweet chocolate chips | • ½ cup (90g) white chocolate chips,"all-purpose flour,baking powder,baking soda,brown sugar,butter,chocolate chips,egg,granulated sugar,salt,white chocolate"
zoH2QuNicuw,Best M&M Chocolate Chip Cookies Recipe (Soft and Chewy),Cara's Recipes,https://www.youtube.com/watch?v=zoH2QuNicuw,15547,226,20211202,recipe_page,https://www.kindlyunspoken.com/mm-chocolate-chip-cookies/,"1 cup (2 sticks) unsalted butter, softened | 1 large egg | 1 tsp vanilla extract | 2/3 cup granulated sugar | 1/2 cup light brown sugar | 2 cups self-rising flour | 1/2 cup semi-sweet chocolate chips | 1/2 cup mini semi-sweet chocolate chips | 1 cup M&Ms, plus more for top if desired","all-purpose flour,brown sugar,butter,chocolate chips,egg,granulated sugar,vanilla extract"
Ur1SmD57MqU,Molasses Cookies | Chewy Molasses Cookie Recipe | Old Fashioned Molasses Cookie,In The Kitchen With Dinah,https://www.youtube.com/watch?v=Ur1SmD57MqU,15433,567,20231114,description,,3/4 C soft butter | 1 C brown sugar | 1 egg | 1/4 C molasses | 1 tsp vanilla | 2 C flour | 1 tsp baking soda | 1/2 tsp salt | 1 tsp cinnamon | 1/2 tsp cloves | 1/2 tsp ginger | 1/2 C white sugar for rolling the dough,"all-purpose flour,baking soda,brown sugar,butter,cinnamon,cloves,egg,ginger,granulated sugar,molasses,salt,vanilla extract"
fA7l_9o3cnk,Double Chocolate Cookies | How Tasty Channel,How Tasty,https://www.youtube.com/watch?v=fA7l_9o3cnk,15402,456,20250912,recipe_page,https://www.how-tasty.com/double-chocolate-cookies/,"110 g (1/2 cup) unsalted butter (very softened, almost melted) | 175 g (3/4 cup+2 tbsp) Muscovado brown sugar (you can use any brown sugar; the darker, the better!) | 1/2 tsp  instant coffee powder (optional: it enhances chocolate flavor, but the cookies won't taste  of coffee) | 1   egg (room temperature) | 1  egg yolk (room temperature) | 1 tsp  vanilla extract | 50 g (1/3 cup+1 tbsp) unsweetened cocoa powder | 5 g (3/4 tsp) baking soda | 1/4 tsp  salt | 150 g (1+1/4 cup) all purpose flour | 80 g (1/2 cup) chocolate chips | 60 g (2 oz) cocolate chunks (reserve some for the top)","all-purpose flour,baking soda,brown sugar,butter,chocolate chips,cocoa powder,egg,salt,vanilla extract"
o9ramfA-7pY,BEST SNICKERDOODLE RECIPE EVER,MODERN HONEY by Melissa Stadler,https://www.youtube.com/watch?v=o9ramfA-7pY,15236,188,20211110,recipe_page,https://www.modernhoney.com/the-best-snickerdoodle-cookie-recipe/,"1 cup Unsalted Butter ((softened)) | 1 1/2 cups Sugar | 2 large Eggs | 2 teaspoons Vanilla | 2 3/4 cup  Flour | 1 1/2 teaspoon Cream of Tartar ((for less tang, use 1 teaspoon)) | 1/2  teaspoon Baking Soda | 3/4 teaspoon Salt | 1/4 cup Sugar | 1 1/2 Tablespoons Cinnamon","all-purpose flour,baking soda,butter,cinnamon,cream of tartar,egg,granulated sugar,salt,vanilla extract"
IvaZYNtS_8c,Matcha White Chocolate Cookie Recipe | Soft & Chewy,BakeItRateIt,https://www.youtube.com/watch?v=IvaZYNtS_8c,14996,284,20251029,description,,175g all-purpose flour | 2 tbsp matcha flour | 1/2 tsp baking powder | 1/2 tsp baking soda | 1/2 tsp cornstarch | 1/2 tsp salt | 1/2 cup unsalted butter (room-temperature) | 70g brown sugar | 40g granulated sugar | 1 tsp vanilla extract | 1 large egg (room-temperature) | 150g white chocolate chips + more for topping,"all-purpose flour,baking powder,baking soda,brown sugar,butter,cornstarch,egg,granulated sugar,salt,vanilla extract,white chocolate"
WXxK-zVcdWw,"the best ever, soft molasses cookies",ASHLYN CARTER,https://www.youtube.com/watch?v=WXxK-zVcdWw,14923,492,20211105,recipe_page,https://sallysbakingaddiction.com/soft-molasses-cookies/,"2 and 1/4 cups (281g) all-purpose flour (spooned & leveled) | 1 and 1/2 teaspoons baking soda | 2 teaspoons ground ginger | 1 and 1/2 teaspoons ground cinnamon | 1/4 teaspoon ground cloves | 1/4 teaspoon nutmeg | 1/4 teaspoon salt | 3/4 cup (12 Tbsp; 170g) unsalted butter, softened to room temperature | 1/2 cup (100g) packed light or dark brown sugar | 1/4 cup (50g) granulated sugar | 1/3 cup (113g/80ml) unsulphured or dark molasses (do not use blackstrap; I prefer Grandma’s brand) | 1 large egg, at room temperature | 2 teaspoons pure vanilla extract | 1/3 cup (67g) granulated or coarse sugar, for rolling","all-purpose flour,baking soda,brown sugar,butter,cinnamon,cloves,egg,ginger,granulated sugar,molasses,nutmeg,salt,vanilla extract"
xErPvKXdHio,Cutout Sugar Cookies,"Life, Love and Sugar",https://www.youtube.com/watch?v=xErPvKXdHio,14921,186,20181128,recipe_page,https://www.lifeloveandsugar.com/2015/12/03/cutout-sugar-cookies/,1/2 cup (112g) unsalted butter (room temperature) | 1 cup (207g) granulated sugar | 1  large egg | 1 tsp (5ml) vanilla extract | 2 1/4 cups (293g) all-purpose flour | 1/8 tsp salt | 1 1/2 tsp baking powder,"all-purpose flour,baking powder,butter,egg,granulated sugar,salt,vanilla extract"
MbJMhpkYqwk,White Chocolate Chip Macadamia Nut Cookies -- The Frugal Chef,The Frugal Chef,https://www.youtube.com/watch?v=MbJMhpkYqwk,14650,406,20141028,description,,"1 cup (227 grams) of unsalted, softened butter | ¾ cup (150 grams) white sugar | 1 cup (220 grams) brown sugar | 2 eggs at room temperature | ½ tsp. almond extract | 1 tsp. vanilla extract | 3 cups(380 grams) all-purpose white flour | 1 tsp. baking soda | ½ a tsp. of salt | 1 cup (110 grams) dried cranberries | 1 cup (110 grams) macadamia nuts | 12 oz. (312 grams) of white chocolate chips","all-purpose flour,baking soda,brown sugar,butter,egg,granulated sugar,macadamia nuts,nuts,salt,vanilla extract,white chocolate"
CXPc_uR0TwA,Gooey Brown Butter S’mores Cookie Bars 🍫 Cozy Baking,moonie bakie,https://www.youtube.com/watch?v=CXPc_uR0TwA,14601,682,20260328,description,,"• 140 g Unsalted butter (½ cup + 2 tbsp) | • 120 g Brown sugar (½ cup + 1 tbsp) | • 40 g White sugar (3 tbsp) | • 1 Large egg | • 1 Egg yolk | • 1 tsp Vanilla extract | • 190 g All-purpose flour (1½ cups) | • 2.5 g Baking soda (½ tsp) | • 120 g Chocolate chunks or chips (¾ cup) | • 2–3 Graham crackers (broken into chunks) | 2• Mix the brown butter with brown sugar and white sugar until smooth and glossy. | 3• Add the egg, egg yolk, and vanilla. Whisk until creamy, smooth, and slightly thick. | 4• Add flour, baking soda, and salt. Mix just until combined. | 5• Fold in crushed graham crackers and chocolate chunks. | 6• Line an 8×8 inch pan with parchment and place a layer of graham crackers on the bottom. | 7• Add the cookie dough and press evenly, saving some for the top. | 8• Add marshmallows, chocolate, and graham cracker pieces. | 9• Crumble the remaining dough on top. | 11• Right out of the oven, place extra chocolate on top and let it melt for that glossy finish. | 12• Let cool slightly, then slice and enjoy 🍫🔥","all-purpose flour,baking soda,brown sugar,butter,chocolate chips,egg,granulated sugar,vanilla extract"
0caNmar_k04,Old Fashioned Soft Molasses Cookies Recipe,Beverly Black,https://www.youtube.com/watch?v=0caNmar_k04,14507,523,20211217,description,,3/4 cup softened unsalted butter or shortening | 3/4 cup packed light brown sugar | 1 large egg | 1/2 cup molasses | 2 12 cups all-purpose flour | 1/4 tsp salt | 2 teaspoon baking soda | 1 tsp ground cinnamon | 1 tsp ginger | 1/2 tsp ground nutmeg | 30-DAY FREE TRIAL TO ANY LEVEL OF TUBEBUDDY,"all-purpose flour,baking soda,brown sugar,butter,cinnamon,egg,ginger,molasses,nutmeg,salt"
UgBQeJmX1VA,Matcha Chocolate Chip Cookies Recipe,The Cooking Foodie,https://www.youtube.com/watch?v=UgBQeJmX1VA,14471,504,20221125,description,,"• 1/2 cup (100g) Brown sugar, packed | • 1/4 cup (50g) White sugar | • 1/2 cup (115g) Unsalted butter, softened | • 1 large Egg | • 2 teaspoons Vanilla extract | • 3/4 teaspoon Baking soda | • 1/2 teaspoon Salt | • 1-2 tablespoons Matcha powder (depending on desired intensity) | • 1 cup (160g) Chocolate chips or less if you prefer","baking soda,brown sugar,butter,chocolate chips,egg,granulated sugar,salt,vanilla extract"
clDc5fRXV0U,Bakery-Style Snickerdoodle Cookies | Best Recipe! 🏆,Marie's Kitchen,https://www.youtube.com/watch?v=clDc5fRXV0U,14324,1243,20260711,description,,"2 ¾ cup (385 g) all-purpose flour | 1 ½ teaspoon cream of tartar | 1 teaspoon baking soda | ¾ teaspoon Kosher salt | 1 Tablespoon cornstarch (optional) | 1 cup (226 g) unsalted butter, softened | 1 cup (200 g) white granulated sugar | ½ cup (105 g) light brown sugar, packed | 2 teaspoons vanilla | 2 large eggs | ¼ cup (50 g) white granulated sugar | 1 Tablespoon ground cinnamon","all-purpose flour,baking soda,brown sugar,butter,cinnamon,cornstarch,cream of tartar,egg,granulated sugar,salt,vanilla extract"
DYvs2uf-qyM,Grandma's SECRET Ingredient: Nostalgic Oatmeal Raisin Cookie Recipe!,Kitchen in the Shire,https://www.youtube.com/watch?v=DYvs2uf-qyM,13534,780,20240902,description,,1/2 lb of butter. (2 sticks.) | 1 cup of light brown sugar. (198 grams.) | 1 cup of sugar. (198 grams.) | 2 eggs. | 1 1/2 cups of flour. (213 grams.) | 1/2 teaspoon of salt. | 1/2 teaspoon of baking powder. | 1/4 teaspoon of ground nutmeg. | 3 cups of old fashioned rolled oats. ( NOT quick oats.)    255 grams. | 1 1/2 cups of raisins. (150-200ish grams.),"all-purpose flour,baking powder,brown sugar,butter,egg,granulated sugar,nutmeg,oats,raisins,salt"
KIVgPQpMym0,Double Chocolate Espresso Cookies,Food52,https://www.youtube.com/watch?v=KIVgPQpMym0,13498,248,20180720,description,,"2 1/4 sticks unsalted butter, room temperature | 1 cup sugar | 1 cup light brown sugar | 2 eggs, room temperature | 2 1/2 cups flour | 3/4 cup unsweetened cocoa powder | 1 teaspoon baking soda | 1 teaspoon Kosher salt | 2 tablespoons instant espresso powder (like Medaglia D'Oro, or similar) | 12 ounces semisweet chocolate chips","all-purpose flour,baking soda,brown sugar,butter,chocolate chips,cocoa powder,egg,granulated sugar,salt"
Mkc-cauLEOU,"The BEST S’mores Cookies Recipe | Soft, Gooey & Loaded",Island Vibe Cooking,https://www.youtube.com/watch?v=Mkc-cauLEOU,13466,678,20260117,description,,"1 cup unsalted butter, room temperature | 1 cup dark brown sugar, packed | ½ cup granulated white sugar | 2 large eggs, room temperature | 3 cups all-purpose flour | 1 teaspoon salt | 1 teaspoon baking soda | 1127 Royal Palm Beach # 245","all-purpose flour,baking soda,brown sugar,butter,egg,granulated sugar,salt"
6bssusoeuZE,Easy Homemade Soft Chewy White Chocolate Macadamia Nut Cookies Recipe,In The Kitchen With Matt,https://www.youtube.com/watch?v=6bssusoeuZE,13396,396,20200730,description,,2 1/2 cups of all-purpose flour (310g) | 1 cup of unsalted softened butter (225 g) | 1 cup of packed brown sugar (200 g) | 1/2 cup of white granulated sugar (100 g) | 2 large eggs | 2 tsp. of vanilla extract (10ml) | 1/2 tsp. of salt (2.5 g) | 1 tsp. of baking soda (5 g) | 1 1/4 cup chopped macadamia nuts (158g) or add more if desired | 1 1/4 cup white chocolate chips or chopped white chocolate bar (218g),"all-purpose flour,baking soda,brown sugar,butter,egg,granulated sugar,macadamia nuts,salt,vanilla extract,white chocolate"
dLT-shzFoMg,This Chocolate Sugar Cookie Recipe is TRULY NO SPREAD |Make Perfect Circle Sugar Cookies to Decorate,Sweet Dreams Bake Shoppe,https://www.youtube.com/watch?v=dLT-shzFoMg,13233,538,20230105,recipe_page,https://www.thecookiecountess.com/blogs/recipes-and-tutorials/chocolate-cookie-recipe,"1 1/2 cups granulated sugar | 3/4 cup salted butter, softened | 1/4 cup dark corn syrup | 2 eggs | 1 teaspoon vanilla | 2/3 cup cocoa powder - try Genie's Dream Cocoa No 3 Ultra! | 1/4 teaspoon baking powder | 1/2 teaspoon salt | 3 - 3 1/2 cups flour (start with 3 and if your dough seems too sticky add more) | 2/3 cup cocoa powder - try Genie's Dream Cocoa No 3 Ultra! ","all-purpose flour,baking powder,butter,cocoa powder,egg,granulated sugar,salt,vanilla extract"
jzKvU_PAWqc,ITALIAN ALMOND COOKIES (RICCIARELLI),Inside The Rustic Kitchen,https://www.youtube.com/watch?v=jzKvU_PAWqc,13171,209,20210628,description,,2 cups ground almonds (250g) | 2 large egg whites | ¾ cup white sugar (150g) | 1 tsp almond extract | 1 tsp orange extract,"egg,granulated sugar,nuts"
b1-ps9XFSxk,White Chocolate & Cranberry Cookie,Savor Easy,https://www.youtube.com/watch?v=b1-ps9XFSxk,13076,643,20230317,description,,1/2 cup unsalted butter (115g) softened | 1 cup brown sugar (200g) | 1 large egg | 1 teaspoon of vanilla extract (5ml) | 1/4 tsp salt (1g) | 1 and 1/2 cup all purpose flour (190g) | 1/2 tsp baking soda(2g) | 1 cup dried cranberries | 1 cup white chocolate (chopped),"all-purpose flour,baking soda,brown sugar,butter,egg,salt,vanilla extract,white chocolate"
_TnrNuJmiEI,Chocolate Crinkle Cookies | How Not to Mess Up Cookies | Food Network,Food Network,https://www.youtube.com/watch?v=_TnrNuJmiEI,12923,407,20211203,description,,"1 cup all-purpose flour | 1/3 cup unsweetened cocoa powder | 2 teaspoons instant espresso powder | 1 teaspoon baking powder | 1/2 teaspoon fine salt | 1/4 teaspoon baking soda | 4 ounces bittersweet chocolate, chopped | 1 stick (8 tablespoons) unsalted butter, cut into pieces | 1 cup packed light brown sugar | 3 large eggs | 1 cup confectioners' sugar","all-purpose flour,baking powder,baking soda,brown sugar,butter,cocoa powder,egg,powdered sugar,salt"
pwfNuzHN6V0,S’mores Cookies Recipe 💕,Osli Gomez ,https://www.youtube.com/watch?v=pwfNuzHN6V0,12840,395,20250816,description,,"200g butter, melted | 3/4 cup brown sugar (130g) | 1/2 cup white sugar (100g) | 1 egg and half the white from another egg | 1 tsp vanilla | 2 1/2 cups flour (312g) | 1 tsp baking powder | 1 tsp baking soda | 1/2 tsp salt | 2 1/2 cups semi-sweet chocolate chips (300g)","all-purpose flour,baking powder,baking soda,brown sugar,butter,chocolate chips,egg,granulated sugar,salt,vanilla extract"
ahAf4uQBnhM,"Chunky, gooey, chewy, chocolatey and delicious. My take on Levain Bakery famous cookies.",Cooking with Paul,https://www.youtube.com/watch?v=ahAf4uQBnhM,12781,433,20210524,description,,1 cup Cold Butter cut into small cubes | 1 cup Brown Sugar | 1/2 cup Sugar | 2 Eggs | 1 1/2 cups Cake Flour* | 1 1/2 cups Flour | 1 teaspoon Cornstarch | 3/4 teaspoon Baking Soda | 3/4 teaspoon Salt | 2 cups Chocolate Chips | 2 cups Walnuts roughly chopped,"all-purpose flour,baking soda,brown sugar,butter,chocolate chips,cornstarch,egg,granulated sugar,nuts,salt"
yeTa6tqlcPw,The EASIEST Matcha Cookies | Tasty Recipe,Imanisserie,https://www.youtube.com/watch?v=yeTa6tqlcPw,12682,244,20201125,description,,*200 g flour (2 cups) | *150 g melted butter (3/4 cup) | *1 egg | *7 g baking powder (1/2 tbsp) | *130 g sugar brown (3/4 cup) | *10 g matcha (1 tbsp) | *50 g macadamia (1/2 cup) | *50 g white choc  (1/3 cup),"all-purpose flour,baking powder,butter,egg,granulated sugar,macadamia nuts"
zC8OeWIlnVQ,Red Velvet Cake Mix Cookies Recipe!,Dished,https://www.youtube.com/watch?v=zC8OeWIlnVQ,12664,158,20210604,description,,2 eggs | 1/3 cup vegetable oil | 1 box Red Velvet cake mix | 1/3 cup white chocolate chips,"egg,oil,white chocolate"
v6do0nIKUiU,S’mores… But Make Them Cookies,Sugar Spun Run,https://www.youtube.com/watch?v=v6do0nIKUiU,12284,627,20260504,description,,"1 cup (226 g) unsalted butter, softened | ¾ cup (150 g) granulated sugar | ¾ cup (150 g) light brown sugar, firmly packed | 2 large eggs | ½ teaspoon vanilla extract | 2 ⅓ cups (290 g) all-purpose flour | 1 ¼ cups (125 g) graham cracker crumbs | 2 teaspoons cornstarch | 1 teaspoon baking powder | ½ teaspoon baking soda | ½ teaspoon table salt | 2 cups (80 g) mini marshmallows, divided, see note | 1 cup (170 g) milk chocolate chips | 5-6 oz (140-170 g) coarsely chopped milk chocolate bars","all-purpose flour,baking powder,baking soda,brown sugar,butter,chocolate chips,cornstarch,egg,granulated sugar,salt,vanilla extract"
NVf9Sq5dtHs,Raspberry Almond Shortbread Thumbprint Cookies,Cooking Classy,https://www.youtube.com/watch?v=NVf9Sq5dtHs,12156,243,20171125,recipe_page,https://www.cookingclassy.com/raspberry-almond-shortbread-thumbprint-cookies/,"2 cups + 2 Tbsp (300g) all-purpose flour* | 1/4 tsp salt | 1 cup (226g) unsalted butter, cold and diced into 1 Tbsp pieces | 2/3 cup (140g) granulated sugar | 1/2 tsp almond extract | 1/2 cup seedless raspberry jam | 1 cup (124g) powdered sugar | 1 tsp almond extract | 2 - 4 tsp water","all-purpose flour,butter,granulated sugar,nuts,powdered sugar,salt"
9kZRa1Nm2WA,THE ONLY Oatmeal Raisin Cookies You'll Ever Need! | Crispy Oatmeal Raisin Cookies,How to Make Dinner,https://www.youtube.com/watch?v=9kZRa1Nm2WA,12085,349,20211104,recipe_page,https://howtomakedinner.com/blog/crispy-oatmeal-raisin-cookies/,"225 grams butter, room temperature | 340 grams white sugar (See recipe notes for a lower sugar option.) | 200 grams brown sugar (See recipe notes for a lower sugar option.) | 2  eggs | 2 teaspoons vanilla | 240 grams all-purpose flour | 1 teaspoon baking soda | 1 teaspoon baking powder | 1 teaspoon salt | 270 grams oats | 225 grams raisins","all-purpose flour,baking powder,baking soda,brown sugar,butter,egg,granulated sugar,oats,raisins,salt,vanilla extract"
19Orl0rPPE8,MATCHA COOKIES | How to Make Matcha Cookies with White Chocolate Chips | Ep. 72 | Mortar and Pastry,Mortar and Pastry,https://www.youtube.com/watch?v=19Orl0rPPE8,12078,228,20181213,description,,2 cups all purpose flour | 1 tablespoon matcha powder | ½ tsp baking soda | ½ tsp salt | ¾ cup melted butter | ¾ cup light brown sugar | 1/3 cup white sugar | 1 egg | 1 tsp vanilla | ½ cup white chocolate chips,"all-purpose flour,baking soda,brown sugar,butter,egg,granulated sugar,salt,vanilla extract,white chocolate"
NhzAR0I9rn8,NYC Style Stuffed Cookies ♡ Bake With Me,Pinch Of Warmth,https://www.youtube.com/watch?v=NhzAR0I9rn8,11898,286,20251111,description,,"• 227g (1 cup) unsalted butter, softened | • 100g (½ cup packed) brown sugar | • 150g (¾ cup) granulated sugar | • 2 large eggs (about 100g total) | • 10g (2 tsp) vanilla extract | • 240g (2 cups) all-purpose flour | • 120g (1 cup) cake flour | • 5g (1 tsp) baking soda | • 5g (2 tsp) cornstarch | • 4g (1 tsp) baking powder | • 3g (½ tsp) salt | 1️⃣ Biscoff | • 40g (about 6 tbsp) crushed Biscoff cookies | • 70g (½ cup) chocolate — white and semi-sweet | 2️⃣ Pistachio | • 40g (¼ cup) chopped pistachios (not roasted) | • 70g (½ cup) chocolate — white, ruby, or semi-sweet | 3️⃣ Red Velvet | • 5g (2 tsp) cocoa powder | • 5g (1 tsp) red gel food coloring | • 2g (½ tsp) vinegar | • 70g (½ cup) white and semi-sweet chocolate | • 30g (2 tbsp) cookies & cream chocolate","all-purpose flour,baking powder,baking soda,brown sugar,butter,chocolate chips,cocoa powder,cornstarch,egg,granulated sugar,salt,vanilla extract"
85-yIutHM2o,NO BUTTER - Vegan Chocolate Crinkle Cookies | Holiday Cookies,YdaJun's Plant-based Kitchen,https://www.youtube.com/watch?v=85-yIutHM2o,11824,445,20201219,description,,150 g | 1¼ cups all purpose flour | 8 g | 1 Tbsp cornstarch | 4 g | 1 tsp baking powder | 1 g | ¼ tsp baking soda | 1.5 g | ¼ tsp salt | 150 g | ¾ cup brown sugar (use 200 g | 1 cup if you prefer them sweeter) | 71 g | ⅓ cup neutral-tasting oil (ex. canola oil) | 80 g | ⅓ cup dairy-free milk | 4 g | 1 tsp pure vanilla extract | 50 g | ½ cup cocoa powder | 67 g | ⅓ cup granulated sugar | 100 g | ½ cup powdered sugar,"all-purpose flour,baking powder,baking soda,brown sugar,cocoa powder,cornstarch,granulated sugar,milk,oil,powdered sugar,salt,vanilla extract"
l7GJK-6etPc,Buttery Jam Thumbprint Cookies,Chew Out Loud,https://www.youtube.com/watch?v=l7GJK-6etPc,11787,103,20171206,recipe_page,https://www.chewoutloud.com/buttery-jam-thumbprint-cookies/,1 cup unsalted butter (very slightly softened and sliced) | 1/2 - 1 cup powdered sugar (see notes) | 1 teaspoon pure vanilla extract | 1  teaspoon almond extract (see notes) | 1/2 teaspoon table salt | 2 cups all purpose flour | 1/2 cup real fruit preserves,"all-purpose flour,butter,nuts,powdered sugar,salt,vanilla extract"
WOk9ngAvRrk,Soft Gingerbread Cookies,Together to Eat,https://www.youtube.com/watch?v=WOk9ngAvRrk,11725,295,20221102,recipe_page,https://www.togethertoeat.com/soft-gingerbread-cookies/,125 g unsalted butter (softened) | 160 g dark brown sugar | 1  egg | 1 teaspoon vanilla essence | 225 g self-raising flour | 1 1/2 teaspoons ground ginger  (see note 2) | 1 1/2 teaspoon ground cinnamon | 1/8 teaspoon or large pinch salt | Pinch of all spice (optional),"brown sugar,butter,cinnamon,egg,ginger,raisins,salt,vanilla extract"
GEibZYl49tA,ESPRESSO COOKIES | Espresso Chocolate Chip Cookies,YSG Kitcheneria,https://www.youtube.com/watch?v=GEibZYl49tA,11705,285,20201020,description,,"1 3/4 cup | 219 g all purpose flour | 1/2 tsp. baking soda | 1/2 tsp. salt | 1/4 cup     | 50 g espresso powder/ instant coffee | 3/4 cup     | 170 g butter, melted and cooled | 3/4 cup     | 165 g brown sugar | 1/4 cup     | 50 g white sugar | 2 eggs | 1 tsp. vanilla extract | 1/2 cup (4oz.) | 113 g semisweet chocolate, chopped","all-purpose flour,baking soda,brown sugar,butter,chocolate chips,egg,granulated sugar,salt,vanilla extract"
q96ite9kubM,The BEST CHEWY Lemon Sugar Cookies Recipe!,Seamless Cooking,https://www.youtube.com/watch?v=q96ite9kubM,11675,394,20240525,description,,"40g unsalted butter (3 tbsp) | 55g sugar (¼ cup) | 1 egg yolk | 1g vanilla bean paste (¼ tsp) | 7g lemon juice (1 tsp + ½ tsp) | 2g lemon zest (½ tsp tbsp) | 65g all-purpose flour (½ cup) | 1g baking powder (¼ tsp) | 1g baking soda (¼ tsp) | 0,5g salt (⅛ tsp) | 20g sugar (1 ½ tbsp) | 1g lemon zest (¼ tsp)","all-purpose flour,baking powder,baking soda,butter,egg,granulated sugar,salt,vanilla extract"
ELLxdFyAH7g,ALL the Fall Flavor WITHOUT Pumpkin: Pumpkin Spice Cookies,Sugar Spun Run,https://www.youtube.com/watch?v=ELLxdFyAH7g,11675,672,20250929,description,,1 cup (226 g) unsalted butter softened | 1 ½ cups (300 g) brown sugar firmly packed | 1 large egg + 1 egg yolk | 1 teaspoon (5 ml) vanilla extract | 2 ¾ cups (350 g) flour | 1 teaspoon baking soda | ½ teaspoon cream of tartar | ½ teaspoon table salt | ¼ teaspoon ground cinnamon | ¼ cup (50 g) granulated sugar | 1 teaspoon pumpkin spice,"all-purpose flour,baking soda,brown sugar,butter,cinnamon,cream of tartar,egg,granulated sugar,salt,vanilla extract"
Lf_gzFQS6sw,Chocolate Crinkles | Betty Crocker Recipe,Betty Crocker,https://www.youtube.com/watch?v=Lf_gzFQS6sw,11521,85,20181010,recipe_page,https://www.bettycrocker.com/recipes/chocolate-crinkles/941e22b3-9a48-4fb1-bdb0-27479e76d484,"1/2 cup vegetable oil | 4 oz unsweetened baking chocolate, melted, cooled | 2 cups granulated sugar | 2 teaspoons vanilla | 4 eggs | 2 cups Gold Medal™ All Purpose Flour | 2 teaspoons baking powder | 1/2 teaspoon salt | 3/4 cup powdered sugar","all-purpose flour,baking powder,egg,granulated sugar,oil,powdered sugar,salt,vanilla extract"
FdHFJ7tTfEw,Lemon Thumbprint Cookies | Sally's Baking,Sally's Baking Recipes,https://www.youtube.com/watch?v=FdHFJ7tTfEw,11480,245,20240801,recipe_page,https://sallysbakingaddiction.com/lemon-thumbprint-cookies/,"2 and 1/4 cups (281g) all-purpose flour, spooned and leveled | 1 Tablespoon (8g) cornstarch | 1/4 teaspoon salt | 14 Tablespoons (200g) unsalted butter, softened to room temperature (see Note) | 3/4 cup (150g) granulated sugar | 1 Tablespoon fresh lemon zest | 1 Tablespoon fresh lemon juice | 1 large egg, at room temperature | 1 teaspoon vanilla bean paste (or vanilla extract) | 1/2 cup (100g) granulated sugar | 1/2 cup (140g) homemade lemon curd or store-bought | 1 cup (120g) confectioners’ sugar | 2 Tablespoons (30ml) fresh lemon juice","all-purpose flour,butter,cornstarch,egg,granulated sugar,powdered sugar,salt,vanilla extract"
fkQXmJnoI64,EASY THUMBPRINT COOKIES | Jam or Chocolate Filled!,Weekend at the Cottage,https://www.youtube.com/watch?v=fkQXmJnoI64,10965,143,20191124,recipe_page,https://weekendatthecottage.com/easy-thumbprint-cookies/," | pound butter (4 sticks) soft | cup granulated sugar | teaspoon kosher salt | egg yolks, room temperature | teaspoons pure vanilla extract | cups unbleached all-purpose flour |  | Chocolate chips | Apricot jam | Raspberry jam","all-purpose flour,butter,chocolate chips,egg,granulated sugar,salt,vanilla extract"
79A8O9AYbjI,🍪 Cookie Pie with Nutella! Simple and quick recipe!,Bake Tasty Cake,https://www.youtube.com/watch?v=79A8O9AYbjI,10942,264,20250601,description,,"200 g dark chocolate (55–70%) → 7 oz. Chop. | 200 g salted butter, softened → 14 tbsp (1 ¾ sticks) | 250 g light brown sugar → 1 ¼ cups (packed) | 1 tsp vanilla extract or vanilla sugar | 1 large egg, room temperature | 320 g all-purpose flour → 2 ½ cups + 2 tbsp | 1/4 tsp bicarbonate of soda → 1/4 tsp baking soda | 300–350 g Nutella → 1 to 1 ¼ cups - spread evenly over the base.","all-purpose flour,baking soda,brown sugar,butter,chocolate chips,egg,vanilla extract"
LwnsjYDLqlY,Lemon Shortbread Recipe | Simple Lemon Cookies From-Scratch,The Fed Up Foodie,https://www.youtube.com/watch?v=LwnsjYDLqlY,10827,242,20230406,recipe_page,https://www.thefedupfoodie.com/lemon-shortbread-cookies/,"2 large lemons zested (*about 3 tablespoons of zest, see Note #1 below) | 3/4 pound unsalted butter (*room temperature ) | 1  cup granulated sugar | 1 teaspoon lemon extract | 3 1/2 cups all-purpose flour (*see Note # 2 below) | 1/4 teaspoon salt (*see Note # 3 below) | 1 large lemon zested (*approximately 1 1/2 tablespoons ) | 1/4 cup Sparkling Sugar  (*see Note # 4 below)","all-purpose flour,butter,granulated sugar,salt"
1Dn20BaG2r0,Salted Caramel Chocolate Chip Cookies ♡ Bake With Me,Pinch Of Warmth,https://www.youtube.com/watch?v=1Dn20BaG2r0,10721,479,20251116,description,,"• 200 g softened unsalted butter (≈ 14 tbsp, about 7/8 cup) | • 50 g brown sugar (≈ 1/4 cup, packed) | • 100 g granulated sugar (≈ 1/2 cup) | • 100 g eggs (≈ 2 large) | • 8 g vanilla extract (≈ 2 tsp) | • 320 g all‑purpose flour (≈ 2 2/3 cups) | • 2 g salt (≈ 1/3 tsp) | • 6 g baking powder (≈ 1 1/2 tsp) | • 200 g chocolate chips or chunks (≈ 1 1/8 cups) | • 100 g soft caramel pieces, chopped (≈ 2/3 cup)","all-purpose flour,baking powder,brown sugar,butter,chocolate chips,egg,granulated sugar,salt,vanilla extract"
IDrafo3S5TU,Vegan Starbucks Style Matcha Latte & Matcha Cream Cookies 🍵 Sugar-free plant based recipes!,The Whole Food Plant Based Cooking Show,https://www.youtube.com/watch?v=IDrafo3S5TU,10720,608,20211204,recipe_page,https://plantbasedcookingshow.com/2021/12/04/matcha-latte-matcha-cream-cookies,1/2 cup cashews | 1/4 cup deglet dates (diced) | 1/2 teaspoon vanilla extract | 1 teaspoon matcha powder | 1/2 cup hot water | 1 teaspoon lemon juice | 1 1/2 cups organic rolled oats (ground into flour) | 1 1/2 cups almond flour | 1/2 teaspoon baking soda | 1/2 teaspoon baking powder | 1/2 teaspoon cinnamon | 1 teaspoon matcha powder | 3/4 cups deglet dates (diced ) | 1/3 cup tahini | 1/2 cup hot water | 1 teaspoon vanilla extract | 1/2 teaspoon matcha powder | 1/2 cup hot water | 1-2 teaspoons date syrup (your preference of sweetness) | 1/2 cup soy milk (or plant based milk of your choice),"all-purpose flour,baking powder,baking soda,cinnamon,milk,nuts,vanilla extract"
YQTmnZEYo0E,How to Make Chocolate Crinkle Cookies,Sugar Spun Run,https://www.youtube.com/watch?v=YQTmnZEYo0E,10708,299,20181217,description,,12 Tablespoons unsalted butter softened (170g) | 1 1/2 cups sugar (300g) | 1/2 cup light or dark brown sugar tightly packed (100g) | 4 large eggs | 2 teaspoons vanilla extract | 2 1/2 cups all-purpose flour (313g) | 1 cup natural cocoa powder (100g) | 1 Tablespoon baking powder | 3/4 teaspoon salt | 1 cup mini chocolate chips | 2 cups powdered sugar for rolling,"all-purpose flour,baking powder,brown sugar,butter,chocolate chips,cocoa powder,egg,granulated sugar,powdered sugar,salt,vanilla extract"
NNlx9CYmQxo,The Trick to Soft Gluten Free Cookies Everyone Asks About,Let Them Eat Gluten Free Cake,https://www.youtube.com/watch?v=NNlx9CYmQxo,10522,343,20241204,recipe_page,https://www.letthemeatgfcake.com/gluten-free-cut-out-sugar-cookies/,"1 lb (453g) butter, at room temperature ((dairy-free butter may be substituted)) | 8 oz (226g) cream cheese, softened ((dairy-free cream cheese may be substituted)) | 2 cups (400g) granulated sugar | 2 large egg yolks, at room temperature | ¼ tsp kosher salt | 4 cups (480g) powdered sugar | 3 tbsp meringue powder | 5-10 tbsp (75-150g) water, room temperature ((amount depends on the consistency you desire)) | 3 cups (340g) powdered sugar, sifted | ¼ tsp almond extract ((optional, but adds so much flavor)) | 1½ tsp vanilla extract | 4¾ cups (665g) Kim's all purpose gluten free flour blend ((plus additional flour for rolling out dough)) | 1½ cups (340g) butter, at room temperature | 1½ tsp vanilla extract","all-purpose flour,butter,egg,granulated sugar,nuts,powdered sugar,salt,vanilla extract"
oRUeo0lPmsQ,Perfect Brown Butter Chocolate Chip Cookies Recipe,The Scran Line Everyday,https://www.youtube.com/watch?v=oRUeo0lPmsQ,10419,175,20240816,recipe_page,https://thescranline.com/brown-butter-chocolate-chip-cookies/,170 g unsalted butter | 200 g all-purpose flour (plain flour) | 1/2 tsp baking powder | 1/2 tsp bicarb soda | 1/2 tsp salt | 165 g brown sugar | 1 tsp vanilla extract | 40 g caster sugar (or white granulated sugar) | 1  large egg (room temperature) | 1  egg yolk (room temperature) | 200 g Chopped Lindt chocolate (or dark chocolate chips) | Sea salt flakes (to sprinkle),"all-purpose flour,baking powder,baking soda,brown sugar,butter,chocolate chips,egg,flaky sea salt,granulated sugar,salt,vanilla extract"
jc6vHqTopm0,CRANBERRY WHITE CHOCOLATE CHIP COOKIES,Irene Magazine,https://www.youtube.com/watch?v=jc6vHqTopm0,10336,232,20200510,description,,"80g unsalted butter softened | 100g granulated sugar | 100g brown sugar | 1 large egg | 2 tbsp cream | 1 tsp vanilla extract | 250g all-purpose flour | 1 tsp baking soda | 1/4 tsp salt | 100g dried cranberries | 100g white chocolate, chopped","all-purpose flour,baking soda,brown sugar,butter,egg,granulated sugar,salt,vanilla extract,white chocolate"
U-GnSt2d_II,Easy and chewy vegan matcha cookie recipe! | The Chestnut Bakery,Maiko | The Chestnut Bakery,https://www.youtube.com/watch?v=U-GnSt2d_II,10335,203,20220518,recipe_page,https://thechestnutbakery.com/vegan-matcha-cookies/,"2 cups (220g) plain flour | 3/4 cup (90g) chopped white chocolate chunks | 3/4 cup (150g) brown sugar | 1/4 cup (50g) granulated sugar | 1/2 cup (105g) coconut butter, room temperature | 1/2 cup (125ml) soy milk, room temperature | 1 tbsp cornflour | 1-2 tbsp matcha powder | 1 tsp baking powder | 1/2 cup (105g) coconut butter, room temperature  | 1/2 cup (125ml) soy milk, room temperature ","all-purpose flour,baking powder,brown sugar,butter,chocolate chips,cornstarch,granulated sugar,milk"
HuMb0P_qbpM,OATMEAL CHOCOLATE CHIP COOKIES,YSG Kitcheneria,https://www.youtube.com/watch?v=HuMb0P_qbpM,10225,187,20210223,description,,"1/2 cup (114 g) unsalted butter, browned and cooled | 1/2 cup (110 g)brown sugar | 1 egg | 1 tsp. vanilla extract | 1/2 tsp. salt | 1/2 tsp. baking soda | 1/2 tsp. cinnamon | 3/4 cup (90 g) all purpose flour | 1 cup (80 g)old fashioned/ rolled oats | 3/4 cup (120 g) semisweet chocolate chip","all-purpose flour,baking soda,brown sugar,butter,chocolate chips,cinnamon,egg,oats,salt,vanilla extract"
LN6q4LU0UsE,Soft Red Velvet Cookies With Cream Cheese Frosting | Crumbl Copycat Red Velvet Cupcake Cookie |,The Chopping Board,https://www.youtube.com/watch?v=LN6q4LU0UsE,9998,293,20250105,description,,- 1/2 cup softened butter (113g) | - 1/3 cup granulated sugar (65g) | - 1/4 cup brown sugar (45g) | - 1 egg | - 1 tsp vanilla extract | - 1 1/3 cup all purpose flour (160g) | - 3 tbsp cocoa powder (21g) | - 1/2 tsp baking soda | - 1/2 tsp baking powder | - 1/4 tsp salt | - 1-2 tsp red food colour | - 1 tsp vinegar | - 1/3 cup cold butter (75g) | - 3/4 cup cream cheese (170g) | - 1/2 tsp vanilla extract | - 1/4 tsp salt | - 1 1/2 cups icing sugar ( 190g),"all-purpose flour,baking powder,baking soda,brown sugar,butter,cocoa powder,egg,granulated sugar,powdered sugar,salt,vanilla extract"
Ea-K8TbS83I,Cheesecake cookies | Baking stuffed cookies at home,Anna Grihp,https://www.youtube.com/watch?v=Ea-K8TbS83I,9997,798,20250814,recipe_page,https://sugarpursuit.com/cheesecake-cookies/,200 g cream cheese (cold) | 15 ml heavy whipping cream (cold) | 35 g powdered sugar | 1/2 tsp vanilla extract | 120 g unsalted butter (at room temperature) | 70 g white granulated sugar | 70 g light brown sugar | 1 tsp vanilla extract | 2  large eggs (at room temperature) | 250 g all-purpose flour | 2 tsp baking powder | 1 tsp salt,"all-purpose flour,baking powder,brown sugar,butter,egg,granulated sugar,powdered sugar,salt,vanilla extract"
XIVAJUbRk6k,Super Soft Molasses Cookies!,Beyond the Butter,https://www.youtube.com/watch?v=XIVAJUbRk6k,9883,84,20221012,description,,•  2 cups All-Purpose Flour | •  1/2 tsp Ground Cloves | •  1/2 tsp Ground Ginger | •  2 tsp Baking Soda | •  1 tsp Ground Cinnamon | •  1/2 tsp Salt | •  3/4 cup Vegetable Oil | •  1 cup Granulated Sugar (plus a little extra for rolling the cookies in) | •  1/4 cup Full Flavor Molasses | •  1 Large Egg,"all-purpose flour,baking soda,cinnamon,cloves,egg,ginger,granulated sugar,molasses,oil,salt"
0Q0hKl05TdI,The Best Gluten Free Chocolate Chip Cookie Recipe,Bob's Red Mill,https://www.youtube.com/watch?v=0Q0hKl05TdI,9656,131,20191204,recipe_page,https://www.bobsredmill.com/recipes/how-to-make/chocolate-chip-cookies-gluten-free-2,2 ¼ cups Gluten Free 1-to-1 Baking Flour | 1 tsp Baking Soda | 1 tsp Salt | 1 cup Butter softened | ¾ cup Sugar | ¾ cup Brown Sugar packed | 1 tsp Vanilla Extract | 2 Eggs | 2 cups Chocolate Chips | 1 cup Chopped Walnuts (optional),"all-purpose flour,baking soda,brown sugar,butter,chocolate chips,egg,granulated sugar,nuts,salt,vanilla extract"
sxxIWNaKglg,"Chocolate Crinkle Cookies – Soft, Fudgy & So Easy!",Spice Bangla,https://www.youtube.com/watch?v=sxxIWNaKglg,9537,238,20251202,recipe_page,https://www.spicebangla.com/chocolate-crinkle-cookies/,1  and 1/4 cup All Purpose Flour | 1 tsp baking powder | 1/4 tsp Salt | 1/2 cup Cocoa powder | 1 cup granulated sugar | 1/3 cup vegetable oil / neutral oil | 2  large egg | 1 tsp Vanilla Essence | 1 cup powder sugar/ confectionery sugar,"all-purpose flour,baking powder,cocoa powder,egg,granulated sugar,oil,salt,vanilla extract"
YUGPIOiIu4A,Soft and Chewy Oatmeal Raisin Cookies | Oatmeal Cookies Recipe,Regester For Dinner,https://www.youtube.com/watch?v=YUGPIOiIu4A,9467,94,20211008,description,,"- 1 cup salted butter, softened (2 sticks) | - 1 cup granulated sugar | - 1 cup packed light brown sugar | - 2 tsp pure vanilla extract | - 2 large eggs | - 1 ½ cup all purpose flour | - 1 tsp salt | - 1 tsp cinnamon | - 1 tsp baking powder | - 1/2tsp baking soda | - 1/4tsp nutmeg | - 2 ½ cup quick cooking oats | - 2 cup raisins","all-purpose flour,baking powder,baking soda,brown sugar,butter,cinnamon,egg,granulated sugar,nutmeg,oats,raisins,salt,vanilla extract"
EzzPyybSvsM,S'mores Cookies Recipe (Indoor Smores!),Crazy for Crust,https://www.youtube.com/watch?v=EzzPyybSvsM,9177,196,20220509,description,,"½ cup (113g) unsalted butter, melted | ⅓ cup (67g) granulated sugar | ½ cup (100g) packed brown sugar | 1 large egg | 1 teaspoon vanilla | ½ teaspoon butter extract | ½ teaspoon baking soda | ½ teaspoon salt | 1 ½ cups (186g) all-purpose flour | ½ heaping cup (32g) coarsely broken graham cracker squares (4 squares) | 4 (176g) Hershey Bars , divided | ½ cup (26g) mini marshmallows, plus more for topping","all-purpose flour,baking soda,brown sugar,butter,egg,granulated sugar,salt,vanilla extract"
npbw5-3449g,Best S’mores Chocolate Chip Cookies | Cozy Fall Baking 🍂🍫,moonie bakie,https://www.youtube.com/watch?v=npbw5-3449g,9123,396,20250910,description,,"1️⃣ Brown butter until golden and nutty; cool to warm room temp. | 2️⃣ Whisk browned butter with sugars until glossy; add eggs + vanilla. | 3️⃣ Sift in flour, cornstarch, baking soda, baking powder, and salt; fold gently. | 4️⃣ Stir in chocolate chunks and crack some graham into dough.","baking powder,butter,chocolate chips,vanilla extract"
ndhHqoY4kdE,"The Only Stuffed Cookie Recipe You Need — Eggless, Wholewheat, Different Fillings",Vanilla Trails,https://www.youtube.com/watch?v=ndhHqoY4kdE,9059,384,20260713,description,,"1/2 cup, 100g Unsalted Butter | 1/4 cup, 35g Jaggery | 1/4 cup, 40g Raw Sugar | 1 tsp, 5ml Vanilla Extract | 1/4 tsp Cinnamon | 1/8 tsp Salt or 1/4 tsp Pink Salt | 1/4 tsp Baking Powder | 2 tbsp, 30ml Milk | 1 cup, 130g Wholewheat Flour | 1/2 tbsp, 3g Corn Flour | 50g Chopped Chocolate - In the dough | 10-15g Chocolate Chunk (for stuffing each cookie) | 30g Chopped Chocolate | 30g Chopped Nuts | 1 tbsp Frozen Chocolate Ganache/Nutella/Caramel (for stuffing each cookie)","all-purpose flour,baking powder,butter,chocolate chips,cinnamon,granulated sugar,milk,salt,vanilla extract"
bo2LkoVJQqw,BEST EVER Double Chocolate Chip Cookies,Crazy for Crust,https://www.youtube.com/watch?v=bo2LkoVJQqw,8956,197,20211220,description,,"½ cup (113g) unsalted butter, melted | ⅓ cup (67g) granulated sugar | ½ cup (100g) packed light brown sugar | 1 large egg | 1 teaspoon vanilla extract | ¼ cup (20g) unsweetened cocoa powder not dutch process | ½ teaspoon baking soda | ½ teaspoon salt | 1 ⅓ cups (165g) all-purpose flour | 1 ½ cups (255g) chocolate chips (semi-sweet or milk)","all-purpose flour,baking soda,brown sugar,butter,chocolate chips,cocoa powder,egg,granulated sugar,salt,vanilla extract"
d5IxRDWZSUI,"Ultimate Gluten-Free Chocolate Chip Cookies | Easy, Chewy, and Delicious Recipe!",Kaitlyn Taylor,https://www.youtube.com/watch?v=d5IxRDWZSUI,8811,334,20200913,description,,1 1/2 Cup All-Purpose Flour (192g) (If Gluten Free Use King Arthur's Gluten Free Measure For Measure Flour) | 1/2 Cup Granulated Sugar (100g) | 1/2 Cup Light Brown Sugar (110g) | 1/2 Tsp Baking Soda | 3/4 Cup Chocolate (120g) | 1 Egg (room temperature) | 1 Tsp of Vanilla Extract (5mL) | 8 Tbsp Salted Butter (113g) (Melted) (If Dairy Free use Earth Balance Vegan Butter),"all-purpose flour,baking soda,brown sugar,butter,egg,granulated sugar,vanilla extract"
Ia4FzGRwXRk,Soft CUT OUT Christmas Sugar Cookies - perfect every time! | The Recipe Rebel,Ashley . The Recipe Rebel,https://www.youtube.com/watch?v=Ia4FzGRwXRk,8761,150,20211201,description,,½ cup unsalted butter (room temperature) | 2 cups granulated sugar (400 grams) | ⅔ cup sour cream (5-14%) | 1 egg | 2 teaspoons vanilla extract | 4 cups all purpose flour (520 grams) | ½ teaspoon baking powder | ¼ teaspoon salt | ¼ cup melted butter | 2 tablespoons milk | 1 teaspoon vanilla (optional: will darken the frosting slightly),"all-purpose flour,baking powder,butter,egg,granulated sugar,milk,salt,vanilla extract"
VL_3BGAIO5c,NY style white chocolate chip cookies with caramel! Easy stuffed cookie recipe,Cookie Sheets & Sweets,https://www.youtube.com/watch?v=VL_3BGAIO5c,8643,202,20211112,description,,1 + 1/4 Cup All purpose flour | 1/2 Tsp Baking soda | 1/4 Tsp Sea salt | 1/2 Cup Butter (softened to room temperature) | 1/3 Cup White sugar | 1/3 Cup Brown sugar | 1 Tsp Vanilla extract | 1 Large egg | 1/2 Cup White chocolate chips (for mixing in) + 1/4 cup for the tops! | 18-20 caramel candies,"all-purpose flour,baking soda,brown sugar,butter,egg,flaky sea salt,granulated sugar,vanilla extract,white chocolate"
CpijZK1vs-0,how to make coffee walnut chocolate chip cookies - easy recipe with Coffee Friend (ad),Maverick Baking,https://www.youtube.com/watch?v=CpijZK1vs-0,8603,462,20220628,description,,"- 125g (8 ½ tbsp) softened butter | - 100g (½ cup) soft dark brown sugar, or raw cane sugar | - 100g (½ cup) caster sugar | - 2 tsp vanilla extract or paste | - 1 large egg | - 1 large egg yolk | - 2 shots of espresso, or 1 tbsp of granulated coffee mixed into 2 tbsp boiling water | - 275g (2 cups) plain or ’00’ flour | - 1 tsp bicarbonate of soda | - ½ tsp salt | - 100g (3 ½ oz) chopped walnuts | - 100g (3 ½ oz) milk chocolate chips or chunks","all-purpose flour,baking soda,brown sugar,butter,chocolate chips,egg,granulated sugar,nuts,oil,salt,vanilla extract"
wlWqRfo618g,How to Make Chocolate Crinkles Cookies | Easy Crinkle Cookie Recipe,In The Kitchen With Matt,https://www.youtube.com/watch?v=wlWqRfo618g,8439,245,20190914,description,,1/4 cup unsalted butter or use vegetable or canola oil (55g) | 1/2 cup white granulated sugar (105g) | 1/2 cup unpacked brown sugar (100g) | 2 large eggs | 1 tsp. vanilla extract (5ml) | 1 cup all-purpose (plain) flour (125g) | 1/2 unsweetened cocoa powder (50g) | 1 tsp. baking powder (5g) | 1/2 tsp. of table salt (2g),"all-purpose flour,baking powder,brown sugar,butter,cocoa powder,egg,granulated sugar,salt,vanilla extract"
NV3sD4hjXrs,"The MOST Perfect Chocolate Chip Cookies! Crunchy Outside, Soft & Chewy Inside!",Black Cat Kitchen,https://www.youtube.com/watch?v=NV3sD4hjXrs,8423,228,20230202,description,,"170g (3/4 cups) butter, soft and unsalted | 50g (1/4 cup) white sugar (granulated) | 227g (1 cup) brown sugar | 1 egg | 17g (4 tsp.) vanilla extract (You can use less; 2 tsp. minimum) | 240g (2 cups) flour | 8g (2 tsp.) cornflour (or cornstarch) | 4g (1 tsp.) baking soda | 2g (1/2 tsp.) salt | 350g (2 cups) dark chocolate chips (also known as semi-sweet chocolate)","all-purpose flour,baking soda,brown sugar,butter,chocolate chips,cornstarch,egg,granulated sugar,salt,vanilla extract"
9kC2FtzrDR4,Gluten Free Chocolate Chip Cookies,Iowa Girl Eats,https://www.youtube.com/watch?v=9kC2FtzrDR4,8318,131,20221208,description,,"1/2 cup (1 stick) butter, softened to room temperature | 1/2 cup brown sugar | 1/4 cup granulated sugar | 1 large egg | 1 teaspoon vanilla extract | 1-1/4 cups gluten free flour baking blend WITH binder (see notes) | 1/2 teaspoon baking soda | 1 cup gluten free chocolate chips","all-purpose flour,baking soda,brown sugar,butter,chocolate chips,egg,granulated sugar,vanilla extract"
mX6e2p-9I-I,Recipe of the Day: S'mores Cookie Crumble Bars | Food Network,Food Network,https://www.youtube.com/watch?v=mX6e2p-9I-I,8304,152,20170826,description,,"8 sheets graham crackers, finely ground, or 1 cup store-bought graham cracker crumbs | 1 1/2 cups all-purpose flour | 2/3 cup confectioners' sugar | 1/2 teaspoon kosher salt | 1 1/2 sticks (6 ounces) unsalted butter, softened | 1 large egg, at room temperature | 1/2 teaspoon vanilla extract | 1 cup marshmallow creme","all-purpose flour,butter,egg,powdered sugar,salt,vanilla extract"
Sz7EcrRqT8w,Easy Chocolate Crinkle Cookies | Mary Cookhouse,MARY COOKHOUSE,https://www.youtube.com/watch?v=Sz7EcrRqT8w,8295,111,20201212,description,,2 cups all-purpose flour | 1 cup unsweetened cocoa powder | 1 cup granulated sugar | 1/2 cup brown sugar | 1/2 cup vegetable oil | 4 medium eggs (room temperature) | 2 tsp vanilla extract | 2 tsp baking powder | 1/2 tsp salt,"all-purpose flour,baking powder,brown sugar,cocoa powder,egg,granulated sugar,oil,salt,vanilla extract"
rRLwZMGRk2s,Cranberry-Chocolate Chunk Cookies | Betty Crocker Recipe,Betty Crocker,https://www.youtube.com/watch?v=rRLwZMGRk2s,8263,40,20181205,recipe_page,https://www.bettycrocker.com/recipes/cranberry-chocolate-chunk-cookies/7edfb21e-bf09-44f3-83aa-53fe08068f6d,1 pouch (17.5 oz) Betty Crocker™ Sugar Cookie Mix | 1 bag (6 oz) 70% cacao bittersweet chocolate chunks (about 1 1/4 cups) | 3/4 cup dried cranberries | 2 teaspoons coarse sparkling white sugar |  Butter and egg called for on cookie mix pouch for drop cookies,"butter,chocolate chips,granulated sugar"
iX54Fqz67WA,The BEST Brown Butter Double Chocolate Cookies Recipe 🍪,Soph's Goodies,https://www.youtube.com/watch?v=iX54Fqz67WA,8234,389,20260719,description,,- 125g Unsalted Butter | - 1 Tsp Vanilla Extract | - 1/2 Tsp Bicarbonate of Soda | - 100g Light Brown Sugar | - 85g Caster Sugar | - 1 Medium Egg | - 1 Egg Yolk | - 210g Plain Flour | - 100 Milk Chocolate | - 100g Dark Chocolate | - 1 Tsp Golden Syrup,"all-purpose flour,baking soda,brown sugar,butter,chocolate chips,egg,granulated sugar,vanilla extract"
zvw3ZyqaLPY,Red Velvet Sugar Cookies | No Chill Needed | Small Batch Cookie Recipe,Cook Me Food,https://www.youtube.com/watch?v=zvw3ZyqaLPY,8175,370,20230205,description,,"• ½ cup (112g) unsalted butter (melted & slightly cooled) | • 2/3 cup (138g) white sugar, plus more for coating | • 2 large egg yolks (room temperature) | • 1 tsp vanilla extract | • 1 tsp red gel food coloring (*see notes below) | • 1 ¼ (157g) cup all-purpose flour (*spooned & leveled) | • 4 tsp (8g) unsweetened cocoa powder | • 1 tsp cornstarch | • ½ tsp baking soda | • ¼ tsp salt","all-purpose flour,baking soda,butter,cocoa powder,cornstarch,egg,granulated sugar,salt,vanilla extract"
_OE3riN7C7U,how to make espresso hazelnut chocolate cookies - easy cookie recipe!,Maverick Baking,https://www.youtube.com/watch?v=_OE3riN7C7U,8017,454,20220327,description,,"- 125g (8 ½ tbsp) softened butter | - 100g (½ cup) soft brown sugar | - 100g (½ cup) caster sugar | - 2 large eggs | - 275g (2 cups) plain or '00' flour | - ½ tsp salt | - 200g (7 oz) whole-hazelnut milk or dark chocolate, chopped into chunks","all-purpose flour,brown sugar,butter,chocolate chips,egg,granulated sugar,salt"
sbz39zX679U,M&M Chocolate Chip Cookies,Crazy for Crust,https://www.youtube.com/watch?v=sbz39zX679U,7891,106,20210819,description,,"½ cup unsalted butter, melted (113g) | ⅓ cup granulated sugar (66 g) | ½ cup light brown sugar, packed (104g) | 1 large egg | 1 teaspoon vanilla extract (5ml) | ½ teaspoon baking soda | ½ teaspoon salt | 1 ½ cups all-purpose flour (186g) | 1 ½ cups M&Ms candies any flavor or color","all-purpose flour,baking soda,brown sugar,butter,egg,granulated sugar,salt,vanilla extract"
m9-jGTk_A7g,How I make White chocolate raspberry cookie ♡,Cookwithshaaa,https://www.youtube.com/watch?v=m9-jGTk_A7g,7883,314,20260510,description,,•115g cold chopped unsalted butter | •80g caster sugar | •80g light brown sugar | •180g white chocolate chunks or chips( you can increase or reduce this according to your preference) | •30g freeze and dried raspberries | •238g plain flour | •1/4 tsp salt | •¼ tsp baking soda | •1 egg + egg yolk | •½ tsp vanilla,"all-purpose flour,baking soda,brown sugar,butter,chocolate chips,egg,granulated sugar,salt,vanilla extract"
M3AmJxi1jNA,White Chocolate Macadamia Nut Cookies,Butternut Bakery,https://www.youtube.com/watch?v=M3AmJxi1jNA,7858,192,20210510,recipe_page,https://butternutbakeryblog.com/white-chocolate-macadamia-nut-cookies/,"1 cup (220g) unsalted European style butter*, divided | 1/2 cup (105g) light brown sugar, packed | 1/2 cup (100g) granulated sugar | 1 large egg + 1 egg yolk | 2 tsp vanilla extract | 1 tsp lemon juice | 2 cups (256g) all-purpose flour | 1/4 tsp kosher salt | 3/4 tsp baking powder | 1/2 tsp baking soda | 1 3/4 cup (290g) white chocolate chips, plus more for topping | 1 cup (125g) dry roasted salted macadamia nuts, coarsely chopped | Flaky sea salt, for sprinkling (optional)","all-purpose flour,baking powder,baking soda,brown sugar,butter,egg,flaky sea salt,granulated sugar,macadamia nuts,salt,vanilla extract,white chocolate"
x_Um7tYzq0o,CHEWY Chocolate Chip Cookies | Grandma's Recipe | NO CHILL Needed,Cook Me Food,https://www.youtube.com/watch?v=x_Um7tYzq0o,7686,309,20210522,description,,• 1 ½ cup all-purpose flour | • 1/2 tsp baking soda | • 1/2 tsp salt | • 1/4 cup white granulated sugar | • 1/2 cup light brown sugar | • 1 large egg (room temperature) | • 1/2 cup unsalted butter (melted - lightly cooled) | • 1 cup semi-sweet chocolate chips or dark chocolate chunks,"all-purpose flour,baking soda,brown sugar,butter,chocolate chips,egg,granulated sugar,salt"
-anbv9dWW48,Soft and Chewy Cranberry White  Chocolate Chip Cookies,Wholesome Patisserie,https://www.youtube.com/watch?v=-anbv9dWW48,7624,162,20211004,recipe_page,https://wholesomepatisserie.com/soft-cranberry-white-chocolate-chip-cookies/,"160 g unsalted butter (melted) | 2/3 cup golden granulated sugar | 1/3 cup packed light brown sugar, | 1  large egg, (at room temperature) | 1 tsp vanilla extract | 1 1/2 cups (225g/8 oz.) all-purpose flour, | 2 tsp cornstarch | 1 tsp baking soda | 1/2 tsp fine salt | 3/4 cup white chocolate chips | 3/4 cup dried cranberries","all-purpose flour,baking soda,brown sugar,butter,cornstarch,egg,granulated sugar,salt,vanilla extract,white chocolate"
Ej08-mMXGoA,Oatmeal Cranberry Cookies loaded with PECANS and White Chocolate Chips! 🎁 Holiday Cookie! 🍪,Just Add More Butter,https://www.youtube.com/watch?v=Ej08-mMXGoA,7499,172,20221018,description,,"1 cup butter, room temp | 1 cup light brown sugar | 1/2 cup sugar | 2 eggs | 1 tsp vanilla extract | 1 1/2 cups all-purpose flour | 1 tsp baking soda | 1/2 tsp salt | 1 tsp ground cinnamon | 3 cups old fashioned oats | 1 cup dried cranberries, chopped | 1 cup pecans, chopped | 1 cup white chocolate chips","all-purpose flour,baking soda,brown sugar,butter,cinnamon,egg,granulated sugar,nuts,oats,salt,vanilla extract,white chocolate"
Sh84uqFn2UU,Aunt Kathy's Snickerdoodle Cookies ~ Classic Recipe with Perfect Crackle Top Every Time,The Salted Pepper,https://www.youtube.com/watch?v=Sh84uqFn2UU,7464,337,20251221,recipe_page,https://thesaltedpepper.com/snickerdoodle-cookies/,"1 cup butter, room temperature (salted preferred; should be soft enough to press into but not smushy) | 2 large eggs, room temperature | 1 teaspoon vanilla extract (vanilla bean paste can be substituted) | ¼ teaspoon salt (add extra pinch if using unsalted butter) | 2 teaspoons cream of tartar | 1 teaspoon baking soda | ¼ cup white granulated sugar | 4 teaspoons ground cinnamon | 1½ cups white granulated sugar | 2¾ cups all-purpose flour","all-purpose flour,baking soda,butter,cinnamon,cream of tartar,egg,granulated sugar,vanilla extract"
Bd3NZyMfHQI,HALLONGROTTOR | Swedish Raspberry Thumbprints,Cecilia Tolone,https://www.youtube.com/watch?v=Bd3NZyMfHQI,7289,394,20220722,description,,25g potato starch | 180g all purpose flour | 180g room temperature butter | 80g sugar | 10g vanilla sugar or extract | 2g salt,"all-purpose flour,butter,granulated sugar,salt,vanilla extract"
arfr46_YUy0,S’MORES COOKIES | No-Chill and Thick Style Cookie Recipe,Yeast Mode,https://www.youtube.com/watch?v=arfr46_YUy0,7224,,20250410,description,,1/2 cup unsalted butter (115g) | 1/2 cup brown sugar (100g) | 1/2 cup white sugar (100g) | 1 whole large egg (60g) | 1 tsp vanilla extract (5ml) | 2 & 1/4 cups all purpose flour (300g) | 1 tsp baking powder (5g) | 1 tsp baking soda (5g) | 1/2 tsp salt (3g) | 3/4 cup chocolate chips (120g),"all-purpose flour,baking powder,baking soda,brown sugar,butter,chocolate chips,egg,granulated sugar,salt,vanilla extract"
QeRHO8uEZiE,Best Crispy Chocolate Chip Oatmeal Cookies,Pinch of Cooking,https://www.youtube.com/watch?v=QeRHO8uEZiE,7193,199,20210624,description,,2 cups Old Fashioned Rolled Oats | 1.5 tablespoon of All Purpose Flour (I used Gluten Free) | 1 stick of butter (4oz/113g) | 1/2 cup of packed brown sugar | 1 egg | 1/2 cup of chocolate chips,"all-purpose flour,brown sugar,butter,chocolate chips,egg,oats"
DLcZckV-wNE,Red Velvet + White Chocolate Chip Cookies,Movers and Bakers,https://www.youtube.com/watch?v=DLcZckV-wNE,7106,187,20210116,description,,"115 g (½ cup) unsalted butter, at room temp | 100 g (½ cup) soft light brown sugar | 50 g (¼ cup) caster sugar | 1 tsp vanilla extract | 1 large egg, at room temp | 0.5 tsp red food colouring | 180 g (1 cup + 2 tbsp) plain (all purpose) flour | 15 g (2 tbsp) cocoa powder | 2 tsp cornflour (cornstarch) | 0.5 tsp baking powder | 0.5 tsp bicarbonate of soda (baking soda) | 0.5 tsp salt | 200 g (1 cup + 2 tbsp) white chocolate chips","all-purpose flour,baking powder,baking soda,brown sugar,butter,cocoa powder,cornstarch,egg,granulated sugar,salt,vanilla extract,white chocolate"
fJwv_-IjfDU,Gluten Free Oatmeal Cookies | Small Batch Cookie Recipe,Well Fed Baker,https://www.youtube.com/watch?v=fJwv_-IjfDU,7086,120,20240225,description,,"1/4 C / 53 g Light Brown Sugar | 2 Tbsp / 25 g Sugar | 1/4 C / 56 g Vegan Butter, room temperature | 1 Egg Yolk | 1 tsp Vanilla | 1/2 C / 74 g Gluten Free Flour | 6 Tbsp / 34 g Gluten Free Quick Oats | 1/4 tsp Cinnamon | 1/4 tsp Baking Soda | 1/4 tsp Salt | 1/4 C / 40 g Raisins | 1/4 C / 28 g Pecans or Walnuts","all-purpose flour,baking soda,brown sugar,butter,cinnamon,egg,granulated sugar,nuts,oats,raisins,salt,vanilla extract"
2FLNCGlAqA8,M&M Cookies!,The Cookie Rookie,https://www.youtube.com/watch?v=2FLNCGlAqA8,7059,76,20200307,description,,1 cup granulated sugar | 1 cup packed dark brown sugar | 2/3 cup shortening | 2/3 cup unsalted butter softened | 2 teaspoons vanilla extract | 2 eggs | 1 teaspoon baking soda | ½ teaspoon coarse sea salt | ½ teaspoon kosher salt,"baking soda,brown sugar,butter,egg,flaky sea salt,granulated sugar,salt,vanilla extract"
J_2B6tvzyng,Fresh Ginger Cookies,Culinary.net,https://www.youtube.com/watch?v=J_2B6tvzyng,6997,94,20210803,recipe_page,http://www.culinary.net/index.php/videos/item/1043-fresh-ginger-cookies,"2 cups flour | 1 1/2 teaspoons baking soda | 1 1/2 teaspoons ground ginger | 1 teaspoon ground cinnamon | 1/8 teaspoon salt | 3/4 cup salted butter (softened) | 1 cup sugar, divided (plus 3 tablespoons) | 1/4 cup brown sugar | 1  egg | 1/4 cup grated fresh ginger","all-purpose flour,baking soda,brown sugar,butter,cinnamon,egg,ginger,granulated sugar,salt"
WwWSajNe9XQ,Salted Caramel Pecan Chocolate Chip Cookies ♡ Bake With Me,Pinch Of Warmth,https://www.youtube.com/watch?v=WwWSajNe9XQ,6882,305,20260623,description,,"- 180 g (1 ½ cups) all-purpose flour | - ½ teaspoon baking powder | - ¼ teaspoon baking soda | - 1 tablespoon cornstarch | - ½ teaspoon salt | - 115 g (½ cup) unsalted butter, cold | - 100 g (½ cup) brown sugar | - 1 large egg, room temperature | - 1 teaspoon vanilla extract | - 100 g (about ⅔ cup) dark chocolate, chopped | - 100 g pecans, roughly chopped | - 14 soft caramels | - 4 soft caramels | - 1 teaspoon cream","all-purpose flour,baking powder,baking soda,brown sugar,butter,chocolate chips,cornstarch,egg,nuts,salt,vanilla extract"
CPCUa4dfwcw,CHEWY WHITE CHOCOLATE MACADAMIA NUT COOKIES: Easy and phenomenal macadamia nut cookies!,Chef Lindsey Farr,https://www.youtube.com/watch?v=CPCUa4dfwcw,6746,129,20230121,recipe_page,https://cheflindseyfarr.com/white-chocolate-macadamia-nut-cookies,2 ⅔ cups all-purpose Flour (325g) | 1 teaspoon baking soda | ¾ teaspoon kosher salt | ¾ cup unsalted butter (cold but pliable) | 1 cup light brown sugar  (very well packed) | ½ cup granulated sugar | 2  eggs | 2 teaspoons vanilla extract | 1 cup white chocolate chips | 1 cup macadamia nuts (chopped),"all-purpose flour,baking soda,brown sugar,butter,egg,granulated sugar,macadamia nuts,salt,vanilla extract,white chocolate"
HbkVbwaSbTA,Salted Caramel Cookies | Sundaebake,sundaebake,https://www.youtube.com/watch?v=HbkVbwaSbTA,6743,81,20210718,description,,"225g butter | 210g brown sugar | 100g raw sugar | 2 eggs | 1 tsp vanilla | ½ tsp baking powder | ½ tsp bicarbonate of soda | 1 tsp sea salt | 200g chocolate chips | 100g soft caramels, roughly chopped","baking powder,baking soda,brown sugar,butter,chocolate chips,egg,flaky sea salt,granulated sugar,vanilla extract"
BseQ4P4vLpc,Easy Vegan Strawberry Cookie Recipe | The Chestnut Bakery,Maiko | The Chestnut Bakery,https://www.youtube.com/watch?v=BseQ4P4vLpc,6541,206,20220712,recipe_page,https://thechestnutbakery.com/easy-vegan-strawberry-cookies/,"2 cups (240g) plain flour | 1/2 cup (145g) caster sugar | 1/3 cup (80ml) strawberry puree, about 8 strawberries | 1/4 cup (60ml) coconut oil | 1 cup (20g) freeze-dried strawberries + more for decoration | 1 cup (90g) vegan white chocolate bar or chips + more for decoration | 1 tsp vanilla extract | 1 tsp baking powder | 1-2 tbsp plant milk (if needed) | Scnt 1/2 cup (80g) brown sugar | Vegan strawberry flavouring or strawberry extract (if more strawberry flavour is desired. Use as instructed on the package.) | Vegan red food colouring (if more red colour is desired. Use as instructed on the package.)","all-purpose flour,baking powder,brown sugar,granulated sugar,milk,oil,vanilla extract,white chocolate"
bNiR7OY6s78,Cranberry White Chocolate Shortbread Cookies,Cup of Zest,https://www.youtube.com/watch?v=bNiR7OY6s78,6529,108,20191218,description,,"1 cup (227g)  salted butter, softened | 3/4 cup (90g) powdered sugar | 1 teaspoon vanilla extract | 2 cups (282g) all-purpose flour (I use King Arthur) | 1 cup (128g) dried cranberries, finely chopped | 6 ounces (170g) white chocolate bar, chopped","all-purpose flour,butter,powdered sugar,vanilla extract,white chocolate"
lT4shoPngso,Strawberry Matcha Cookies ♡ Bake With Me,Pinch Of Warmth,https://www.youtube.com/watch?v=lT4shoPngso,6451,151,20251227,description,,"1 ½ cups (180 g) all‑purpose flour | 3 tbsp (18–24 g) matcha latte powder or matcha powder with milk powder | ½ tsp (2 g) baking powder | ½ tsp (2 g) baking soda | ½ tsp (3 g) salt | ½ cup (115 g) softened unsalted butter | ¾ cup (150 g) granulated sugar | 1 large egg | 1 tsp (4 g) vanilla extract | 80 g white chocolate | 20 g dried strawberries, or fresh if you prefer","all-purpose flour,baking powder,baking soda,butter,egg,granulated sugar,milk,salt,vanilla extract,white chocolate"
3HlIOqJtSbM,Brown butter oatmeal cookie recipe,Probably Worth Sharing with Marko Savic,https://www.youtube.com/watch?v=3HlIOqJtSbM,6449,223,20220315,description,,227 grams unsalted butter (2 sticks) | 3 grams (1.5 teaspoons) ground cinnamon | 15 grams (1 tablespoon) cold water | 200 grams dark brown sugar | 50 grams white sugar | 100 grams fridge cold eggs (2 US Large) | 15 grams vanilla extra (1 tablespoon) | 180 grams all purpose flour (1-½ cups) | 5 grams salt (1 teaspoon) | 3 grams baking soda (1 teaspoon) | 280 grams old fashioned oats (3 cups) | 100 grams (1 cup) raisins or not raisins,"all-purpose flour,baking soda,brown sugar,butter,cinnamon,egg,granulated sugar,oats,raisins,salt,vanilla extract"
Ugp7nZ9BwjI,Almond Cookies Recipe,Dished,https://www.youtube.com/watch?v=Ugp7nZ9BwjI,6349,54,20210512,description,,"1 cup (120g) all-purpose flour | 3/4 cup (75g) almond flour | 1/2 teaspoon baking soda | 1/4 teaspoon salt | 3/4 cup (170g) unsalted butter, softened | 1/2 cup (100g) granulated sugar | 3/4 cup (170g) brown sugar | 1 large egg yolk | 1 tablespoon orange zest | 1 teaspoon almond extract","all-purpose flour,baking soda,brown sugar,butter,egg,granulated sugar,nuts,salt"
enQjwxF8ZNE,White Chocolate Chip Cranberry Oatmeal Cookies,holidaykitchen,https://www.youtube.com/watch?v=enQjwxF8ZNE,6336,107,20131002,description,,"2/3 cup of butter or margarine, softened | 2/3 cup of brown sugar | 2 eggs | 1 1/2 cups of Old fashioned oats | 1 1/2 cups of flour | 1 tsp of baking soda | 1/2 tsp of salt | 1 bag of sweetened dried cranberries (6 oz) | 2/3 cup of chocolate chips | 1/2 cup of chopped walnuts","all-purpose flour,baking soda,brown sugar,butter,chocolate chips,egg,nuts,oats,salt"
W2YVAfm2wt4,Crunchy Almond Cookies | Quick and Easy Cookie Recipe | Cooking Sounds,valerie is cooking,https://www.youtube.com/watch?v=W2YVAfm2wt4,6312,155,20211001,description,,• 120 g softened butter | • 1/3 cup sugar | • 3/4 cup almond flour | • 1 tsp vanilla extract | • 1/4 tsp salt | • 1 cup all purpose flour | 1 cup = 240 ml | 1 tbsp = 15 ml | 1 tsp = 5 ml,"all-purpose flour,butter,granulated sugar,nuts,salt,vanilla extract"
p7ZHVOs9dtI,This Is the ONLY Double Chocolate Cookie Recipe You’ll Ever Need (Brown Butter Magic) 🍪🔥,Chef Shane Spencer,https://www.youtube.com/watch?v=p7ZHVOs9dtI,6303,532,20250611,description,,2 sticks or 259 g. unsalted butter | 1 c. or 220 g. brown sugar | 2 eggs room temp | 2 tsp vanilla extract | 3/4 c. or 75 g. cocoa powder | 2 c. or 240 g. a.p. flour | 1 tsp baking soda | 1/2 tsp kosher salt | 2 c. or 340 g. guittard chocolate chips | 2 c. or 240 g. roasted walnuts,"all-purpose flour,baking soda,brown sugar,butter,chocolate chips,cocoa powder,egg,nuts,salt,vanilla extract"
cBU032Sek-w,These cookies went viral on Instagram! Red Velvet Cookies with Cream Cheese Icing,Anna Marie Eats ,https://www.youtube.com/watch?v=cBU032Sek-w,6255,152,20240617,description,,125g salted butter | 80g caster sugar | 100g brown sugar | 1 egg | 260g plain flour | 20g cocoa powder | ½ tsp baking soda | 1 ½ tsp baking powder | 100g Salted butter at room temp | 85g Cream cheese at room temp | 200g Icing sugar,"all-purpose flour,baking powder,baking soda,brown sugar,butter,cocoa powder,egg,granulated sugar,powdered sugar"
TRVQeJ08N8c,Big Peanut Butter Oatmeal Chocolate Chip Cookies Recipe - Ultimate Easy Chewy Loaded Cookie Recipe!,Robyn On The Farm,https://www.youtube.com/watch?v=TRVQeJ08N8c,6186,311,20250121,description,,"1 c (2 sticks) salted butter | 1 c granulated sugar | ½ c packed brown sugar | 2 large eggs | 1 Tbs pure vanilla extract | 1 c peanut butter, chunky or creamy | 2 c all-purpose flour | 1 tsp baking powder | 1 tsp baking soda | 1 tsp salt | 2 c oats, rolled or quick | 2 ½ c chocolate chips","all-purpose flour,baking powder,baking soda,brown sugar,butter,chocolate chips,egg,granulated sugar,oats,peanut butter,salt,vanilla extract"
g9SE0gM7tvU,The BEST Soft And Chewy Snickerdoodle Cookies | Pantry Dessert Ideas | Chef James,Chef James Makinson,https://www.youtube.com/watch?v=g9SE0gM7tvU,6162,234,20211116,description,,"1/4 cup 50g granulated sugar | 1 Tbsp ground cinnamon | 2 1/3 cups / 300g all-purpose flour | 1 Tsp baking powder | 1 Tsp kosher salt | 1 cup / 227g unsalted butter, room temperature | 1 1/2 cups / 300g granulated sugar | 1 large egg, room temperature | 2 Tsp pure vanilla extract","all-purpose flour,baking powder,butter,cinnamon,egg,granulated sugar,salt,vanilla extract"
jiIuf5Ib1MM,Best White Chocolate Macadamia Nut Cookies 2020 WOW!,My Hungry Family,https://www.youtube.com/watch?v=jiIuf5Ib1MM,6156,118,20200814,description,,2 3/4 cups flour | 1 tsp baking soda | 1 tsp salt | 1 cup unsalted butter | 1 cup brown sugar | 1/2 cup sugar | 2 large eggs | 2 tsp vanilla extract | 1 1/2 cups white chocolate chips | 1 1/2 cups chopped macadamia nuts,"all-purpose flour,baking soda,brown sugar,butter,egg,granulated sugar,macadamia nuts,salt,vanilla extract,white chocolate"
fbgloubNUnY,Indulge in Heavenly White Chocolate Cranberry Cookies,Kelvin's Kitchen,https://www.youtube.com/watch?v=fbgloubNUnY,6135,125,20231207,recipe_page,https://kelvinskitchen.com/recipe/festive-white-chocolate-cranberry-cookies/?rate=1&utm_source=youtube&utm_medium=description&utm_campaign=recipe_rating,2 cups all-purpose flour | 1 teaspoon baking powder | ½ teaspoon fine sea salt | ½ cup granulated sugar | ½ cup brown sugar | 12 tablespoons unsalted butter (room temperature) | 1  room temperature egg | 2 teaspoons pure vanilla extract | ¾ cup white chocolate chips | 2 cups fresh cranberries (rinsed and halved) | Zest of one orange,"all-purpose flour,baking powder,brown sugar,butter,egg,flaky sea salt,granulated sugar,vanilla extract,white chocolate"
O4U7GbS5FAk,How to make Chunky NUTELLA Stuffed Chocolate Chip Cookies | NYC Style | Recipe,Bailey's Bakes,https://www.youtube.com/watch?v=O4U7GbS5FAk,6080,173,20250110,description,,115g Unsalted Butter | 100g Brown Sugar | 50g White Sugar | 1 tsp Vanilla Essence | 1 Egg (Cold) | 245g AP Flour | 1 tbsp Cornflour | 1/2 tsp Salt | 1/2 tsp Bicarb Soda | 1/2 tsp Baking Powder | 100g Dark Chocolate | 200g Milk Chocolate | 100g Hazelnuts,"all-purpose flour,baking powder,baking soda,brown sugar,butter,chocolate chips,cornstarch,egg,granulated sugar,nuts,salt,vanilla extract"
BA7V79JDtQw,Healthy Pumpkin Cookies (Oil Free),Tasty Thrifty Timely,https://www.youtube.com/watch?v=BA7V79JDtQw,5994,314,20260920,description,,"1 ripe banana, mashed (⅓ cup)⁠ | 1 cup pure pumpkin puree (240 g)⁠ | 2 tbsp maple syrup⁠ | 2 tbsp plant milk⁠ | 2 tsp pumpkin pie spice ⁠ | 1 tsp pure vanilla extract⁠ | ⅛ tsp salt⁠ | 2 cups rolled oats (180 g or 215 g if using sprouted rolled oats, can use quick oats)⁠ | ½ cup dates, pitted & chopped (85 g)⁠ | ½ cup walnuts, roasted & chopped (60g)⁠","milk,nuts,oats,salt,vanilla extract"
vYLuKd2C3g4,BEST Oatmeal Chocolate Chip Cookies (SO CHEWY!),Scientifically Sweet,https://www.youtube.com/watch?v=vYLuKd2C3g4,5932,67,20250121,recipe_page,https://scientificallysweet.com/chewy-oatmeal-chocolate-chip-cookies/,"½ cup (113g) salted butter, (softened) | ¾ cup (165g) packed light or dark brown sugar | 1  large egg (at room temperature) | 1 tsp (5ml) pure vanilla extract | ¾ cup (105g) all-purpose flour | ½ tsp baking soda | ½ tsp baking powder | ½ tsp ground cinnamon ((optional)) | ¼ tsp fine salt | 1  cup (100g) rolled oats | ⅓ cup (35g) quick oats | 1 cup (142g) dark chocolate, (55-70% cocoa)","all-purpose flour,baking powder,baking soda,brown sugar,butter,chocolate chips,cinnamon,egg,oats,salt,vanilla extract"
S5xE4kVi2AM,"Soft and Chewy Healthy PUMPKIN COOKIES Recipe (No Refined Sugar, Vegan)",Bonjour Tasty ,https://www.youtube.com/watch?v=S5xE4kVi2AM,5908,381,20251019,description,,• 1 cup rolled oats | • 1 cup All-purpose flour | • 1/2 teaspoon baking soda | • 1/2 teaspoon baking powder | • 1/4 teaspoon salt | • 1 tsp pumpkin pie spice | • 1/4 teaspoon salt | • 3/4 cup pumpkin puree (canned or homemade) | • 1/4 cup light olive oil (can substitute with coconut oil (melted) or unsweetened applesauce) | • 1/2 cup maple syrup | • 1 teaspoon vanilla extract | • 1/4 cup dairy-free chocolate chips,"all-purpose flour,baking powder,baking soda,chocolate chips,oats,oil,salt,vanilla extract"
wF46JtQPfRk,Chocolate Chip Caramel Bars will seriously change your life!,iambaker,https://www.youtube.com/watch?v=wF46JtQPfRk,5839,157,20220117,recipe_page,https://iambaker.net/chocolate-chip-caramel-bars/,"1 cup (2 sticks or 226g) butter, (room temperature) | 1 ½ cups (300 g) brown sugar | 1 teaspoon vanilla | 2 large eggs, (room temperature) | 2 ¼ cups (282 g) all-purpose flour | 1 teaspoon baking soda | 1 teaspoon kosher salt | 2 cups semi-sweet chocolate morsels | 5 ounces evaporated milk | 1 package (11 ounces) caramel bits or wrapped caramels, ((be sure to unwrap if using the wrapped caramels))","all-purpose flour,baking soda,brown sugar,butter,chocolate chips,egg,milk,salt,vanilla extract"
ONVtcGdunz4,Chocolate Crinkle Cookies || Zebra Cookies/ How To Make Chewy Crinkle Cookies/ Sonya's Prep,Sonya's Prep,https://www.youtube.com/watch?v=ONVtcGdunz4,5783,245,20200716,description,,4 eggs | 1/2 cup oil | 1 tsp vanilla extract | 2 cups of sugar | 2 cups of flour | 1 cup cocoa powder | 2 tsp baking powder,"all-purpose flour,baking powder,cocoa powder,egg,granulated sugar,oil,vanilla extract"
VvBHPAjJOHE,EASY NO BAKE 3 Ingredient Lemon Cookies🍋🍪Lightened Up WW Recipe- Weight Watchers lemon cookie recipe,AliciaLynn,https://www.youtube.com/watch?v=VvBHPAjJOHE,5782,299,20230831,description,,"1 large lemon to get: | -2 Tbsp juice | -1 Tbsp zest- 2 tsp for cookies, 1 to garnish | 1/2 cup, Rolled oats | 164 grams (about a cup) Lily's white chocolate baking chips","oats,white chocolate"
VYirBnpuR64,Chocolate Chip M&M Cookies Recipe (Soft & Chewy Bakery Style),MBeeTreats,https://www.youtube.com/watch?v=VYirBnpuR64,5741,110,20251204,description,,• 227g Unsalted Butter (cold room temperature) (see video for consistency) | • 247g Light Brown Sugar | • 100g Granulated Sugar | • 2 tsp Vanilla Extract | • 2 Large Eggs + 1 Egg Yolk (room temperature) | • 380g All-Purpose Flour | • 1 tsp Cornstarch | • 1 tsp Baking Soda | • 1 tsp Salt | • 340g M&M’s Candies | • 128g Semi-Sweet Chocolate Chips,"all-purpose flour,baking soda,brown sugar,butter,chocolate chips,cornstarch,egg,granulated sugar,salt,vanilla extract"
l_kjs0pIcbo,Thumbprint Cookies — The Holiday Cookie Everyone Asks For,Kelvin's Kitchen,https://www.youtube.com/watch?v=l_kjs0pIcbo,5730,89,20231226,recipe_page,https://kelvinskitchen.com/recipe/thumbprint-cookies/?rate=1&utm_source=youtube&utm_medium=description&utm_campaign=recipe_rating,"1 cup (2 sticks) Unsalted Butter (softened) | ⅔ cup Granulated Sugar | 2  Egg Yolks | 2 teaspoons Vanilla Extract | ½ teaspoon Salt | ½ cup Jam of your choice | 2½ cups All-Purpose Flour | Powdered sugar, for dusting","all-purpose flour,butter,egg,granulated sugar,powdered sugar,salt,vanilla extract"
RHiz6FOCc0k,Low-Carb/Sugar Free White Chocolate Macadamia Nut Cookies,Janet's Delicious Low Carb Kitchen,https://www.youtube.com/watch?v=RHiz6FOCc0k,5727,147,20190504,recipe_page,http://janetsdeliciouslowcarbkitchen.com/sugar-free-low-carb-white-chocolate-macadamia-cookies/,1 1/2 cups almond flour (or any low carb flour of choice) | 1/2 tsp baking powder | 1/2 tsp salt | 1/2 tsp xanthan gum | 1/3 cup  butter (softened) | 1 cup granulated stevia (or sweetener of choice) | 1/8 cup pure maple syrup | 1 large egg (room temperature) | 2 tsp vanilla extract | 1/2 cup sugar free white chocolate chips | 1/2 cup macadamia nuts (chopped),"baking powder,butter,egg,macadamia nuts,nuts,salt,vanilla extract,white chocolate"
79eF6MKtang,Snickerdoodles Recipe | Jane’s Patisserie,Jane's Patisserie,https://www.youtube.com/watch?v=79eF6MKtang,5701,246,20241007,recipe_page,https://www.janespatisserie.com/2024/05/05/snickerdoodles/,175 g unsalted butter | 225 g light brown soft sugar | 1 medium egg | 1 tsp vanilla extract | 300 g plain flour | 1.5 tsps cream of tartar | 1 tsp bicarbonate of soda | 1 tsp ground cinnamon | 0.5 tsp sea salt | 50 g light brown soft sugar | 1 tsp ground cinnamon,"all-purpose flour,baking soda,butter,cinnamon,cream of tartar,egg,flaky sea salt,granulated sugar,vanilla extract"
3mPnscspziM,Matcha White Chocolate Macadamia Nut Cookies,INDY ASSA,https://www.youtube.com/watch?v=3mPnscspziM,5601,147,20231223,description,,70 g (1/3 cup) unsalted butter | 65 g (1/3 cup) raw cane sugar | 35 g (3 tbsp) caster sugar | 1/4 tsp salt | 1/2 whole egg | 1 egg yolk | 125 g (1 cup) all-purpose flour | 2 g (1/2 tsp) baking powder | 10 g (1+1/2 tbsp) pure matcha powder | 100 g (1/2 cup + 1tbsp) white chocolate chips | 45 g (1/3 cup) macadamia nuts | 140 g (2/3 cup) unsalted butter | 130 g (2/3 cup) raw cane sugar | 70 g (6 tbsp) caster sugar | 1/2 tsp salt | 1 whole egg | 2 egg yolks | 250 g (2 cups) all-purpose flour | 4 g (1 tsp) baking powder | 20 g (3 tbsp) pure matcha powder | 200 g (1 cup + 2 tbsp) white chocolate chips | 90 g (2/3 cup) macadamia nuts,"all-purpose flour,baking powder,butter,egg,granulated sugar,macadamia nuts,salt,white chocolate"
1aEpSOqpNOg,Soft and Chewy White Chocolate Chip Cranberry Cookies,Cook Me Food,https://www.youtube.com/watch?v=1aEpSOqpNOg,5562,173,20230423,description,,• 1 1/3 cup (166g) all-purpose flour | • ½ tsp baking soda | • ¼ tsp salt | • ½ cup (112g) unsalted butter (room temperature) | • ½ cup (70g) light brown sugar (lightly packed) | • ¼ cup (50g) white sugar | • 1 tsp vanilla extract | • 1 medium egg (room temperature) | • ¾ cup (155g) white chocolate chips | • 1/2 cup sweetened dried cranberries,"all-purpose flour,baking soda,brown sugar,butter,egg,granulated sugar,salt,vanilla extract,white chocolate"
j8M3JbYdWzk,The BEST Chewy Chocolate Chip Cookies In Less Than 10 Minutes,Rosie's Kitchen Adventures,https://www.youtube.com/watch?v=j8M3JbYdWzk,5484,283,20220326,description,,"½ cup or 1 stick of salted butter (for brown butter) | ¼ + ⅛ cup of dark brown sugar | ¼ + ⅛ cup of white sugar | 1/2 tsp himalayan pink salt | 2 tsp vanilla extract | 1 egg | 180g or 1 ¼ cups bread flour, sifted optional (I’m using bread flour but all purpose is totally fine) | 1 ½ tsp of baking powder | 8 oz or 1 ½ cups semisweet chocolate chips","baking powder,bread flour,brown sugar,butter,chocolate chips,egg,granulated sugar,salt,vanilla extract"
Mfby3nFUP9A,The Best Soft Gingerbread Cookies Recipe for Christmas,Food How,https://www.youtube.com/watch?v=Mfby3nFUP9A,5439,162,20241119,recipe_page,https://foodhow.com/soft-gingerbread-cookies-recipe/,1 1/2 cups (190g) all-purpose flour | 3/4 teaspoon (1.5g) ground ginger | 1 teaspoon (2.6g) ground cinnamon | 1/4 teaspoon (0.5g) ground cloves | 1 teaspoon (4.6g) baking soda | 1/2 teaspoon (2.5g) sea salt | 1/2 cup (115g) butter | 3/4 cup (150g) brown sugar | 1  large egg | 3 tablespoons (64g) Unsulfured Black Strap molasses | 1 teaspoon (4g) vanilla extract,"all-purpose flour,baking soda,brown sugar,butter,cinnamon,cloves,egg,flaky sea salt,ginger,molasses,vanilla extract"
fZmPCkmHcWE,Salted Caramel Pretzel Chocolate Chip Cookies |  Soft & Chewy | #trending #cookies #chewy #soft,The Chopping Board,https://www.youtube.com/watch?v=fZmPCkmHcWE,5298,182,20241123,description,,- 18-20 caramels | - 1 large egg | - 1 tsp vanilla extract,"egg,vanilla extract"
UWllr6ze3eY,I Can't Stop Eating This Vegan Cookie,PlantbasedBrandon,https://www.youtube.com/watch?v=UWllr6ze3eY,5283,737,20250711,description,,1/3 cup all purpose unbleached flour | 2 tbs melted vegan butter | 2.5 tbs brown sugar | 1 tsb coconut sugar | 2 tsp plant milk | 1/8 tsp baking soda | 1/8 tsp salt | 1/4 tsp vanilla extract | 1/4 tsp Ceylon cinnamon | 1/2 tsp tapioca starch | 1/4 roughly chopped dark chocolate,"all-purpose flour,baking soda,brown sugar,butter,chocolate chips,cinnamon,granulated sugar,milk,salt,vanilla extract"
uJBWLyBjgWk,"EASY sugar cookie recipe (fast, no chill) | Cut-out cookies | How to make sugar cookies from scratch",Rachel Schulze,https://www.youtube.com/watch?v=uJBWLyBjgWk,5277,117,20241203,description,,1 egg | 1 Cup Butter | 1 1/2 Cups Powdered Sugar | 1 Egg | 2 tsp. Vanilla | 2 1/2 Cups All Purpose Flour | 1/2 tsp. Salt | 2 tsp. Baking Powder,"all-purpose flour,baking powder,butter,egg,powdered sugar,salt,vanilla extract"
Z_pdejEJG-o,BEST Sugar Cookies Recipe - NO CHILL!,Crazy for Crust,https://www.youtube.com/watch?v=Z_pdejEJG-o,5165,154,20200803,description,,"3/4 cup 170g unsalted butter, softened | 3/4 cup 149g granulated sugar | 1 large egg | 1 large egg yolk | 1 teaspoon 5 ml vanilla extract | 1/2 teaspoon baking soda | 1/2 teaspoon cream of tartar | 1/2 teaspoon salt | 2 cups 248g all-purpose flour | 4 tablespoons 47g unsalted butter, softened | 1 1/3 cups 151g powdered sugar | 1 teaspoon 5ml vanilla extract | 1/8 teaspoon salt | 1 tablespoon 15 ml milk","all-purpose flour,baking soda,butter,cream of tartar,egg,granulated sugar,milk,powdered sugar,salt,vanilla extract"
ptJbL5kBHKo,QUICK & EASY Molasses Cookies,Whipped,https://www.youtube.com/watch?v=ptJbL5kBHKo,5152,105,20211023,description,,- 220g Margarine | - 280g Molasses | - 200g Brown sugar | - 240ml Milk | - 2 tsp Baking Soda | - 1 tsp Ginger | - 650g-825g Flour,"all-purpose flour,baking soda,brown sugar,ginger,milk,molasses"
K47EuKffGeE,4 INGREDIENT GLUTEN FREE SUGAR COOKIES | Easy Gluten Free Sugar Cookies,SavorySaver,https://www.youtube.com/watch?v=K47EuKffGeE,5150,156,20221128,description,,½ Cup Butter Softened | ⅓ Cup Granulated Sugar + 1-2 Tbs For Rolling | ½ tsp Vanilla Extract,"butter,granulated sugar,vanilla extract"
LwrTgPsTSfk,The Best EGGLESS Brown Butter Chocolate Chip Cookies [ASMR] | How Tasty Channel,How Tasty,https://www.youtube.com/watch?v=LwrTgPsTSfk,4982,151,20260220,recipe_page,https://www.how-tasty.com/eggless-brown-butter-chocolate-chip-cookies/,110 g (1/2 cup) brown butter (made from 140 g (2/3 cup) of unsalted butter) | 100 g (1/2 cup) brown sugar | 50 g  (1/4 cup) white sugar | 1/2 tsp  salt | 45 g (3 tbsp) milk (room temperature) | 1 tsp  vanilla extract | 180 g (1+1/3 cup) all purpose flour | 12 g  (1 tbsp) cornstarch | 1/4+1/8 tsp  baking powder | 1/4 tsp  baking soda | 40 g (1/4 cup) chocolate chips | 60 g (2 oz) bittersweet chocolate (or chocolate chunks) |   Some extra chocolate chips and chunks for topping,"all-purpose flour,baking powder,baking soda,brown sugar,butter,chocolate chips,cornstarch,granulated sugar,milk,salt,vanilla extract"
muv982IDJQc,How to Make Chocolate Crinkles Cookies,In The Kitchen With Matt,https://www.youtube.com/watch?v=muv982IDJQc,4966,155,20220801,recipe_page,https://www.inthekitchenwithmatt.com/chocolate-crinkles-cookies,1/4 cup unsalted butter or use vegetable or canola oil (55g) | 1/2 cup white granulated sugar (105g) | 1/2 cup unpacked brown sugar (100g) | 2  large eggs | 1 tsp. vanilla extract (5ml) | 1 cup all-purpose (plain flour (125g)) | 1/2 cup unsweetened cocoa powder (50g) | 1 tsp. baking powder (5g) | 1/2 tsp. of table salt (2g) | powdered sugar (confectioner's or icing for rolling),"all-purpose flour,baking powder,brown sugar,butter,cocoa powder,egg,granulated sugar,powdered sugar,salt,vanilla extract"
XG2EsjilE74,Matcha Cookie,Savor Easy,https://www.youtube.com/watch?v=XG2EsjilE74,4952,197,20260429,description,,1 cup softened butter (227g) salted | 3/4 cup brown sugar (150g) | 1/2 cup granulated sugar (100g) | 2 large eggs | 2 tsp vanilla extract (10ml) | 3 to 4 tablespoon pure matcha powder | 3 cups all purpose flour (375g) | 1 tsp baking soda (4g) | 1/2 tsp baking powder (2g) | 1/2 tsp salt (3g) | 1 cup matcha baking bars | 1/2 cup white chocolate,"all-purpose flour,baking powder,baking soda,brown sugar,butter,egg,granulated sugar,salt,vanilla extract,white chocolate"
DxsdBhI5b0c,My Grandma’s Molasses Cookies Recipe | Easy Gingersnaps HEARTHFUL KITCHEN EP. 43,Hearthful Honey,https://www.youtube.com/watch?v=DxsdBhI5b0c,4734,199,20241121,description,,"3 cups all-purpose flour | ¼ tsp. salt | 2 tsp. baking soda | ½ tsp. ground cloves | 1 tsp. ground cinnamon | 1 tsp. ground ginger | ¾ cup butter, softened | ¾ cup brown sugar | ¾ cup molasses | 1 egg | ¼ cup granulated sugar (for coating)","all-purpose flour,baking soda,brown sugar,butter,cinnamon,cloves,egg,ginger,granulated sugar,molasses,salt"
1caQNDhpLyQ,Matcha White Chocolate Cookies Recipe,Eatsbystella,https://www.youtube.com/watch?v=1caQNDhpLyQ,4727,126,20250607,description,,"1/2 cup (115 g) butter, at room temperature | 3/4 cup (150 g) sugar | 1 egg | 1 teaspoon vanilla extract | 1 and 1/2 cups (190 g) all-purpose flour | 1 tablespoon matcha powder | 1/2 teaspoon baking powder | 1/4 teaspoon salt | 1/2 cup white chocolate chips (optional)","all-purpose flour,baking powder,butter,egg,granulated sugar,salt,vanilla extract,white chocolate"
osv-RLPP_vw,Cranberry White Chocolate Cookies | How Tasty Channel,How Tasty,https://www.youtube.com/watch?v=osv-RLPP_vw,4638,120,20251219,recipe_page,https://www.how-tasty.com/cranberry-white-chocolate-cookies/,"110 g  (1/2 cup) unsalted butter (softened at room temperature) | 40 g (3 tbsp) light brown sugar | 90 g (6 tbsp) white sugar | 1 tsp  vanilla extract | 1  egg (medium size, at room temperature) | 180 g (1+1/2 cup) all purpose flour | 1/8 tsp  baking powder | 1/2 tsp  baking soda | 1/4 tsp  salt | 100 g (3,5 oz) white chocolate  (chopped in chunks) | 90 g (2/3 cup) dried cranberries","all-purpose flour,baking powder,baking soda,brown sugar,butter,egg,granulated sugar,salt,vanilla extract,white chocolate"
yjsLddXKUqs,BEST Thick and Chewy Snickerdoodle Cookies! | The Recipe Rebel,Ashley . The Recipe Rebel,https://www.youtube.com/watch?v=yjsLddXKUqs,4348,64,20211129,description,,"½ cup unsalted butter (room temperature) | ½ cup granulated sugar (100 grams) | ½ cup brown sugar (100 grams) | 1 large egg | 1 teaspoon vanilla | 2 cups all purpose flour, fluffed and levelled* (260 grams) | 1 teaspoon cream of tartar | ½ teaspoon baking soda | 2 tablespoons granulated sugar | 1 teaspoon ground cinnamon","all-purpose flour,baking soda,brown sugar,butter,cinnamon,cream of tartar,egg,granulated sugar,vanilla extract"
pdPlQe7Bxro,White chocolate chip macadamia nut cookies recipe,Alex and Felix Recipes,https://www.youtube.com/watch?v=pdPlQe7Bxro,4147,66,20151206,description,,3/4 cups unsalted butter | 1 cup sugar | 1 large egg | 1 teaspoons vanilla | 1 cup all purpose flour | 1/2 cup cocoa powder | 1/2 teaspoon baking soda | 1/4 teaspoon salt | 1 cup white chocolate chips | 1/2 cup chopped macadamia nuts,"all-purpose flour,baking soda,butter,cocoa powder,egg,granulated sugar,macadamia nuts,salt,vanilla extract,white chocolate"
odyATbLVs8U,Super Easy Gingerbread Recipe,Bake Play Smile,https://www.youtube.com/watch?v=odyATbLVs8U,4087,28,20191015,recipe_page,https://bakeplaysmile.com/super-easy-gingerbread-recipe/,150 g (2/3 cup) butter (softened to room temperature) | 100 g (1/2 cup) brown sugar (firmly packed) | 150 g (1/2 cup) golden syrup (see notes for substitutes) | 1  egg yolk | 375 g (2 1/2 cups) plain flour | 1 tsp mixed spice | 1 tbs ground ginger (see notes) | 1 tsp bi-carbonate of soda | pinch of salt | white icing pen (or melted white chocolate) | red and green M&Ms,"all-purpose flour,brown sugar,butter,egg,ginger,salt,white chocolate"
4iYnrcV_Pg4,White Chocolate Macadamia and Cranberry Cookies | Soft and Chewy,Chef Jack Ovens,https://www.youtube.com/watch?v=4iYnrcV_Pg4,3934,226,20200126,description,,"1/2 Cup - Unsalted Butter, Softened | 1/2 Cup - Granulated White Sugar | 1/2 Cup - Brown Sugar | 1 - Free Range Egg | 3/4 Tbs - Vanilla Extract | 1 1/2 Cups - Plain All-Purpose Flour | 1 1/2 tsp - Baking Soda (Bi-Carbonate of Soda) | 3/4 Cup - White Chocolate Chips | 3/4 Cup - Macadamia Nuts, Chopped | 3/4 Cup - Dried Cranberries","all-purpose flour,baking soda,brown sugar,butter,egg,granulated sugar,macadamia nuts,vanilla extract,white chocolate"
wubI94tkZJQ,Chocolate M&M Cookies,Crazy for Crust,https://www.youtube.com/watch?v=wubI94tkZJQ,3829,79,20230320,recipe_page,https://www.crazyforcrust.com/chocolate-mm-cookies-recipe/,"1 ¼ cups (155g) all-purpose flour | 1/3 cup (27g) unsweetened cocoa powder | ½ teaspoon salt | ½ teaspoon baking soda | ½ teaspoon cream of tartar | ½ cup (113g) unsalted butter, softened | ½ cup (100g) packed brown sugar | ¼ cup (50g) granulated sugar | 1  large egg | 1 teaspoon vanilla extract | 1 cup (160g) plain M&Ms","all-purpose flour,baking soda,brown sugar,butter,cocoa powder,cream of tartar,egg,granulated sugar,salt,vanilla extract"
WOK2Ynkx0EQ,Monster Espresso Chocolate Chip Cookies,Karen Jones Food & Family,https://www.youtube.com/watch?v=WOK2Ynkx0EQ,3780,413,20230218,description,,"1 1/2 cup butter, softened | 3/4 cup granulated sugar | 1 1/2 cups brown sugar | 2 eggs | 1 1/2 Tbsp vanilla | 4 1/4 flour, self-rising | 1 cup espresso chocolate chips | 1 cup semi-sweet chocolate chips","all-purpose flour,brown sugar,butter,chocolate chips,egg,granulated sugar,vanilla extract"
tAA3H04SLas,Chewy Ginger Cookies,Andy's Favorite Recipes,https://www.youtube.com/watch?v=tAA3H04SLas,3742,49,20220726,description,,"2 cups all-purpose flour (240g) | 3 teaspoons ground ginger | 2 teaspoons baking soda | 2 teaspoons ground cinnamon | 1/2 teaspoon salt | 1/4 teaspoon allspice | 3/4 cup butter, softened, unsalted | 1 cup white sugar (200g) | 1/4 cup dark brown sugar (50g) or 1/4 cup molasses | 1 egg","all-purpose flour,baking soda,brown sugar,butter,cinnamon,egg,ginger,granulated sugar,salt"
sSFYyX3dSwU,Melty Peanut Butter Cookies 🍪🤎 So Gooey Inside!,El Mundo Eats,https://www.youtube.com/watch?v=sSFYyX3dSwU,3716,182,20251011,recipe_page,https://www.elmundoeats.com/peanut-butter-chocolate-cookies/,½ cup creamy peanut butter (not natural/oily type) | 2 tbsp powdered sugar | 1 tbsp salted butter (softened) | ½ tsp vanilla extract | ½ cup Dutch-processed cocoa powder (unsweetened ) | ½ tsp baking soda | ¼ tsp salt | ½ cup salted butter (softened) | ½ cup granulated sugar | ¾ cup packed brown sugar | 1  large egg (room temperature) | 2 tsp vanilla extract | 1⅓ cup all-purpose flour,"all-purpose flour,baking soda,brown sugar,butter,cocoa powder,egg,granulated sugar,peanut butter,powdered sugar,salt,vanilla extract"
hhOiPQgmveU,Recipe Share | Holiday Baking | White Chocolate and Cranberry Cookies,TheQueensCabinet,https://www.youtube.com/watch?v=hhOiPQgmveU,3700,,20181125,description,,-1/2 cup butter | -1/2 cup brown sugar | -1/2 cup sugar | -1 ½ teaspoon vanilla | -1 teaspoon almond extract | -1 egg | -1 ½ cups flour | -1 ½ teaspoons baking soda | -½ teaspoon salt | -1 cup white chocolate chips | -3/4 cup dried cranberries,"all-purpose flour,baking soda,brown sugar,butter,egg,granulated sugar,nuts,salt,vanilla extract,white chocolate"
ElqJF2kvzPU,Eggless Chocolate Crinkle Cookies | PERFECT CRACKS Every Time | Bakery Style,easy cooking with das,https://www.youtube.com/watch?v=ElqJF2kvzPU,3646,141,20251224,description,,• 20 cookies | 1️⃣ Prepare Dough | 3️⃣ Shape & Coat | 5️⃣ Cooling,
nAw_lb8PSLc,m & m cookies recipe | How to make m&m cookie at home | Homemade m&m cookies,Dessert Katta,https://www.youtube.com/watch?v=nAw_lb8PSLc,3364,44,20220903,description,,1/2 cup (113 gms) unsalted butter | 1/2 cup (100 gms) granulated sugar | 1/4 cup (60 gms) dark brown sugar | 1 egg | 1 tsp (5 ml) vanilla extract | 1 1/2 cups (180 gms) all-purpose flour | 1 tsp (5 gms) baking soda | 1/2 tsp (2.5 gms) kosher salt | 1/2 cup (80 gms) chocolate chips | 3/4 cup (120 gms) m&ms plus more for the tops,"all-purpose flour,baking soda,brown sugar,butter,chocolate chips,egg,granulated sugar,salt,vanilla extract"
Z_Hb6-6Vzqs,"White Chocolate, Cranberry & Orange Cookie Recipe",This With Them,https://www.youtube.com/watch?v=Z_Hb6-6Vzqs,3246,61,20130509,description,,335g Flour | 3/4 tsp Baking Soda | 1/2 tsp Salt | 225g Unsalted Butter | 110g Granulated Sugar | 110g Light Brown Sugar | 2-3 tsp Orange Peel | 300g White Chocolate | 50-100g Cranberries | 1 Egg,"all-purpose flour,baking soda,brown sugar,butter,egg,granulated sugar,salt,white chocolate"
TTGIzsy3DTI,Making Levain Bakery Oatmeal Raisin Cookies - Recipe,Tami Dunn,https://www.youtube.com/watch?v=TTGIzsy3DTI,3240,129,20201005,recipe_page,https://www.modernhoney.com/levain-bakery-oatmeal-raisin-cookies/,1 cup Cold Butter (cut into cubes) | 1 cup + 2 Tablespoons Brown Sugar | 1/2 cup Sugar | 2  Eggs | 2 cups Flour | 1/2 cup Cake Flour | 1 1/2 cup Rolled Oats | 1 teaspoon Cornstarch | 3/4 teaspoon Baking Soda | 1/2 teaspoon Salt | 1/2 teaspoon Cinnamon | 1 1/2 cups Raisins | 1 cup Walnuts (chopped (OPTIONAL)),"all-purpose flour,baking soda,brown sugar,butter,cinnamon,cornstarch,egg,granulated sugar,nuts,oats,raisins,salt"
kohCaHuLd9Y,THE BEST Snickerdoodle Cookies / Old School Recipes #8 / Holiday Recipes,AliciaLynn,https://www.youtube.com/watch?v=kohCaHuLd9Y,3195,124,20191124,description,,"2 3/4 cups flour | 1 1/2 cups sugar Plus 2 Tbsp, divided | 2 eggs | 1 cup Crisco | 1 tsp baking soda | 1/2 tsp salt | 2 tsp cinnamon | 2 tsp cream of tarter","all-purpose flour,baking soda,cinnamon,egg,granulated sugar,salt"
NpFtIw_2ZVs,Double Chocolate Chip Cookies,Spaceships and Laser Beams,https://www.youtube.com/watch?v=NpFtIw_2ZVs,3133,52,20210605,description,,1 1/4 cup all-purpose flour | 3/4 cup cocoa powder | 1 tsp baking soda | 1/2 tsp baking powder | 2 tbsp cornstarch | 1/2 cup salted butter softened | 3/4 cup granulated sugar | 3/4 cup light brown sugar packed | 2 large eggs room temperature | 2 tsp vanilla extract | 2 tbsp heavy cream | 3/4 cup semi-sweet chocolate chips plus more to top the cookies if desired,"all-purpose flour,baking powder,baking soda,brown sugar,butter,chocolate chips,cocoa powder,cornstarch,egg,granulated sugar,vanilla extract"
0QsBsEpX3Ts,Easy Homemade Soft Pumpkin Cookies,Cooking with Shirani,https://www.youtube.com/watch?v=0QsBsEpX3Ts,3057,69,20251011,description,,1 stick butter (8 tbs) softened | ¾ cup white sugar | ¾ cup brown sugar | 1 egg | 1 cup canned pumpkin | 1 teaspoon vanilla | 2 cups all-purpose flour | 1 ½ teaspoon ground cinnamon | ½ teaspoon ground nutmeg | ½ teaspoon ground cloves | 1 teaspoon baking powder | 1 teaspoon baking soda | ¼ teaspoon salt,"all-purpose flour,baking powder,baking soda,brown sugar,butter,cinnamon,cloves,egg,granulated sugar,nutmeg,salt,vanilla extract"
Mgo8AR13VUM,White Chocolate Dipped Cranberry Oatmeal Cookies,"Life, Love and Sugar",https://www.youtube.com/watch?v=Mgo8AR13VUM,3004,108,20201116,recipe_page,https://www.lifeloveandsugar.com/white-chocolate-dipped-cranberry-oatmeal-cookies/,"1 ¾ cups (228g) all-purpose flour | 1 teaspoon baking soda | ½ teaspoon baking powder | ½ teaspoon salt | ¼ teaspoon ground cinnamon | 1 cup (224g) unsalted butter (room temperature) | ¾ cup (168g) packed dark brown sugar | ½ cup (104g) sugar | 1  large egg | 2 teaspoons vanilla extract | 1 ½ cups (131g) uncooked quick cook oats | 1 ½ cups dried cranberries | ½ cup pecan pieces (toasted, optional) | 12 ounces vanilla candiquick (or similar baking white chocolate)","all-purpose flour,baking powder,baking soda,brown sugar,butter,cinnamon,egg,granulated sugar,nuts,oats,salt,vanilla extract,white chocolate"
Sx8WGLvc9v4,EASY Gluten-Free Classic Peanut Butter Cookies Recipe,Gentle Tummy,https://www.youtube.com/watch?v=Sx8WGLvc9v4,2988,,20230921,recipe_page,https://gentletummy.com/gluten-free-peanut-butter-cookies-recipe,1 cup natural unsweetened creamy peanut butter | 1/3 cup maple syrup | 1 teaspoon vanilla extract | 1  egg | 2 tablespoons butter | 2 tablespoons coconut sugar | 1-3/4 cup almond flour | 1/2 teaspoon baking soda | 1/2 teaspoon salt,"baking soda,butter,egg,granulated sugar,nuts,peanut butter,salt,vanilla extract"
V3lepBwDCeQ,Salted Caramel Cookies using Homemade Salted Caramel Sauce! ~The PERFECT FALL Cookie~,Morgan's Kitchen,https://www.youtube.com/watch?v=V3lepBwDCeQ,2943,202,20231008,recipe_page,https://bellyfull.net/caramel-sauce-recipe/,"1 cup granulated sugar | 1/4 cup water | 6 tablespoons unsalted butter (, cut into pieces) | 1/2 cup heavy cream | 1 teaspoon vanilla | pinch of salt","butter,granulated sugar,salt,vanilla extract"
Z8_2eCOarYg,The Easiest And Best Brown Butter Cookies!,Grandma's Cooking Cuisine,https://www.youtube.com/watch?v=Z8_2eCOarYg,2897,31,20230703,description,,1 1/2 C Butter | 3 Eggs | 1 C brown sugar | 1/2 C white sugar | 2 packages small instant pudding | 3 1/2 C flour. | 2 tsp baking soda | 2 tsp vanilla | 1 bag chocolate chips,"all-purpose flour,baking soda,brown sugar,butter,chocolate chips,egg,granulated sugar,vanilla extract"
BzXkf2sBVHo,Christmas Cranberry & White Chocolate Cookies With Linda's Pantry,Linda's Pantry,https://www.youtube.com/watch?v=BzXkf2sBVHo,2855,,20211210,description,,2 3/4 C. Flour | 2 large Eggs | 3/4 C. White Sugar | 3/4 C. Brown Sugar | 1 Tsp. Vanilla | 2 Sticks Butter | 1/4 Tsp. Salt | 1 Tsp. Baking Soda | 1/2 Tsp. Baking Powder | 2 C. White Chocolate Chips | 1 C. Craisins,"all-purpose flour,baking powder,baking soda,brown sugar,butter,egg,granulated sugar,raisins,salt,vanilla extract,white chocolate"
A8CReho8f9M,Pumpkin Spice Latte Cookies (Crumbl-Style) 🍪 bake with me,Sage bakes,https://www.youtube.com/watch?v=A8CReho8f9M,2794,145,20251125,description,,"▢ 170 g unsalted butter, softened (¾ cup) | ▢ 120 g brown sugar, packed (½ cup) | ▢ 100 g granulated sugar (½ cup) | ▢ 60 g pumpkin purée (¼ cup) | ▢ 1 egg yolk | ▢ 300 g all-purpose flour (2⅓ cups) | ▢ 1 tsp baking powder | ▢ ½ tsp salt | ▢ 1–1.5 tsp pumpkin pie spice | ▢ ¼ tsp cinnamon | ▢ 1–2 tsp instant espresso powder | ▢ 113 g unsalted butter, softened (½ cup) | ▢ 113 g cream cheese, softened (4 oz) | ▢ 1–2 tsp instant espresso powder | ▢ 240–250 g powdered sugar, sifted (2 cups)","all-purpose flour,baking powder,brown sugar,butter,cinnamon,egg,granulated sugar,powdered sugar,salt"
Ol1tmgon078,Viral s’mores chocolate chip cookie recipe,My Dominican Recipes,https://www.youtube.com/watch?v=Ol1tmgon078,2766,51,20230713,recipe_page,https://breakthrukitchen.com/2023/07/13/the-best-jumbo-smores-chocolate-chip-cookie-recipe,4  marshmallows (large) | 4  graham crackers (halves) | 1 package cookie dough,
AaSUz7Rx_RM,"How to make Thumbprint Cookies! Quick, Easy, & Scrumptious!",Fiber Spider,https://www.youtube.com/watch?v=AaSUz7Rx_RM,2612,376,20220830,description,,- 1 stick of unsalted butter (room temperature) | - 1/3 cup powdered sugar | - 1 tsp vanilla extract | - 1/8 tsp almond extract (optional) | - 1/4 tsp salt | - 1 egg yolk | - 1 1/4 cups of all purpose flour | - 1/3 cup of sugar (for rolling cookies in) | - 1/2 cup jam,"all-purpose flour,butter,egg,granulated sugar,nuts,powdered sugar,salt,vanilla extract"
izdKYFZq2SA,Easy 3 ingredient cookies recipe. No chill eggless crunchy sugar cookies. Easy Baking,Easy Baking,https://www.youtube.com/watch?v=izdKYFZq2SA,2580,53,20240122,description,,100g (1/2 cup) room temperature butter (salted or unsalted) | 70g (1/3 cup) sugar + 2 tbsp for rolling in | 120g (1 cup) plain flour | 1 tsp vanilla extract (optional),"all-purpose flour,butter,granulated sugar,vanilla extract"
Vmtt0I6mHXQ,The best lemon cookies | Homemade cookies made with real lemon zest and lemon juice | Spring dessert,Miss Annie's Home and Kitchen,https://www.youtube.com/watch?v=Vmtt0I6mHXQ,2521,208,20240325,recipe_page,https://missannieshomeandkitchen.com/recipes-ideas/lemon-crinkle-cookies-1,"1/2 cup butter, softened | 1 cup granulated sugar | 1/2 teaspoon vanilla extract | 1 large egg | 1 teaspoon freshly grated lemon zest | 1 tablespoon freshly squeezed lemon juice, from about 1/2 lemon | 1/4 teaspoon salt | 1/4 teaspoon baking powder | 1/8 teaspoon baking soda | 1 1/2 cups all-purpose flour | 1/2 cup powdered sugar","all-purpose flour,baking powder,baking soda,butter,egg,granulated sugar,powdered sugar,salt,vanilla extract"
en2wvXRNy_c,Famous Levain Bakery GOOEY Double Chocolate Chip Cookie Recipe!!! Part 2!,Hailey Scontrino,https://www.youtube.com/watch?v=en2wvXRNy_c,2478,110,20201028,recipe_page,https://abountifulkitchen.com/levain-bakery-dark-chocolate-chocolate-chip-cookie/,"1 cup granulated white sugar | 1  cup dark brown sugar | 2 large eggs, cold | 1/3 cup Hershey's Special Dark Unsweetened Cocoa powder | 2 cups all purpose flour | 1/2 cup plus 2 tablespoons cake flour | 1 teaspoon baking powder | 1 teaspoon baking soda | 1/2 teaspoons salt | 3.5 cups or two 12 oz bags dark or semi sweet chocolate chips | 1 1/4 cups unsalted butter microwave for 10 seconds or set on counter for 30 minutes","all-purpose flour,baking powder,baking soda,brown sugar,butter,chocolate chips,cocoa powder,egg,granulated sugar,salt"
gdDADSrLPjk,OLD Fashioned Molasses Cookies Recipe You'll LOVE!,The Ole Tobacco Patch,https://www.youtube.com/watch?v=gdDADSrLPjk,2446,70,20241118,description,,"½ cup unsalted room temperature butter or soft (not melted) coconut oil | ⅓ cup packed dark brown sugar | ⅓ cup granulated sugar* | ⅓ cup unsulphured molasses* | 1 teaspoon vanilla extract | 2 cups all-purpose flour, spooned and leveled | 2 teaspoons ground cinnamon | 1 teaspoon baking soda | 1 teaspoon ground ginger | ½ teaspoon ground cardamom | ½ teaspoon fine sea salt | 1 tablespoon water, plus more if necessary","all-purpose flour,baking soda,brown sugar,butter,cinnamon,flaky sea salt,ginger,granulated sugar,molasses,vanilla extract"
SH7J2-DyNeI,Coconut Cookies Recipe | Coconut Macaroons |Persian Coconut Cookies | Shirini Nargili,Nanafz Cooking,https://www.youtube.com/watch?v=SH7J2-DyNeI,2381,294,20250201,description,,75 g Oil | 200 g Sugar | 100 g Egg Whites | 130 g Shredded Coconut | 1 teaspoon Lemon Juice | 1/2 teaspoon Vanilla sugar,"egg,granulated sugar,oil,vanilla extract"
MHsrhFupyLE,How to make Pastel Colored Crinkle Cookies | Chef Darlene,Chef Darlene ♡,https://www.youtube.com/watch?v=MHsrhFupyLE,2377,74,20211010,description,,"•½ cup Butter (softened) | •1 cup Granulated Sugar | •2 Eggs | •2 tablespoons Lemon Juice | •2 teaspoons Vanilla Powder or Vanilla Extract | •1 teaspoon Baking Powder | •2 cups All-Purpose Flour | •3 drops each Liquid Food Color - Red, Blue, Yellow, Green | •½-1 cup Powdered Sugar (to roll the cookie dough in)","all-purpose flour,baking powder,butter,egg,granulated sugar,powdered sugar,vanilla extract"
Q7mTIOvjdM4,Subway Style White Chocolate Macadamia Nut Cookies Recipe You Must Try!,Seamless Cooking,https://www.youtube.com/watch?v=Q7mTIOvjdM4,2375,84,20241016,description,,40g unsalted butter (3 tbsp) | 50g sugar (¼ cup) | 1 egg yolk | 1g vanilla bean paste (¼ tsp) | 60g all-purpose flour (½ cup) | 1g baking powder (¼ tsp) | 1g baking soda (¼ tsp) | 1g salt (¼ tsp) | 25g chopped white chocolate (2 ½ tbsp) | 25g chopped roasted salted macadamia nuts (2 ½ tbsp) | 25g white chocolate (2 ½ tbsp),"all-purpose flour,baking powder,baking soda,butter,egg,granulated sugar,macadamia nuts,salt,vanilla extract,white chocolate"
_a-bkfD57LA,THE BEST Chocolate Chip Cookie Recipe with Macadamia Nuts,Charlani Everyday 🌿 Live Happy Label,https://www.youtube.com/watch?v=_a-bkfD57LA,2360,65,20220830,description,,"2+1/2 cups all purpose flour | 1 teaspoon baking soda | 1 + 1/4 teaspoon pink Himalayan sea salt | 1/2 cup organic cane sugar | 1 cup dark or light brown sugar (packed) | 3 teaspoons vanilla extract | 2 eggs (large) | 2 cups chocolate chips (semi-sweet, milk, or white.... or all 3) | 1+1/2  cup chopped macadamia nuts (can substitute your favorite nut... pecans or walnuts are amazing as well!)","all-purpose flour,baking soda,brown sugar,chocolate chips,egg,flaky sea salt,granulated sugar,macadamia nuts,vanilla extract"
egN7PgbshjA,The PERFECT Chewy Gluten Free Chocolate Chip Cookies,Fed & Fit,https://www.youtube.com/watch?v=egN7PgbshjA,2359,77,20211216,recipe_page,https://fedandfit.com/chewy-gluten-free-chocolate-chip-cookies/,"2 1/3 cups (289 g) King Arthur Measure for Measure gluten free flour blend, | 1 teaspoon baking soda | 1 teaspoon coarse sea salt, (or 1/2 teaspoon fine salt) | 1 cup butter, (2 sticks, softened) | 3/4 cup (144 g) brown sugar* | 3/4 cup (144 g) white sugar | 2 teaspoons vanilla extract | 2  eggs | 2 cups dark chocolate chips","all-purpose flour,baking soda,brown sugar,butter,chocolate chips,egg,flaky sea salt,granulated sugar,vanilla extract"
tpoNbZkpFvY,"Gooey Espresso Chocolate Cookies – Soft, Crispy & Absolutely Addictive! 🍪☕",cooking by fato,https://www.youtube.com/watch?v=tpoNbZkpFvY,2270,22,20251214,description,,"113 g salted butter, softened (room temperature) | ⅓ cup white sugar | ½ cup brown sugar | 1 large egg | 1 tbsp vanilla extract | 2 tbsp espresso (brewed or concentrated) | 156 g all-purpose flour | ½ tsp baking soda | 8 biscuits | 8 pieces dark chocolate | ½ cup chocolate chips","all-purpose flour,baking soda,brown sugar,butter,chocolate chips,egg,granulated sugar,vanilla extract"
nR1XHuGZaF8,Eggless Pumpkin Cookies | How Tasty Channel,How Tasty,https://www.youtube.com/watch?v=nR1XHuGZaF8,2219,106,20251017,recipe_page,https://www.how-tasty.com/eggless-pumpkin-cookies/,"110 g (1/2 cup) unsalted butter (chilled) | 50 g (1/4 cup) light brown sugar | 70 g (1/3 cup) white sugar | 160 g (1+1/3 cup) all purpose flour | 3/4 tsp  cinnamon | 1/8 tsp  ground cloves | 1/8 tsp  ginger powder | 1/4 tsp  salt | 1/4+1/8 tsp  baking powder | 1/4 tsp   baking soda | 1/2 tsp  vanilla extract | 50 g (1,7 oz- about 1/4 cup) pure pumpkin puree | 35 g (3 tbsp) granulated white sugar | 1/4 tsp  cinnamon |   Pinch of nutmeg","all-purpose flour,baking powder,baking soda,brown sugar,butter,cinnamon,cloves,ginger,granulated sugar,nutmeg,salt,vanilla extract"
1ebhQ8fH3a0,"Old Fashioned Molasses Cookies (Must Try), Perfect for the Holidays,  Inspirational Thought",Hershberger's Heart and Home (Miracle Homestead),https://www.youtube.com/watch?v=1ebhQ8fH3a0,2179,227,20251122,description,,3/4 cup butter or margarine - room temperature | 1 cup granulated sugar | 1/4 cup molasses | 1 egg - room temperature | 2 1/2 cup all purpose flour | 2 teaspoon baking soda | 1/2 teaspoon ground cloves | 1/2 teaspoon ground ginger | 1 teaspoon ground cinnamon | 1/2 teaspoon salt,"all-purpose flour,baking soda,butter,cinnamon,cloves,egg,ginger,granulated sugar,molasses,salt"
mCwO51-C4PY,"Healthy Oatmeal Chocolate Chip Cookies (No Sugar, No Flour) #cookies #cookingchannel  #asmrcooking",We Are Recipes,https://www.youtube.com/watch?v=mCwO51-C4PY,2100,28,20250804,description,,"• 1 cup old-fashioned rolled oats | • 1 ripe banana, mashed | • ¼ cup creamy peanut butter | • ¼ cup pure maple syrup | • ½ tsp cinnamon | • ¼ tsp sea salt | • ⅓ cup dark chocolate chips","chocolate chips,cinnamon,flaky sea salt,oats,peanut butter"
I26lL7T38Zs,Chewy Molasses Cookies recipe,Ashley . The Recipe Rebel,https://www.youtube.com/watch?v=I26lL7T38Zs,2022,17,20181112,recipe_page,https://www.thereciperebel.com/molasses-cookies-recipe/,3/4 cup unsalted butter (room temperature) | 1 cup brown sugar | 1  egg | 1/4 cup fancy molasses | 2 1/4 cups all purpose flour | 1 teaspoon ground ginger | 1 teaspoon baking soda | 1 teaspoon ground cinnamon | 1/4 cup granulated sugar (for rolling),"all-purpose flour,baking soda,brown sugar,butter,cinnamon,egg,ginger,granulated sugar,molasses"
LQ8EnWbKm6s,Chewy Double Chocolate Oatmeal Cookies Recipe | HEARTHFUL KITCHEN EP. 44,Hearthful Honey,https://www.youtube.com/watch?v=LQ8EnWbKm6s,1969,54,20241128,description,,"1 cup butter, softened | ¾ cup brown sugar | ½ cup granulated sugar | 2 eggs | 2 tsp. vanilla extract | 1 cup all-purpose flour | ¾ cup cocoa powder | 2 cups rolled oats | ½ tsp. ground cinnamon | 1 tsp. baking powder | 1 tsp. baking soda | ½ tsp. salt | 1 ⅓ cups chocolate chips | ½ cup chopped walnuts (optional)","all-purpose flour,baking powder,baking soda,brown sugar,butter,chocolate chips,cinnamon,cocoa powder,egg,granulated sugar,nuts,oats,salt,vanilla extract"
G3kbWalSZFo,Gluten Free Levain Bakery Chocolate Chip Cookies Recipe | New York Style Cookies,Gem Framboise,https://www.youtube.com/watch?v=G3kbWalSZFo,1963,60,20200525,description,,3 Tbsp. Honey | 2 Tbsp. Coconut Oil | 1 Large Egg | 1 Tsp. Vanilla Extract | 2 Cups Almond Meal | 1/2 Tsp. Baking Soda | 1/4 Tsp. Salt | 1/2 - 3/4 cup 40-60% Dark Chocolate,"baking soda,chocolate chips,egg,honey,nuts,oil,salt,vanilla extract"
ZmsrJbm2TUw,Bakery-Style Double Chocolate Cookies,Scientifically Sweet,https://www.youtube.com/watch?v=ZmsrJbm2TUw,1839,23,20251002,recipe_page,https://scientificallysweet.com/bakery-style-double-chocolate-cookies/,"10 tbsp (140g) unsalted butter | ¾ cup (165g) packed dark brown sugar | ⅓ cup (65g) granulated sugar | 1 tsp (5ml) pure vanilla extract | 1 tsp (5ml) honey | 1  large egg, (at room temperature) | 1 ⅓ cups (190g) all purpose flour | ½ cup (42g) Dutch process cocoa powder (I prefer this one) | ¾ tsp baking soda | ½ tsp salt* | 3 ½ oz (100g) dark chocolate, coarsely chopped into chunks | ½ cup (85g) semisweet chocolate chips","all-purpose flour,baking soda,brown sugar,butter,chocolate chips,cocoa powder,egg,granulated sugar,honey,salt,vanilla extract"
_C0UxA_CHhw,Oatmeal Chocolate Chip Cookies (No Mixer Needed!),Boston Girl Bakes,https://www.youtube.com/watch?v=_C0UxA_CHhw,1778,34,20220723,description,,"2 cups (240 g) all purpose flour spooned and leveled | 1 teaspoon baking soda | 1 teaspoon salt | 1 cup (2 sticks, 226 g) unsalted butter melted and slightly cooled | 1 cup (213 g) packed light brown sugar | 1/2 cup (99 g) granulated white sugar | 2 large eggs room temperature | 2 teaspoons vanilla extract | 2 cups (198 g) oats old fashioned or quick | 1 1/2 cups (234 g) chocolate chips","all-purpose flour,baking soda,brown sugar,butter,chocolate chips,egg,granulated sugar,oats,salt,vanilla extract"
iw7SI4S1l2U,MOLASSES COOKIES | BAKING WITH FRESH MILLED FLOUR | HOMEMADE COOKIES From Scratch,Outdoors and Country Living,https://www.youtube.com/watch?v=iw7SI4S1l2U,1713,94,20241209,description,,"1 C. Butter, unsalted & melted | 1 C. Sugar | 1 Egg | 1/4 C. Molasses | 2 C. Flour | 1/2 t. Salt | 2 t. Baking Soda | 2 t. Pumpkin Pie Spice Blend (see below for homemade recipe) | 1/2 - 1 C. Brown Sugar (see below for homemade recipe) | 3 T. Ground Cinnamon | 2 t. Ground Ginger | 2 t. Ground Nutmeg | 1.5 t. Ground Allspice | 1.5 t. Ground Cloves","all-purpose flour,baking soda,brown sugar,butter,cinnamon,cloves,egg,ginger,granulated sugar,molasses,nutmeg,salt"
9ZJ40nyHR9o,Chocolate M&M Cookies,Simply Bake,https://www.youtube.com/watch?v=9ZJ40nyHR9o,1680,35,20210831,description,,"1 and 1/2 cups (187g) plain/all-purpose flour | 1/2 cup (50g) cocoa powder | 1 teaspoon baking powder | 1/2 teaspoon baking soda | 2 teaspoons cornflour/cornstarch | 1/4 teaspoon salt | 1/2 cup (115g) unsalted butter, melted | 3/4 cup (150g) light brown sugar | 1/4 cup (50g) caster/granulated sugar | 1 large egg | 2 teaspoons vanilla extract | 1 cup (170g) chocolate M&M's","all-purpose flour,baking powder,baking soda,brown sugar,butter,cocoa powder,cornstarch,egg,granulated sugar,salt,vanilla extract"
SbuHct0sR1s,Chocolate Espresso Shortbread Cookies,Coley Cooks,https://www.youtube.com/watch?v=SbuHct0sR1s,1661,27,20220214,recipe_page,https://coleycooks.com/chocolate-espresso-cookies/,"1 cup unsalted butter ((16 tablespoons), room temperature*) | ⅓ cup granulated sugar | ⅓ cup light brown sugar | 1 tablespoon instant espresso powder | ½ teaspoon salt | 1 teaspoon vanilla extract | 2 cups all purpose flour | 6 ounces bittersweet chocolate (chopped into bits)","all-purpose flour,brown sugar,butter,granulated sugar,salt,vanilla extract"
Mghv9Xe-yXo,Matcha Cookies with Dark Chocolate Chips (Better Than the Café!),Life and Kitchen,https://www.youtube.com/watch?v=Mghv9Xe-yXo,1584,20,20250912,description,,115g melted butter | 1 cup brown sugar | 1 egg | 1 tsp vanilla extract | 1 1/4 cups all-purpose flour | 1/2 tsp baking soda | 1/2 tsp baking powder | 1 tbsp matcha powder | 1/2 cup dark chocolate chips,"all-purpose flour,baking powder,baking soda,brown sugar,butter,chocolate chips,egg,vanilla extract"
_MqluGocUpA,BEST EVER Copycat Levain Bakery Chocolate Chip Cookies,Scientifically Sweet,https://www.youtube.com/watch?v=_MqluGocUpA,1490,30,20250602,recipe_page,https://scientificallysweet.com/levain-bakery-chocolate-chip-cookies/,"6 tbsp (84g) unsalted butter, (softened at room temperature) | ½ cup (110g) packed light brown sugar | 2 tbsp (25g) granulated sugar | 1 tsp (5ml) pure vanilla extract | 1  large egg, (at room temperature) | 1 ¼ cups (180g) all-purpose flour | ½ tsp baking powder | ¼ tsp baking soda | ½ tsp salt | ⅓ cup (35g) chopped walnuts | 1 cup (170g) semisweet chocolate chips","all-purpose flour,baking powder,baking soda,brown sugar,butter,chocolate chips,egg,granulated sugar,nuts,salt,vanilla extract"
xy9TQ6XZ7jU,Mini M&M Cookies,Just Add More Butter,https://www.youtube.com/watch?v=xy9TQ6XZ7jU,1432,32,20240531,description,,"2 1/2 cups all-purpose flour | 1 tsp baking soda | 1 tsp salt | 1 stick of butter, softened | 1/2 cup sugar | 3/4 cup brown sugar | 1 tsp vanilla extract | 2 eggs | 1 bag mini M&Ms, sharable size","all-purpose flour,baking soda,brown sugar,butter,egg,granulated sugar,salt,vanilla extract"
5d55ozhzXes,Easy Chocolate Chip Oatmeal Cookies | Oatmeal Chocolate Chip Cookie Recipe,The Homemaking Exchange,https://www.youtube.com/watch?v=5d55ozhzXes,1393,23,20250606,description,,"1 1/2 cups all-purpose flour | 1 teaspoon baking soda | 1/2 teaspoon baking powder | 1/2 teaspoon salt | 1/4 teaspoon ground cinnamon | 3/4 cup unsalted butter, melted and cooled to room temperature | 1 cup light brown sugar, packed | 1 large egg, room temperature | 2 Tablespoons maple syrup | 1 teaspoon vanilla extract | 1 cup whole grain rolled oats | 1/2 cup semi-sweet chocolate chips | 1/2 cup milk chocolate chips","all-purpose flour,baking powder,baking soda,brown sugar,butter,chocolate chips,cinnamon,egg,oats,salt,vanilla extract"
sHQgglrgVh8,Soft Chewy White Chocolate Cranberry Matcha Cookies 白巧蔓越莓餅乾食譜 | 超簡單還爆好吃🍪💚,Shan Daily,https://www.youtube.com/watch?v=sHQgglrgVh8,1358,31,20250520,description,,100gram cake flour | 4gram cornstarch | 1gram baking soda | 2gram baking powder | 2gram salt | 25gram white sugar | 35gram brown sugar | 1 room-temperature egg | 8gram matcha powder | 180gram white chocolate | 100gram cranberry | 100gram butter,"all-purpose flour,baking powder,baking soda,brown sugar,butter,cornstarch,egg,granulated sugar,salt,white chocolate"
44lB1MORk4s,Red Velvet S’mores Cookies | Bake with me 🍪,Zaineb’s Oven,https://www.youtube.com/watch?v=44lB1MORk4s,1346,66,20260206,recipe_page,https://zainebsoven.com/red-velvet-smores-cookies/#mv-creation-70-jtr,"113g (½ cup) butter, softened or browned | 100g (½ cup) soft brown sugar | 50g (¼ cup) fine white sugar | 1 large egg, room temperature | 1 tsp vanilla extract | 155g (1¼ cups) all-purpose flour | ½ tsp baking soda | ¼ tsp baking powder | ½ tsp cornstarch | ½ tsp salt | ¾ tsp red gel food coloring (optional) | 125–150g (½–⅔ cup) chocolate, chopped (mix of white and dark) | 1½ tbsp cocoa powder | Marshmallows as desired | Digestive biscuits or graham crackers","all-purpose flour,baking powder,baking soda,brown sugar,butter,cocoa powder,cornstarch,egg,granulated sugar,salt,vanilla extract"
iKrt2m7lRno,How to Make the Perfect Lemon Crinkle Cookie | Lemon Cookies Recipe | Watch Over,Watch Over,https://www.youtube.com/watch?v=iKrt2m7lRno,1323,20,20241230,description,,½ Cup of Butter Unsalted & Soften 110gm | ¾ Cup of White Sugar 150gm. | 01 Large Egg | 02 Tbsp. Lemon Juice of or Juice of half Lemon | 1 ½ Cups of All Purpose Flour 190gm. | 01 Tsp. Baking Powder | ½ Cup of Powder Sugar 65gm.,"all-purpose flour,baking powder,butter,egg,granulated sugar"
sHcSp8WrgnE,How to make S’mores Cookies from scratch | S’mores Cookies Recipe | Smores cookies,TurtlesTastyTreats,https://www.youtube.com/watch?v=sHcSp8WrgnE,1241,140,20210114,description,,2 1/2 Sticks (248 Grams) Unsalted Butter Room Temperature | 3/4 Cups (150 Grams) Granulated Sugar | 3/4 Cups (150 Grams) Light Brown Sugar | 2 Large Eggs Room Temperature | 1 Teaspoon (5 ML) Vanilla Extract | 2 1/2 Cups (313 Grams) All Purpose Flour | 1 Teaspoons (5 Grams) Baking Soda | 1 Teaspoons (5 Grams) Baking Powder | 1 Teaspoon (5 Grams) Salt | 2 Cups Milk Chocolate Chips | 1 Cup Chopped Graham Crackers | 1 Cup Mini Marshmallows cut in half | 1 Cup Chopped Graham Crackers | 1 Cup Mini Marshmallows cut in half | 1 Cup Chocolate Bar Chopped,"all-purpose flour,baking powder,baking soda,brown sugar,butter,chocolate chips,egg,granulated sugar,salt,vanilla extract"
Mie9pxwhJ0k,BEST NO CHILL Brown Butter Chocolate Chip Cookies,Scientifically Sweet,https://www.youtube.com/watch?v=Mie9pxwhJ0k,1227,20,20250428,recipe_page,https://scientificallysweet.com/best-brown-butter-chocolate-chip-cookies/,½ cup (113g) unsalted butter | ½ cup (110g) packed dark brown sugar | ¼ cup (50g) granulated sugar | 1 tsp (5ml) pure vanilla extract | 1  large cold egg | 1  large egg yolk | ½ tsp baking soda | ½ tsp salt | 1 ⅓ cups (190g) all-purpose flour | 1 cup (170g) dark chocolate chips | pinch of nutmeg | flaky sea salt,"all-purpose flour,baking soda,brown sugar,butter,chocolate chips,egg,flaky sea salt,granulated sugar,nutmeg,salt,vanilla extract"
Cum9pJ1_ig8,Eggless Chocolate Chip Caramel  Cookies | The Only Cookie Recipe you Need | Salted Caramel Cookies,Best Bites,https://www.youtube.com/watch?v=Cum9pJ1_ig8,1154,36,20220913,description,,- 1 Cup butter | - 1/2 Cup Powdered/caster sugar | - 1/2 cup brown sugar | - 2&1/4 Cup maida | - 1 Tsp baking soda | - 1/4 cup chilled milk | - 1 Tsp Vanilla essence | - 1/3 Cup choco chips | -1/4 caramel sauce,"baking soda,brown sugar,butter,granulated sugar,milk,vanilla extract"
f4McwhltaqI,How to Make Levain Bakery Chocolate Cookies n’ Cream Cookies | Imitation/Copy Cat Recipe,Vae at Avánessmusic,https://www.youtube.com/watch?v=f4McwhltaqI,1138,29,20210410,recipe_page,https://www.moribyan.com/recipe-view/levain-style-cookies-n-creme-cookies/,1 1/4 cup cake flour | 1 2/3 cup all purpose flour | 1/2 teaspoon baking powder | 1 teaspoon baking soda | 1/2 teaspoon salt | 1 cup unsalted butter chilled and cubed | 3/4 cup light brown sugar | 1/2 cup white sugar | 2  large eggs | 1  egg yolk | 1 teaspoon vanilla extract | 5 ounces Oreos about 12 oreos (chopped) | 3 ounces Hershey’s Cookies n Creme Chocolate chopped | 1/2 cup white chocolate chips | 1/2 cup milk chocolate chips,"all-purpose flour,baking powder,baking soda,brown sugar,butter,chocolate chips,egg,granulated sugar,salt,vanilla extract,white chocolate"
XPzJ212Dlvk,Funfetti Sugar Cookie Recipe | No spread no chill vegan baking,Bake Angel,https://www.youtube.com/watch?v=XPzJ212Dlvk,1135,31,20220114,recipe_page,https://bakeangel.com/vegan-funfetti-cookies/,100 grams White Sugar ((1/2 US cup)) | 200 grams Plant Based Butter (unsalted) ((14 tbsp)) | 300 grams All Purpose Flour ((plain flour - 2.5 US cups)) | 0.5 tsp Vanilla Bean Paste | 0.5 tsp Almond Extract ((artificial if nut free)) | 50 grams Sprinkles,"all-purpose flour,butter,granulated sugar,nuts,vanilla extract"
qLeW5nHhlyY,Old-Fashioned Soft Pumpkin cookies,Foster Philippines,https://www.youtube.com/watch?v=qLeW5nHhlyY,1093,27,20211021,description,,"½ cup  unsalted butter,  softened | 1 cup pure pumpkin puree | 1 large egg | 1 tsp vanilla | 1 tsp baking soda | 1 tsp baking powder | 1 tsp ground cinnamon | ½ tsp  ground nutmeg","baking powder,baking soda,butter,cinnamon,egg,nutmeg,vanilla extract"
DrTf4eo0Qi0,The Easiest and Best Old-Fashioned Thumbprint Cookie Recipe,Fork & Wander,https://www.youtube.com/watch?v=DrTf4eo0Qi0,1027,17,20250421,recipe_page,https://forklovesspoon.com/old-fashioned-thumbprint-cookie-recipe/,"⅔ cup unsalted butter, at room temperature | ⅓ cup granulated sugar | 2  eggs, seperated | 1 teaspoon vanilla extract | ½ teaspoon salt | ¼ cup unsalted butter, room temperature | 2 cups confectioners' sugar | ¼ teaspoon vanilla extract | 2-4 tablespoons whole milk | 1½ cups all-purpose flour | 1½ cups walnuts, finely chopped","all-purpose flour,butter,egg,granulated sugar,milk,nuts,powdered sugar,salt,vanilla extract"
urTOePiIP40,Soft & Chewy Ginger Molasses Cookies,Life in Bite Sized Pieces,https://www.youtube.com/watch?v=urTOePiIP40,948,25,20240309,description,,• 1/2 cup butter - room temperature | • 1/2 cup granulated white sugar | • 2 tsp vanilla extract | • 1/4 cup molasses | • 1 egg | • 2 cups all-purpose flour | • 1 1/2 tsp baking soda | • 1 tsp ground cinnamon | • 1/2 tsp ground ginger | • 1/2 tsp salt,"all-purpose flour,baking soda,butter,cinnamon,egg,ginger,granulated sugar,molasses,salt,vanilla extract"
qn9xJHKvWj4,Espresso Chocolate Chip Cookies,Gimme Some Oven,https://www.youtube.com/watch?v=qn9xJHKvWj4,931,23,20241213,recipe_page,https://www.gimmesomeoven.com/espresso-chocolate-chip-cookies/,1 1/2 cups (213 grams*) all-purpose flour | 3 tablespoons espresso powder | 2 teaspoons cornstarch | 1 teaspoon baking soda | 1/4 teaspoon salt | 1/2 cup (115 grams) butter (softened to room temperature) | 1/2 cup packed brown sugar | 1/3 cup granulated sugar | 1  egg | 2 teaspoons vanilla extract | 1 cup semisweet chocolate chips | optional: flaky sea salt,"all-purpose flour,baking soda,brown sugar,butter,chocolate chips,cornstarch,egg,flaky sea salt,granulated sugar,salt,vanilla extract"
UNcdaXrB_rI,How To Make SUPER FUDGY Chocolate Crinkle Cookies,Chef Sweet Caroline,https://www.youtube.com/watch?v=UNcdaXrB_rI,902,33,20211203,description,,1/2 cup unsalted butter | 2 cups sugar | 4 eggs | 1 tsp vanilla | 2 cups all purpose flour | 1 cup unsweetened cocoa powder | 2 tsp baking powder | 1/2 tsp salt,"all-purpose flour,baking powder,butter,cocoa powder,egg,granulated sugar,salt,vanilla extract"
K-NjDVqilaY,Chocolate Espresso Cookies,Michael Toa,https://www.youtube.com/watch?v=K-NjDVqilaY,829,28,20160210,description,,2 tablespoons instant espresso powder | 2 tablespoons hot water | 250 grams plain flour | 50 grams cocoa powder | 1 teaspoon baking soda | ¼ teaspoon salt | 225 grams soft unsalted butter | 150 grams packed dark brown sugar | 150 grams caster sugar | 1 egg | 2 teaspoons vanilla extract | 200 grams dark chocolate chips,"all-purpose flour,baking soda,brown sugar,butter,chocolate chips,cocoa powder,egg,granulated sugar,salt,vanilla extract"
KQ3dJNDHw9Q,"WHITE CHOCOLATE CRANBERRY PECAN COOKIES / Best Cookie Recipe, White Chocolate Chip Cookies, Cookies",Family Dinner Delights,https://www.youtube.com/watch?v=KQ3dJNDHw9Q,790,23,20201026,description,,1 cup Salted butter (make sure it's salted) | 3/4 cup Granulated sugar | 3/4 cup Packed brown sugar | 2 Eggs | 2 tsp Vanilla Extract | 2 1/4 cup All-purpose flour | 1 tsp Baking soda | 1/2 tsp Salt | 1 cup White chocolate morsels | 1 cup Chopped pecans | 1 cup Dried cranberries,"all-purpose flour,baking soda,brown sugar,butter,egg,granulated sugar,nuts,salt,vanilla extract,white chocolate"
mkMVcoEdQaQ,Best Pumpkin Cookies Ever! Easy Holiday Recipe,besuretocook,https://www.youtube.com/watch?v=mkMVcoEdQaQ,728,26,20251003,description,,- 1 ¾ cups all-purpose flour | - ¼ cup white sugar | - 1 cup light brown sugar | - 1 ½ sticks unsalted butter (softened) | - 1 Tbsp vanilla extract (or pure vanilla) | - 1 Tbsp pumpkin spice | - ½ cup pumpkin purée | - 2 egg yolks | - ½ tsp baking powder | - ½ tsp baking soda | - ½ tsp salt | - ⅛ tsp nutmeg | - ⅛ tsp ground ginger | - ¼ tsp allspice,"all-purpose flour,baking powder,baking soda,brown sugar,butter,egg,ginger,granulated sugar,nutmeg,salt,vanilla extract"
CXOa3Fch2uU,Chocolate Crinkle Cookies ♡ Bake With Me,The Food Flamingo,https://www.youtube.com/watch?v=CXOa3Fch2uU,704,35,20250507,description,,60 g unsweetened cocoa powder | 200 g granulated sugar | 60 ml vegetable oil | 2 large eggs room temp. | 1/2 tsp vanilla extract | 150 g all-purpose flour | 1 tsp baking powder | 1/4 tsp salt,"all-purpose flour,baking powder,cocoa powder,egg,granulated sugar,oil,salt,vanilla extract"
qMN-FvfwGLU,Espresso chocolate cookies. These cookies are full of flavor and  pure heaven for coffee lovers.,Alin's Kitchen,https://www.youtube.com/watch?v=qMN-FvfwGLU,634,27,20211116,description,,250 g soft butter (8 oz) | 100 g powdered sugar (1 cup) | 300 g all-purpose flour (2 cups) | 100 g ground almonds (1 cup) | 2 tbs instant espresso/coffee | 2 tbs unsweetened cacao | 1 tsp vanilla extract | 75 g sugar (1/3 cup) | 2 tsp instant espresso/coffee | 100 g white chocolate (3.5 oz),"all-purpose flour,butter,granulated sugar,nuts,powdered sugar,vanilla extract,white chocolate"
p6JF7-G1iUw,"Old Fashioned SNICKERDOODLE Cookie Recipe From 1958! This CLASSIC, Tasty Cookie is a BREEZE To Make!",Tastes So Much,https://www.youtube.com/watch?v=p6JF7-G1iUw,572,21,20230710,description,,"2 ¾ cups sifted all-purpose flour | 2 TSP cream of tartar | 1 TSP baking soda | ½ TSP salt | 1 cup soft shortening | 1 ½ cups granulated sugar | 2 eggs, unbeaten | 2 TBSP sugar | 2 TSP ground cinnamon","all-purpose flour,baking soda,cinnamon,cream of tartar,egg,granulated sugar,salt"
qvtO1iI5z-c,Chewy Espresso Chocolate Chip Cookies | Casual Baking,Sarah James,https://www.youtube.com/watch?v=qvtO1iI5z-c,529,20,20220531,description,,"- 3/4 cups unsalted butter, browned and cooled | - 1 cup dark brown sugar, packed | - 1/4 cup white sugar | - 1 egg + 1 egg yolk, room temperature | -  2 teaspoons vanilla extract | - 1/2 teaspoon salt | - 1 3/4 cup all purpose flour | - 1/4 cup espresso powder | - 1/2 teaspoon baking soda | - 4 ounces dark chocolate, roughly chopped","all-purpose flour,baking soda,brown sugar,butter,chocolate chips,egg,granulated sugar,salt,vanilla extract"
ZsWHP2Bvan0,"Chocolate Espresso Cookies — Rich, fudgy, and soft!",Mimi's Organic Eats,https://www.youtube.com/watch?v=ZsWHP2Bvan0,512,17,20250621,description,,"113 grams (1/2 cup) salted butter, softened | 113 grams (1/2 cup) cane sugar | 113 grams (1/2 cup) light brown sugar | 2 tablespoons vanilla coffee creamer | 1 large egg | 191 grams (1 1/2 cups) all purpose flour | 43 grams (1/2 cup) Dutch cocoa powder, sifted | 2 teaspoons espresso powder | 1/2 teaspoon ground vanilla bean | 1 1/2 teaspoons baking powder | 1/2 teaspoon fine sea salt | 198 grams (heaping 1 cup) mini chocolate chips","all-purpose flour,baking powder,brown sugar,butter,chocolate chips,cocoa powder,egg,flaky sea salt,granulated sugar,vanilla extract"
2chpmbIPPFE,Brown Butter White Chocolate Chip Macadamia Nut Cookies ⋆˚♡˖°Bake With Me,Bake Truly ,https://www.youtube.com/watch?v=2chpmbIPPFE,430,19,20260529,description,,"1 cup unsalted butter, 175g when it’s browned | 2 1/4 cup all-purpose flour, 300g | 1 tsp baking soda | 1/2 tsp salt | 1 1/4 cup brown sugar, 275g | 1/2 cu  granulated sugar, 100g | 2 tsp vanilla extract | 2 large eggs + 1 egg yolk, 95g, room temperature | 2 cups white chocolate chips, 300g | 1 cup chopped macadamia nuts, 115g","all-purpose flour,baking soda,brown sugar,butter,egg,granulated sugar,macadamia nuts,salt,vanilla extract,white chocolate"
AWOTE0rLn6U,Homemade Espresso Chocolate Chip Cookies | Coffee-Infused Dessert,Jessica Sola,https://www.youtube.com/watch?v=AWOTE0rLn6U,406,7,20241106,description,,"1/2 cup butter, softened | 1/3 cup white sugar | 1/3 cup brown sugar | 1 egg plus 1 egg yolk | 1 tsp vanilla extract | 2 tsp espresso powder | 1 3/4 cups all-purpose flour | 1/2 tsp baking soda | 1/4 tsp salt | 1 cup chocolate chips","all-purpose flour,baking soda,brown sugar,butter,chocolate chips,egg,granulated sugar,salt,vanilla extract"
0CjZqQf-SEk,White Chocolate Macadamia Nut Cookies Recipe! | Soft & Chewy!,Make U Eat,https://www.youtube.com/watch?v=0CjZqQf-SEk,391,15,20260504,recipe_page,https://makeueatrecipes.com/white-chocolate-macadamia-nut-cookies,2 Cup All-Purpose Flour | 1 Cup White Chocolate Chips | 1 'Cup Chopped Macadamia Nuts | 1/2 TSP Almond Extract | 1/2 TSP Ground Cinnamon | 1/2 Cup White Granulated Sugar | 1/2 Cup Light Brown Sugar | 1/2 TSP Iodized Salt | 1 TSP Baking Soda | 1 Cup Melted Unsalted Butter | 1 TSP Vanilla Extract | 1  Extra Large Egg | 2  Extra Large Egg Yolks,"all-purpose flour,baking soda,brown sugar,butter,cinnamon,egg,granulated sugar,macadamia nuts,nuts,salt,vanilla extract,white chocolate"
EOt7OLDzbcQ,Pumpkin spice cookies with cream cheese icing ￼,Illustrated Eats 🍝 ,https://www.youtube.com/watch?v=EOt7OLDzbcQ,364,9,20260826,description,,"1 cup canned pumpkin purée (not pie filling) | ¾ cup unsalted butter, softened1 | ½ cup granulated white sugar | 2 large eggs | 2 tsp ground cinnamon | ½ tsp ground nutmeg | 1 tsp baking powder | 1 tsp baking soda | 1 tsp vanilla extract | ½ tsp salt | 4 oz cream cheese, softened | ¼ cup unsalted butter, softened | 2 cups powdered sugar | 1 tsp vanilla extract","baking powder,baking soda,butter,cinnamon,egg,granulated sugar,nutmeg,powdered sugar,salt,vanilla extract"
vEdV4qbg2i4,Chocolate Espresso Cookies,Angela Allison,https://www.youtube.com/watch?v=vEdV4qbg2i4,324,13,20221203,recipe_page,https://thisitaliankitchen.com/chocolate-espresso-cookies/,"2 cups all purpose flour ((280 grams)) | ½ cup cocoa powder, like Hershey's ((54 grams)) | 1 ½ tablespoons instant espresso powder | 1 teaspoon baking soda | ½ teaspoon salt | 1 cup unsalted butter, softened | ¾ cup granulated sugar | ¾ cup brown sugar, packed | 2 large eggs | 1 cup semi sweet chocolate chips ((plus more for topping))","all-purpose flour,baking soda,brown sugar,butter,chocolate chips,cocoa powder,egg,granulated sugar,salt"
rhAU8lI5JcQ,Espresso Chocolate Chip Cookie Recipe - Homebody Eats,Homebody Eats,https://www.youtube.com/watch?v=rhAU8lI5JcQ,199,13,20221217,recipe_page,https://homebodyeats.com/espresso-chocolate-chip-cookies/,1 3/4 cups all purpose flour | 2 tablespoons finely ground dark roasted coffee beans ((espresso powder)) | 1 teaspoon baking soda | 1/2 teaspoon fine sea salt | 1/2 cup mascarpone cheese (softened to room temperature) | 1/2 cup (1 stick) unsalted butter (softened to room temperature) | 1/2 cup granulated sugar | 1/4 cup firmly packed brown sugar | 1 large egg (room temperature) | 1/2 tablespoon vanilla extract | 3 cups milk chocolate morsels (divided),"all-purpose flour,baking soda,brown sugar,butter,chocolate chips,egg,flaky sea salt,granulated sugar,vanilla extract"
VqTxs3mlwk8,No Chill Chocolate Chip Cookies | Recipe Video *Recipe in Description*,Micci's Biccies,https://www.youtube.com/watch?v=VqTxs3mlwk8,33,2,20220406,description,,"60g Salted Butter, melted and cooled | 60g Light Soft Brown Sugar | 30g Caster Sugar | 35g Egg Yolk","brown sugar,butter,egg,granulated sugar"
