id,title,channel,url,views,likes,upload_date,query,ingredient_source,recipe_url,ingredient_count
yEEGSDOePxM,10 Cookie Shaping Hacks to Impress All the Cookie Lovers!! So Yummy,So Yummy,https://www.youtube.com/watch?v=yEEGSDOePxM,52491075,243943,20200610,cut out cookie recipe,,,0
v3KrapfMXqU,Kylie Jenner: Christmas Cookies With Stormi,Kylie Jenner,https://www.youtube.com/watch?v=v3KrapfMXqU,46610977,,20191224,christmas cookie recipe,,,0
h4CyhQqAPpk,2-Minute Vs. 2-Hour Vs. 2-Day Cookie • Tasty,Tasty,https://www.youtube.com/watch?v=h4CyhQqAPpk,40567101,713598,20190706,cookie recipe no chill,,,0
rEdl2Uetpvo,How To Make Perfect Chocolate Chip Cookies,Tasty,https://www.youtube.com/watch?v=rEdl2Uetpvo,36995139,947972,20180429,chocolate chip cookie recipe,,,0
3vUtRRZG0xY,The Best Chewy Chocolate Chip Cookies,Tasty,https://www.youtube.com/watch?v=3vUtRRZG0xY,22375381,442718,20170614,chocolate chip cookie recipe,description,,9
uJwekkbGPns,Professional Baker Teaches You How To Make CHOCOLATE CHIP COOKIES!,Oh Yum with Anna Olson,https://www.youtube.com/watch?v=uJwekkbGPns,20148253,319158,20160318,chocolate chip cookie recipe,description,,11
5l8VZEyNRH8,[MV] TAK - ‘LEMON MELON COOKIE’ feat. 初音ミク,TAK / DORIDORI,https://www.youtube.com/watch?v=5l8VZEyNRH8,14172451,227009,20250115,lemon cookie recipe,,,0
EF-9I38ud4s,How To Make The Best Sugar Cookies,Tasty,https://www.youtube.com/watch?v=EF-9I38ud4s,12931418,317133,20181201,sugar cookie recipe,,,0
VOy1pXTA7Bc,My Favourite Butter Cookie Recipe,Gracious Treatz,https://www.youtube.com/watch?v=VOy1pXTA7Bc,12637043,224179,20200103,butter cookie recipe,description,,8
lJ7Ec3bKrxM,The Best Soft Chocolate Chip Cookies Recipe | Emojoie,Emojoie,https://www.youtube.com/watch?v=lJ7Ec3bKrxM,12472310,326914,20230701,chocolate chip cookie recipe,description,,16
PFJAuAWxuvI,Soft and Chewy Chocolate Chip Cookies Recipe,The Cooking Foodie,https://www.youtube.com/watch?v=PFJAuAWxuvI,10399574,164229,20201205,chocolate chip cookie recipe,description,,8
kCduKbOlHKI,Gingerbread Recipe: How to Make Gingerbread Dough from Cookies Cupcakes and Cardio,Cookies Cupcakes and Cardio,https://www.youtube.com/watch?v=kCduKbOlHKI,8917023,20213,20131219,gingerbread cookie recipe,description,,11
f-M3JN_7LGU,"World's Best CHOCOLATE CHIP COOKIES Recipe: Crunchy Outside, Soft & Chewy Inside",Honeysuckle,https://www.youtube.com/watch?v=f-M3JN_7LGU,8769383,178240,20200422,chocolate chip cookie recipe,description,,11
YIiHiMXOeYU,PERFECT Easy Chocolate Chip Cookies Recipe,BakeLikeAPro,https://www.youtube.com/watch?v=YIiHiMXOeYU,8339071,63891,20140915,chocolate chip cookies from scratch,,,0
NYH1Z7TUSEI,Recreating Levain Chocolate Chip Cookies Feat. Binging with Babish,Joshua Weissman,https://www.youtube.com/watch?v=NYH1Z7TUSEI,7623559,271662,20200227,levain style cookie recipe,,,0
FiKVX1XDiuc,बाजार जैसी कोकोनट कूकीज कैसे बनाते हैं | Eggless COCONUT COOKIES in Kadai | Coconut Cookies Recipe,Cumin Curry,https://www.youtube.com/watch?v=FiKVX1XDiuc,6908866,82240,20220209,coconut cookie recipe,description,,10
jVI2eNW5iuM,3-Ingredient Butter Cookies Recipe,The Cooking Foodie,https://www.youtube.com/watch?v=jVI2eNW5iuM,6905395,141212,20201224,butter cookie recipe,description,,3
pC6zs5BaEz8,Nutella Chocolate Chip Cookies Recipe,Haeum Cooking,https://www.youtube.com/watch?v=pC6zs5BaEz8,6161065,173148,20211205,nutella cookie recipe,description,,10
e1xCU9ydG-A,48-Hour Chocolate Chip Cookies,Alvin Zhou,https://www.youtube.com/watch?v=e1xCU9ydG-A,6141972,210011,20200808,chocolate chip cookie recipe,description,,14
wDO4pRXpRmU,The PERFECT Chocolate Chip Cookie Recipe - Baking Basics,Rosanna Pansino,https://www.youtube.com/watch?v=wDO4pRXpRmU,5900994,163563,20200516,chocolate chip cookie recipe,description,,9
GO0_aNbL6Do,"How to Make Royal Icing (Plus, Coloring and Consistency Adjustments)",JuliaMUsher,https://www.youtube.com/watch?v=GO0_aNbL6Do,5835901,59014,20141117,sugar cookie icing recipe,,,0
YKG_g9B4fQk,누텔라 브라우니 쿠키 만들기 : Nutella Brownie Cookies Recipe : ブラウニークッキー | Cooking tree,Cooking tree 쿠킹트리,https://www.youtube.com/watch?v=YKG_g9B4fQk,5790360,253631,20191005,nutella cookie recipe,description,,16
Z6a6x0tH_pU,1 Minute Microwave CHOCOLATE CHIP COOKIE ! The EASIEST Chocolate Chip Cookies Recipe,Emma's Goodies,https://www.youtube.com/watch?v=Z6a6x0tH_pU,5689717,190763,20200917,cookie recipe easy homemade,description,,6
hVb_dXfK44E,Nutella Chocolate Chip Cookies,TheCooknShare,https://www.youtube.com/watch?v=hVb_dXfK44E,5377943,78804,20140724,nutella cookie recipe,,,0
77B_GLBhXGs,How To Make The Perfect Chocolate Chip Cookie,Nick's Kitchen,https://www.youtube.com/watch?v=77B_GLBhXGs,5143796,61981,20250131,chocolate chip cookie recipe,recipe_page,https://www.nickskitchen.com/brown-butter-chocolate-chip-cookies,13
i3aSP9UHLyw,Biscotti Morbidi al Limone 🍋 che si Sciolgono in bocca 🤤,Fatto in Casa da Alba,https://www.youtube.com/watch?v=i3aSP9UHLyw,5036004,119998,20240912,lemon cookie recipe,description,,7
PNFXuac_Cus,"Diese Kekse zergehen auf der Zunge! Mit nur 3 Zutaten! Gott, wie lecker!",Tasty cookies,https://www.youtube.com/watch?v=PNFXuac_Cus,4933621,64303,20240204,butter cookie recipe,,,0
t3Ou6KcxPpE,SUPER EASY CRISPY OATMEAL COOKIES,Food Metrica,https://www.youtube.com/watch?v=t3Ou6KcxPpE,4869087,77874,20210101,oatmeal raisin cookie recipe,recipe_page,https://foodmetrica.com/crispy-oatmeal-cookies/,9
9LmJWfAE27o,Chocolate Chip Nutella Cookies | How Tasty Channel,How Tasty,https://www.youtube.com/watch?v=9LmJWfAE27o,4854716,127388,20200330,nutella cookie recipe,recipe_page,https://www.how-tasty.com/chocolate-chips-nutella-cookies/,10
sJsXDi26b-Y,EASY CHOCOLATE CHIP COOKIES,Chef RV Manabat,https://www.youtube.com/watch?v=sJsXDi26b-Y,4823681,91950,20200822,cookie recipe easy homemade,description,,8
YEZPxhMneOc,Best Chocolate Chip Cookies Recipe - Natasha's Kitchen,Natashas Kitchen,https://www.youtube.com/watch?v=YEZPxhMneOc,4642521,79747,20190308,chocolate chip cookie recipe,recipe_page,https://natashaskitchen.com/soft-chocolate-chip-cookies-recipe/,9
loqCY9b7aec,Classic Chocolate Chip Cookies Recipe,Preppy Kitchen,https://www.youtube.com/watch?v=loqCY9b7aec,4539387,72257,20211130,chocolate chip cookie recipe,recipe_page,https://preppykitchen.com/chewy-chocolate-chip-cookies/,9
EaGxZWBXHho,Coconut cookies recipe without oven,shaziya's recipes,https://www.youtube.com/watch?v=EaGxZWBXHho,4349475,59087,20181119,coconut cookie recipe,,,0
ylxzfecackM,Chocolate Chip Cookies | Basics with Babish,Binging with Babish,https://www.youtube.com/watch?v=ylxzfecackM,4174832,111171,20180329,chocolate chip cookie recipe,,,0
blKCLBWudZ0,Make ANY Cookie with THIS Recipe  (Linzer/Sugar/Gingerbread/Chocolate/Butter/Holiday Cookies,Emma's Goodies,https://www.youtube.com/watch?v=blKCLBWudZ0,3984697,155194,20191203,gingerbread cookie recipe,description,,16
XcEXObUJiK8,Chewy Oatmeal Raisin Cookies Recipe,Inspired Taste,https://www.youtube.com/watch?v=XcEXObUJiK8,3827393,44826,20121202,oatmeal raisin cookie recipe,,,0
Ru6maluwgGw,ASMR Nutella Stuffed Cookies【Mukbang/ Eating Sounds】【English subtitles】,MIYU ASMR,https://www.youtube.com/watch?v=Ru6maluwgGw,3824353,63829,20251017,stuffed cookie recipe,,,0
v785tAUthlA,Best Ever Nutella Cookie Pie! EASY,Fitwaffle Kitchen,https://www.youtube.com/watch?v=v785tAUthlA,3823070,30991,20230815,nutella cookie recipe,description,,10
P1gqm9CG8sw,NYC Cookie Recipe | The Best New York Chocolate Chip Cookies You'll Ever Try! | Cupcake Jemma,CupcakeJemma,https://www.youtube.com/watch?v=P1gqm9CG8sw,3587914,64765,20191121,levain style cookie recipe,description,,12
0TinKW3HJ7Y,I think it’s working! Making Christmas Cookies | Johnny’s Communication Center (JCC) Ep.25,채널 NCT DAILY,https://www.youtube.com/watch?v=0TinKW3HJ7Y,3546130,318716,20201223,christmas cookie recipe,description,,3
XDfFH-nUrUM,Fluffy Chocolate Chip S'more Cookies ♡ Bake With Me,a little calm,https://www.youtube.com/watch?v=XDfFH-nUrUM,3530765,170955,20241204,cookie recipe no chill,description,,28
kPauR6tP_cg,Claire Saffitz Makes CHOCOLATE CHIP COOKIES | Dessert Person,Claire Saffitz x Dessert Person,https://www.youtube.com/watch?v=kPauR6tP_cg,3529144,86288,20210429,chocolate chip cookie recipe,description,,11
3MzeYe_nxWk,The 69 Million View Recipe,FutureCanoe,https://www.youtube.com/watch?v=3MzeYe_nxWk,3484921,128482,20230709,brown butter cookie recipe,,,0
17lp_x27_RI,Chris Makes Chocolate Chip Cookies | From the Test Kitchen | Bon Appétit,Bon Appétit,https://www.youtube.com/watch?v=17lp_x27_RI,3395683,97750,20190605,chocolate chip cookie recipe,recipe_page,https://www.bonappetit.com/recipe/bas-best-chocolate-chip-cookies,10
4kP0v0rXqfA,The BEST CHEWY Chocolate Chip Cookies Recipe,Philip Lemoine,https://www.youtube.com/watch?v=4kP0v0rXqfA,3322871,71247,20200110,chocolate chip cookie recipe,description,,20
fNen4IXo5kY,Fudgy And Chewy CHOCOLATE CRINKLES,Savor Easy,https://www.youtube.com/watch?v=fNen4IXo5kY,3282420,41087,20191010,crinkle cookie recipe,description,,10
HPavvkTPQX0,Dreamy Buttercream Frosting Recipe | So Easy!,Preppy Kitchen,https://www.youtube.com/watch?v=HPavvkTPQX0,3237187,57439,20220222,sugar cookie icing recipe,recipe_page,https://preppykitchen.com/vanilla-buttercream/,5
qfXJLxpRzbg,"BEST SUGAR COOKIE RECIPE FOR CUT OUT COOKIES, TIPS ON COOKIE BAKING",Haniela's,https://www.youtube.com/watch?v=qfXJLxpRzbg,3150622,53016,20130721,sugar cookie recipe,recipe_page,https://www.hanielas.com/sugar-cookie-recipe-for-cut-out-cookies/,9
7ElRjElwEl8,How to Make Delicious Almond Cookies / Easy Recipes🍪💕,마미오븐 MOMMY OVEN,https://www.youtube.com/watch?v=7ElRjElwEl8,3076324,57023,20191221,almond cookie recipe,description,,6
hvFNVAOvOXk,Easy No Spread Sugar Cookies,Preppy Kitchen,https://www.youtube.com/watch?v=hvFNVAOvOXk,2999472,77088,20190919,sugar cookie recipe,recipe_page,https://preppykitchen.com/sugar-cookies/,7
wyuec0PPz68,The Ideal Chocolate Chip Cookie + A Cookie Hack,Joshua Weissman,https://www.youtube.com/watch?v=wyuec0PPz68,2916090,93440,20180613,chocolate chip cookie recipe,description,,10
ED7ZFDvPy4U,Easy Delicious Peanut Butter Cookies,Preppy Kitchen,https://www.youtube.com/watch?v=ED7ZFDvPy4U,2838719,54144,20190829,peanut butter cookie recipe,recipe_page,https://preppykitchen.com/peanut-butter-cookies-recipe/,8
Y36OS7TgY8s,"Easy CHOCOLATE CHIP COOKIE Recipe | Crisp Outside, Soft & Chewy Inside",Yeast Mode,https://www.youtube.com/watch?v=Y36OS7TgY8s,2826088,38445,20210925,chocolate chip cookie recipe,description,,9
ubSVLdgvbYo,Nutella Stuffed Chocolate Chip Cookies Recipe,The Cooking Foodie,https://www.youtube.com/watch?v=ubSVLdgvbYo,2716571,75233,20181105,nutella cookie recipe,description,,8
fzkOTD7a7Ek,"10 EASY CIRCLE CHRISTMAS COOKIES ~ Santa, Snowman, Rudolf, Tree, Snowflake, Wreath, Elf, Gingerbread",The Graceful Baker,https://www.youtube.com/watch?v=fzkOTD7a7Ek,2639381,37302,20221118,christmas cookie recipe,,,0
eixJLbZQ0fE,Homemade Chocolate Crinkles,Chef RV Manabat,https://www.youtube.com/watch?v=eixJLbZQ0fE,2624936,51336,20200330,crinkle cookie recipe,,,0
uo2xBBLSe4c,All The Cookies You Should Make This Christmas • Tasty,Tasty,https://www.youtube.com/watch?v=uo2xBBLSe4c,2549255,28862,20191225,christmas cookie recipe,,,0
hCzVqaFMlIw,The Science Behind the Perfect Chocolate Chip Cookies - Kitchen Conundrums with Thomas Joseph,Everyday Food,https://www.youtube.com/watch?v=hCzVqaFMlIw,2501944,56859,20140819,soft cookie recipe,,,0
sdTJWvH7--0,3-ingredient Butter Cookies That Will Melt In Your Mouth,Spice Bangla,https://www.youtube.com/watch?v=sdTJWvH7--0,2456442,58434,20231211,sugar cookie recipe,recipe_page,https://www.spicebangla.com/butter-cookies-recipe/,3
kCKhQRNpjig,Sesame Street: How to Make S'mores! | Cookie Monster's Foodie Truck,Sesame Street,https://www.youtube.com/watch?v=kCKhQRNpjig,2421398,4012,20210730,s'mores cookie recipe,,,0
YwIq9WrMMI8,Easy-to-make and gift-friendly butter cookies recipe/Icing cookies,마미오븐 MOMMY OVEN,https://www.youtube.com/watch?v=YwIq9WrMMI8,2418296,59627,20201222,butter cookie recipe,,,0
2fbVUzl8Uyk,How to Make Royal Icing,Preppy Kitchen,https://www.youtube.com/watch?v=2fbVUzl8Uyk,2338557,49089,20211202,sugar cookie icing recipe,recipe_page,https://preppykitchen.com/royal-icing/,3
mwiKZ4qmRnQ,The Best Ever Vegan Chocolate Chip Cookies,Tasty,https://www.youtube.com/watch?v=mwiKZ4qmRnQ,2317741,64025,20171219,vegan cookie recipe,recipe_page,https://tasty.co/recipe/vegan-chocolate-chip-cookies,10
bwPRW5brvoM,COCONUT COOKIES / Original Bakery Biscuits at Home by (YES I CAN COOK),Yes I Can Cook,https://www.youtube.com/watch?v=bwPRW5brvoM,2220878,31204,20201031,coconut cookie recipe,description,,8
msfHPvFx57k,How to make Vanilla Sugar Cookies - Recipe by Laura Vitale - Laura in the Kitchen Ep 104,Laura in the Kitchen,https://www.youtube.com/watch?v=msfHPvFx57k,2218247,22243,20110302,sugar cookie recipe,,,0
zgCO25Ute0s,Can A Vegan Chocolate Chip Cookie Satisfy A Cookie Lover? | Goodful,Goodful,https://www.youtube.com/watch?v=zgCO25Ute0s,2190605,68260,20191213,vegan cookie recipe,description,,14
q8oy0pz5YKA,3 Ingredient Sugar Cookies,Dished,https://www.youtube.com/watch?v=q8oy0pz5YKA,1943531,23104,20210215,sugar cookie recipe,description,,3
C2xQ-XmRx7g,"3 Ingredient Flourless chocolate cookies Recipe - No flour, Butter and baking powder",Shaswathi Cooking,https://www.youtube.com/watch?v=C2xQ-XmRx7g,1894863,41165,20230129,gluten free cookie recipe,,,0
nklRiQXkY9o,The Best Soft & Chewy Snickerdoodle Cookies,Tasty,https://www.youtube.com/watch?v=nklRiQXkY9o,1884828,47630,20170909,snickerdoodle recipe,description,,12
gGBC4-CsXOM,Claire Saffitz Makes The Best Oatmeal Cookies | Dessert Person,Claire Saffitz x Dessert Person,https://www.youtube.com/watch?v=gGBC4-CsXOM,1863831,60197,20201217,oatmeal chocolate chip cookie recipe,description,,14
ChDz833ew48,How to Make Chocolate Chip Cookies - Easy Soft Chewy Chocolate Chip Cookie Recipe,In The Kitchen With Matt,https://www.youtube.com/watch?v=ChDz833ew48,1842701,35669,20161213,chewy cookie recipe,description,,9
D06jsaDwLdc,Easy Double Chocolate Chip Cookies Recipe at Home | Yummy,Yummy,https://www.youtube.com/watch?v=D06jsaDwLdc,1823366,37510,20210124,double chocolate cookie recipe,,,0
dzm_QDCqm2U,Butter Cookies Recipe | How to Make Butter cookies,The Cooking Foodie,https://www.youtube.com/watch?v=dzm_QDCqm2U,1802815,42595,20191207,butter cookie recipe,description,,5
YwuxuBmT1OQ,Soft Lemon Cookies - Melt in your mouth,TheCooknShare,https://www.youtube.com/watch?v=YwuxuBmT1OQ,1783907,52125,20170525,lemon cookie recipe,,,0
3pW3Lr7vZ3o,I Built The PERFECT Chocolate Chip Cookie Recipe,FutureCanoe,https://www.youtube.com/watch?v=3pW3Lr7vZ3o,1764931,66560,20250511,chocolate chip cookie recipe,,,0
Hobi9J9fRnA,Super Easy HEALTHY Oatmeal Cookies,Food Metrica,https://www.youtube.com/watch?v=Hobi9J9fRnA,1763638,22465,20230214,oatmeal raisin cookie recipe,recipe_page,https://foodmetrica.com/oatmeal-cookies-with-pecan/,13
mA7R20BMfTo,EASY No Spread Sugar Cookies Recipe,Preppy Kitchen,https://www.youtube.com/watch?v=mA7R20BMfTo,1753341,36051,20231114,sugar cookie recipe,recipe_page,https://preppykitchen.com/sugar-cookies/,7
brZVMqRlc5w,Classic Gingerbread Cookies Recipe,Preppy Kitchen,https://www.youtube.com/watch?v=brZVMqRlc5w,1748633,34091,20211211,gingerbread cookie recipe,recipe_page,https://preppykitchen.com/gingerbread-men/,13
wMNEWNbcuHI,Perfect Chocolate Chip Cookies - Easy No-Mixer Chocolate Chip Cookies,Food Wishes,https://www.youtube.com/watch?v=wMNEWNbcuHI,1746109,47379,20150724,chocolate chip cookie recipe,,,0
nfn0O25aDaU,The Best Recipe for Chewy Oatmeal Cookies is Not on the Back of the Oat Canister,America's Test Kitchen,https://www.youtube.com/watch?v=nfn0O25aDaU,1727293,38044,20190413,oatmeal raisin cookie recipe,recipe_page,https://cooks.io/2q33t4O,12
dMPTxTmZDzE,Rick Makes Chocolate Chip Toffee Cookies | From the Test Kitchen | Bon Appétit,Bon Appétit,https://www.youtube.com/watch?v=dMPTxTmZDzE,1705040,54047,20181123,brown butter cookie recipe,recipe_page,https://www.bonappetit.com/recipe/brown-butter-and-toffee-chocolate-chip-cookies,11
4hMfOmqD720,3-Ingredient Peanut Butter Cookies,Tasty,https://www.youtube.com/watch?v=4hMfOmqD720,1701601,27461,20170323,peanut butter cookie recipe,description,,3
XYlMXgCWHhM,3 INGREDIENT NUTELLA COOKIES | Easy Recipe | Baking Cherry,Baking Cherry,https://www.youtube.com/watch?v=XYlMXgCWHhM,1701027,44806,20190524,nutella cookie recipe,,,0
sF7HEkSHbic,Milk Cookies in 5 Minutes! A Simple and Delicious Recipe!,Sweet Recipes,https://www.youtube.com/watch?v=sF7HEkSHbic,1693749,25261,20250925,cookie recipe easy homemade,description,,10
5NDJ6uuVFA4,Easy and Delicious Shortbread Cookies,Preppy Kitchen,https://www.youtube.com/watch?v=5NDJ6uuVFA4,1664965,37236,20190926,shortbread cookie recipe,recipe_page,https://preppykitchen.com/shortbread-cookies-recipe/,5
F5n-JYMUY34,"5-Minuten-Kokosplätzchen, die das Internet im Sturm erobert haben!",Tasty cookies,https://www.youtube.com/watch?v=F5n-JYMUY34,1664347,34590,20250814,coconut cookie recipe,description,,7
dzw6JO-yz34,10 Levels of Chocolate Chip Cookies,Binging with Babish,https://www.youtube.com/watch?v=dzw6JO-yz34,1656614,40808,20251026,chocolate chip cookie recipe,,,0
te2hbuewsEM,3 Ingredient Shortbread Cookies - Easy and Delicious Shortbread Cookies,Yummy Kitchen Recipe,https://www.youtube.com/watch?v=te2hbuewsEM,1537970,18412,20201120,shortbread cookie recipe,description,,4
L5mVKZnTqac,How to Make The BEST ROYAL ICING (Quick & Easy Tasty Recipe),Little Cookie Co,https://www.youtube.com/watch?v=L5mVKZnTqac,1536625,36219,20210404,sugar cookie icing recipe,description,,7
9ThezB21fhA,"Once You Try Chocolate chip Cookies This Way, You Won't Go Back",Sugar Spun Run,https://www.youtube.com/watch?v=9ThezB21fhA,1494577,44655,20260122,chocolate chip cookie recipe,description,,11
M1BcYmNA27k,S'Mores Cookie Cups Recipe - Laura Vitale - Laura in the Kitchen Episode 801,Laura in the Kitchen,https://www.youtube.com/watch?v=M1BcYmNA27k,1480969,34202,20140809,s'mores cookie recipe,,,0
EMRWGjQ2Xzc,Quick and Easy Royal Icing Recipe,The Honey Blonde,https://www.youtube.com/watch?v=EMRWGjQ2Xzc,1480207,26605,20200526,sugar cookie icing recipe,description,,3
XkKbbN2fG54,12 Christmas Cookies That Will Impress Everyone You Know | NYT Cooking,NYT Cooking,https://www.youtube.com/watch?v=XkKbbN2fG54,1466166,36998,20191204,christmas cookie recipe,,,0
ZLULwy2cXVE,The Best Chocolate Chip Cookies Ever,Joshua Weissman Recipes ,https://www.youtube.com/watch?v=ZLULwy2cXVE,1445168,41641,20251222,chocolate chip cookie recipe,,,0
55ChT43cjE0,4 Ingredient Butter Cookie Crunch super easy to make,Savor Easy,https://www.youtube.com/watch?v=55ChT43cjE0,1420060,16215,20230704,butter cookie recipe,description,,4
eX0qWju2D-0,21 Ways to Use Nutella,Patrick Zeinali,https://www.youtube.com/watch?v=eX0qWju2D-0,1419770,20398,20240212,nutella cookie recipe,,,0
glmGqRcrgDM,"Easy, Delicious Chocolate Crinkle Cookies",Preppy Kitchen,https://www.youtube.com/watch?v=glmGqRcrgDM,1413199,34704,20191114,crinkle cookie recipe,recipe_page,https://preppykitchen.com/chocolate-crinkle-cookies/,9
Pnu7HB_lSOA,Easy Homemade Lofthouse Cookies,Preppy Kitchen,https://www.youtube.com/watch?v=Pnu7HB_lSOA,1409652,54103,20210525,sugar cookie recipe,recipe_page,https://preppykitchen.com/lofthouse-cookies/,17
q_-Lj5Ly33M,Stuffed Chocolate Chip Cookies,Tasty,https://www.youtube.com/watch?v=q_-Lj5Ly33M,1387802,42149,20180804,stuffed cookie recipe,recipe_page,https://tasty.co/recipe/stuffed-chocolate-chip-cookies,24
hgxRfVqcr7o,CHEWY Vanilla Sugar Cookie Recipe,Emma's Goodies,https://www.youtube.com/watch?v=hgxRfVqcr7o,1374982,37838,20170825,sugar cookie recipe,description,,15
RgWeHeNb2hw,Classic Peanut Butter Cookies Recipe,Food Wishes,https://www.youtube.com/watch?v=RgWeHeNb2hw,1373077,18655,20120215,peanut butter cookie recipe,,,0
kSvexYR2w6E,Chewy Oatmeal Cookies Recipe,Preppy Kitchen,https://www.youtube.com/watch?v=kSvexYR2w6E,1360908,25936,20241031,oatmeal raisin cookie recipe,recipe_page,https://preppykitchen.com/oatmeal-raisin-cookies/,11
U0d68z5HTwE,How to Make Chocolate Crinkle Cookies (Easy Holiday Cookie Recipe) | Allrecipes,Allrecipes,https://www.youtube.com/watch?v=U0d68z5HTwE,1356948,15967,20140521,crinkle cookie recipe,,,0
YKc05pfqtm8,Easy Classic Sugar Cookies | No Mixer Needed!,Cook Me Food,https://www.youtube.com/watch?v=YKc05pfqtm8,1348179,28865,20200619,sugar cookie recipe,description,,8
9i6PTVCM7X8,BethBakes: Pumpkin Cookies with Caramel Frosting!,BethanyMotaVlogs,https://www.youtube.com/watch?v=9i6PTVCM7X8,1318312,25916,20121102,pumpkin cookie recipe,,,0
0JSFKhco8cY,Giant Levain Bakery Chocolate Chip Cookies By June | Delish,Delish,https://www.youtube.com/watch?v=0JSFKhco8cY,1289051,35691,20191126,levain style cookie recipe,recipe_page,https://www.delish.com/cooking/recipe-ideas/recipes/a46396/copycat-levain-bakery-cookies/,11
y-uiS-JQle4,Super Easy Double Chocolate Chip Cookies Recipe,Preppy Kitchen,https://www.youtube.com/watch?v=y-uiS-JQle4,1271310,25614,20211120,double chocolate cookie recipe,recipe_page,https://preppykitchen.com/double-chocolate-chip-cookies/,10
NJnUbkAXvjk,Salted Chocolate Brownie Cookies | Cupcake Jemma,CupcakeJemma,https://www.youtube.com/watch?v=NJnUbkAXvjk,1269885,32426,20150723,salted caramel cookie recipe,description,,8
Xhq-EVufDzM,Scottish Shortbread All Butter Just like Walkers!,Backyard Chef,https://www.youtube.com/watch?v=Xhq-EVufDzM,1269749,38811,20230725,shortbread cookie recipe,description,,3
DkWIt97rIYE,Patterned Butter Cookies in less than 10 minutes! Easy Cookies recipe you will make everyday!,COCO-NAHD by Dhan Tandel,https://www.youtube.com/watch?v=DkWIt97rIYE,1263064,29531,20241019,butter cookie recipe,,,0
3orMJXkKk5o,The Best Sugar Cookies to Decorate with Royal Icing (No Spread!!),Little Cookie Co,https://www.youtube.com/watch?v=3orMJXkKk5o,1257857,31337,20201016,sugar cookie icing recipe,,,0
jICNW-T11bM,My Ultimate Cookie | Basics with Babish,Binging with Babish,https://www.youtube.com/watch?v=jICNW-T11bM,1255735,42809,20230325,brown butter cookie recipe,recipe_page,https://basicswithbabish.co/basicsepisodes/ultimate-cookie,25
oXamQySpYsg,Chewy Chocolate Chip Cookies,Preppy Kitchen,https://www.youtube.com/watch?v=oXamQySpYsg,1243466,28997,20190212,chewy cookie recipe,recipe_page,https://preppykitchen.com/chewy-chocolate-chip-cookies/,9
gf-er6Rbw5g,Soft Cookies n' Cream Cookies ♡ Bake With Me,a little calm,https://www.youtube.com/watch?v=gf-er6Rbw5g,1242628,40441,20250312,soft cookie recipe,description,,14
MQzJ9PEiy-Y,Levain Bakery's Chocolate Chip Walnut Cookie,Savor Easy,https://www.youtube.com/watch?v=MQzJ9PEiy-Y,1210917,26797,20200715,levain style cookie recipe,description,,44
TqHhyRrXPSA,10 Christmas Cookies - The Best Winter Holiday Cookie Recipes,Home Cooking Adventure,https://www.youtube.com/watch?v=TqHhyRrXPSA,1162306,28692,20171212,christmas cookie recipe,,,0
CesCoGQWfjs,Shortbread Cut-Out Cookies With Royal Icing,Tasty,https://www.youtube.com/watch?v=CesCoGQWfjs,1159041,25795,20181210,cut out cookie recipe,,,0
j8rY6-z-jig,How to Make the Best Peanut Butter Cookies | Allrecipes,Allrecipes,https://www.youtube.com/watch?v=j8rY6-z-jig,1157068,11081,20121204,peanut butter cookie recipe,,,0
Clq0Z6IulQs,Coconut Macaroons  Recipe By Food Fusion,Food Fusion,https://www.youtube.com/watch?v=Clq0Z6IulQs,1141953,14520,20180410,coconut cookie recipe,,,0
HNB1b5mod1g,Oatmeal Raisin Cookies,Preppy Kitchen,https://www.youtube.com/watch?v=HNB1b5mod1g,1139728,28370,20210204,oatmeal raisin cookie recipe,recipe_page,https://preppykitchen.com/oatmeal-raisin-cookies/,11
OEK7ZqHrxbI,"Recipe: Nutella Stuffed Chocolate Chip Skillet Cookie – Warm, Melty Perfection",Cafe Delites,https://www.youtube.com/watch?v=OEK7ZqHrxbI,1139618,19188,20160124,nutella cookie recipe,recipe_page,http://cafedelites.com/2015/01/31/nutella-stuffed-deep-dish-chocolate-chip-skillet-cookie-pizookie/,10
h9BV6rtr5n8,"Christmas Cookies 🎅🏼 SLICE & BAKE! (Santa, boots & wreath cookies) | Holiday Cookies Recipe",Pastry Living with Aya,https://www.youtube.com/watch?v=h9BV6rtr5n8,1093183,23115,20221211,christmas cookie recipe,recipe_page,https://pastryliving.com/slice-bake-3-cute-christmas-cookies-video/,10
XNmjr8AQZbk,The BEST Gingerbread Cookie Recipe Ever!,Rosanna Pansino,https://www.youtube.com/watch?v=XNmjr8AQZbk,1061691,24696,20181216,gingerbread cookie recipe,description,,11
QEoqWx-Lq1A,My Scottish Grandma's Famous Shortbread Recipe + Why I Flew to Florida for it!,Brian Lagerstrom ,https://www.youtube.com/watch?v=QEoqWx-Lq1A,1058041,33806,20211223,shortbread cookie recipe,description,,14
LV99_0ji4q4,How to make the BEST Double Chocolate Cookies,Simply Home Cooked,https://www.youtube.com/watch?v=LV99_0ji4q4,1050021,23645,20200509,double chocolate cookie recipe,description,,10
ez61sEkLL9M,I Tested EVERY Gluten Free Flour!,Rosanna Pansino,https://www.youtube.com/watch?v=ez61sEkLL9M,1040697,19946,20230107,gluten free cookie recipe,,,0
zXvjqO5sNMs,"Katanya metode ini buat soft cookies kamu tambah enak, renyah di luar soft dan chewy di dalam.",Cooking with Hel,https://www.youtube.com/watch?v=zXvjqO5sNMs,1023010,16323,20230713,soft cookie recipe,,,0
64C1NLfPFLM,S`mores Cookies | 3 Flavors Chocolate Chip Cookies With Marshmallow | Red Velvet And Chocolate,Let's Stella,https://www.youtube.com/watch?v=64C1NLfPFLM,1021405,30659,20210415,s'mores cookie recipe,description,,36
_aYy_rdCZCQ,Easy Cut Out Sugar Cookies | Just 5 INGREDIENTS! | No Spread Sugar Cookie Recipe,Cook Me Food,https://www.youtube.com/watch?v=_aYy_rdCZCQ,1014659,19163,20211223,sugar cookie recipe,description,,5
LsnEE5ykwCs,The Best Chocolate Chip Cookies You’ll Ever Make (Bakery-Quality) | Epicurious 101,Epicurious,https://www.youtube.com/watch?v=LsnEE5ykwCs,1008835,23537,20241212,chocolate chip cookie recipe,description,,12
gLfIPN_WM48,Double Chocolate Chunk Cookies,Home Cooking Adventure,https://www.youtube.com/watch?v=gLfIPN_WM48,998596,16832,20140616,double chocolate cookie recipe,recipe_page,https://www.homecookingadventure.com/double-chocolate-chunk-cookies,10
X_5tAbWmby4,How to Make the Perfect Chocolate Chip Cookie ... Even Better? | Vaughn Vreeland | NYT Cooking,NYT Cooking,https://www.youtube.com/watch?v=X_5tAbWmby4,998483,22100,20230203,chocolate chip cookie recipe,recipe_page,https://nyti.ms/3WYyoMm,11
22IdpXjZDZs,Easy Peanut Butter Bars Recipe,Preppy Kitchen,https://www.youtube.com/watch?v=22IdpXjZDZs,996948,29409,20250911,peanut butter cookie recipe,recipe_page,https://preppykitchen.com/peanut-butter-bars/,5
fRpxyaDw_nA,EASY Sugar Cookie Icing Recipe,Preppy Kitchen,https://www.youtube.com/watch?v=fRpxyaDw_nA,996385,25050,20211207,sugar cookie icing recipe,recipe_page,https://preppykitchen.com/sugar-cookie-icing/,5
I0xAz9K3gMQ,How to make Chewy Salted Caramels | Cupcake Jemma,CupcakeJemma,https://www.youtube.com/watch?v=I0xAz9K3gMQ,992140,25274,20160623,salted caramel cookie recipe,description,,7
enywbTvUKAc,EASY VEGAN COOKIE RECIPES,Liv B,https://www.youtube.com/watch?v=enywbTvUKAc,989883,36753,20170121,vegan cookie recipe,description,,19
XvbJLZxCSM8,How To Make Sugar Cookies With Claire Saffitz | Dessert Person,Claire Saffitz x Dessert Person,https://www.youtube.com/watch?v=XvbJLZxCSM8,988276,23283,20211209,sugar cookie recipe,description,,8
C6nfwzawEcM,Chewy Oatmeal Raisin Cookies | Everyday Food with Sarah Carey,Everyday Food,https://www.youtube.com/watch?v=C6nfwzawEcM,950697,14632,20121129,oatmeal raisin cookie recipe,description,,10
CMrkchcWHNo,Butter Cookies,Preppy Kitchen,https://www.youtube.com/watch?v=CMrkchcWHNo,943067,26294,20201008,butter cookie recipe,recipe_page,https://preppykitchen.com/butter-cookies/,7
FvN2oZQ1OJQ,Chewy Chocolate Chip Cookies Recipe,Preppy Kitchen,https://www.youtube.com/watch?v=FvN2oZQ1OJQ,942662,15937,20250710,chocolate chip cookie recipe,recipe_page,https://preppykitchen.com/chewy-chocolate-chip-cookies/,9
D8qydjmXjtQ,GINGERBREAD COOKIES | gingerbread man recipe,Irene Magazine,https://www.youtube.com/watch?v=D8qydjmXjtQ,916415,20139,20201216,gingerbread cookie recipe,description,,9
jlWfoO-qZ9s,"M&M's - Cookie Inception (2023, USA)",The Hall of Advertising,https://www.youtube.com/watch?v=jlWfoO-qZ9s,913940,5962,20230529,m&m cookie recipe,,,0
k_1BdSzBaMc,Easy Coconut Macaroons Recipe | So delicious!,Preppy Kitchen,https://www.youtube.com/watch?v=k_1BdSzBaMc,904720,20969,20220419,coconut cookie recipe,recipe_page,https://preppykitchen.com/coconut-macaroons/,6
_Tbs_0_9FGo,Double Chocolate Cookies | Alfie Deyes & Jamie Oliver,Jamie Oliver,https://www.youtube.com/watch?v=_Tbs_0_9FGo,877399,36939,20150315,double chocolate cookie recipe,,,0
iSuC-I4zDOU,🍪 4-Ingredient Danish Butter Cookies — Christmas Cookie Box Edition 🎄,Baking Moments,https://www.youtube.com/watch?v=iSuC-I4zDOU,876810,22713,20251126,christmas cookie recipe,,,0
67ZO1VXZQ4o,Coconut Macaroons | Easy No Flour Cookie Recipe,valerie is cooking,https://www.youtube.com/watch?v=67ZO1VXZQ4o,865568,13079,20210915,coconut cookie recipe,description,,9
U9FeO5dxPIc,Oatmeal Chocolate Chip Cookies,Preppy Kitchen,https://www.youtube.com/watch?v=U9FeO5dxPIc,859399,21375,20201224,oatmeal chocolate chip cookie recipe,recipe_page,https://preppykitchen.com/oatmeal-chocolate-chip-cookies/,10
cg-ZyW9oy-o,초간단 쫀득한 말차 화이트초코 쿠키 만들기 | 자도르,J'adore자도르,https://www.youtube.com/watch?v=cg-ZyW9oy-o,856354,16563,20190305,matcha cookie recipe,description,,11
29C0FmzVEW0,Nutella Stuffed Chocolate Cookies | The Cookie Of Your Dreams,Glamrs,https://www.youtube.com/watch?v=29C0FmzVEW0,844739,29899,20180716,nutella cookie recipe,,,0
fsiJrbLR3kg,Easy Lemon Crinkle Cookies Recipe,Preppy Kitchen,https://www.youtube.com/watch?v=fsiJrbLR3kg,842733,27002,20220818,crinkle cookie recipe,recipe_page,https://preppykitchen.com/lemon-crinkle-cookies/,12
PszBtsAL-w8,M&M's® Cookies (Classic Version) - Joyofbaking.com,Joy of Baking,https://www.youtube.com/watch?v=PszBtsAL-w8,827711,5217,20120126,m&m cookie recipe,,,0
9h1xNlh5LAo,Recreating The Levain Chocolate Chip Cookie | Anything With Alvin,Anything with Alvin,https://www.youtube.com/watch?v=9h1xNlh5LAo,816238,19739,20240829,levain style cookie recipe,recipe_page,https://diningwithskyler.com/2019-2-6-diy-levain-chocolate-walnut-cookies,10
VE650SkYapw,Pfeffernüsse - German Spice Christmas Cookies | Food Wishes,Food Wishes,https://www.youtube.com/watch?v=VE650SkYapw,808409,27272,20211217,christmas cookie recipe,,,0
5wemXknCUFA,The BEST Peanut Butter Cookies,Preppy Kitchen,https://www.youtube.com/watch?v=5wemXknCUFA,776892,17262,20241212,peanut butter cookie recipe,recipe_page,https://preppykitchen.com/peanut-butter-cookies-recipe/,8
k_pbiSn05ic,Peanut Butter Cookies (Classic Version) - Joyofbaking.com,Joy of Baking,https://www.youtube.com/watch?v=k_pbiSn05ic,775904,5897,20110505,peanut butter cookie recipe,,,0
aRM59HP0ORE,M&M Cookies Recipe - Laura Vitale - Laura in the Kitchen Episode 309,Laura in the Kitchen,https://www.youtube.com/watch?v=aRM59HP0ORE,765301,9232,20120202,m&m cookie recipe,,,0
Lu9rcp3cU1s,Lemon Cheesecake Cookies ♡ Bake With Me,a little calm,https://www.youtube.com/watch?v=Lu9rcp3cU1s,763972,46468,20250528,lemon cookie recipe,description,,14
vaJ83--Uh-I,Butter Cookie Easy Recipe,Savor Easy,https://www.youtube.com/watch?v=vaJ83--Uh-I,758677,12784,20200428,butter cookie recipe,description,,19
XQP_6wU-wnU,Oatmeal Chocolate Chip Cookies,Preppy Kitchen,https://www.youtube.com/watch?v=XQP_6wU-wnU,754461,16844,20200128,oatmeal chocolate chip cookie recipe,recipe_page,https://preppykitchen.com/oatmeal-chocolate-chip-cookies/,10
txw2zaUW9UA,Soft and Chewy Sugar Cookies,"Life, Love and Sugar",https://www.youtube.com/watch?v=txw2zaUW9UA,753658,14722,20191009,sugar cookie recipe,recipe_page,https://www.lifeloveandsugar.com/best-soft-and-chewy-sugar-cookies/,10
388upAa-UMw,The Top 5 Holiday Cookies,Joshua Weissman,https://www.youtube.com/watch?v=388upAa-UMw,744352,24502,20181201,christmas cookie recipe,,,0
doDkm6aEkt4,Beginner's easy to bake 10 minute Melt in your mouth Butter Cookies / बेस्ट  बटर  कुकीज़,COCO-NAHD by Dhan Tandel,https://www.youtube.com/watch?v=doDkm6aEkt4,742507,16848,20230916,butter cookie recipe,description,,5
NHAsc97jTYI,Snickerdoodle Cookies,Preppy Kitchen,https://www.youtube.com/watch?v=NHAsc97jTYI,736118,22483,20200512,snickerdoodle recipe,recipe_page,https://preppykitchen.com/snickerdoodle-cookies-recipe/,11
BtO8OGO14iQ,Easy Cut Out Sugar Cookie Recipe | Wilton,Wilton,https://www.youtube.com/watch?v=BtO8OGO14iQ,736074,15228,20191101,sugar cookie recipe,recipe_page,http://bit.ly/2Nw1roz,8
__6mfv7NBWw,The BEST Shortbread Cookies,Preppy Kitchen,https://www.youtube.com/watch?v=__6mfv7NBWw,734127,18243,20241203,shortbread cookie recipe,recipe_page,https://preppykitchen.com/shortbread-cookies-recipe/,5
DPMUZAeI7no,CHOCOLATE CHIP COOKIES [The Only Chocolate Chip Cookie Recipe You Need],Brian Lagerstrom ,https://www.youtube.com/watch?v=DPMUZAeI7no,729512,24308,20201231,chocolate chip cookies from scratch,description,,10
tZv7nNRpqZw,Soft Gooey Biscoff Chocolate Chip Cookies ♡ Bake With Me,a little calm,https://www.youtube.com/watch?v=tZv7nNRpqZw,726473,30597,20250718,stuffed cookie recipe,description,,16
cA7P5QG0_Qo,Chocolate Crinkle Cookie Recipe - Laura Vitale - Laura in the Kitchen Episode 756,Laura in the Kitchen,https://www.youtube.com/watch?v=cA7P5QG0_Qo,720376,11433,20140425,crinkle cookie recipe,,,0
54uasXDGEt8,Perfect Thumbprint Cookies - Food Wishes,Food Wishes,https://www.youtube.com/watch?v=54uasXDGEt8,718910,25634,20181214,thumbprint cookie recipe,,,0
1L15XbZ5NSk,One Cookie Dough in 4 Flavors New York Style Cookie,Savor Easy,https://www.youtube.com/watch?v=1L15XbZ5NSk,711786,14154,20241023,levain style cookie recipe,description,,22
OI2LmI-Gqhs,How to Make Snickerdoodles - Cookie Recipe by Laura Vitale Laura in the Kitchen Ep 107,Laura in the Kitchen,https://www.youtube.com/watch?v=OI2LmI-Gqhs,701351,7710,20110320,snickerdoodle recipe,,,0
rcPght0KTjs,Cookie Decorating Masterclass | Cupcake Jemma Masterclass,CupcakeJemma,https://www.youtube.com/watch?v=rcPght0KTjs,698134,14918,20190207,sugar cookie icing recipe,,,0
1gcLatHJa8o,Chewy Chocolate Chip Cookies ♡ Bake With Me,a little calm,https://www.youtube.com/watch?v=1gcLatHJa8o,694311,21447,20250917,chocolate chip cookie recipe,description,,11
TEdVeTBmSeY,Melt In Your Mouth Butter Cookies | Danish Butter Cookies Recipe | 쉬운 베이킹,Yummeth,https://www.youtube.com/watch?v=TEdVeTBmSeY,680530,17997,20210524,butter cookie recipe,description,,7
ulVK4ejTp0w,Making Christmas Cookies With My Family,Preppy Kitchen,https://www.youtube.com/watch?v=ulVK4ejTp0w,676518,19109,20211218,christmas cookie recipe,recipe_page,https://preppykitchen.com/peanut-butter-blossoms/,10
C2BWKh-qjRM,How To Make Green Tea Cookies (Recipe) 抹茶クッキーの作り方（レシピ）,Just One Cookbook,https://www.youtube.com/watch?v=C2BWKh-qjRM,673063,14221,20160724,matcha cookie recipe,description,,6
f24gpOgAXwY,Cut Out Sugar Cookies | Sally's Baking,Sally's Baking Recipes,https://www.youtube.com/watch?v=f24gpOgAXwY,670983,4004,20200703,sugar cookie recipe,recipe_page,https://sallysbakingaddiction.com/best-sugar-cookies/,10
degkGwsyUx8,White Chocolate Macadamia Nut Cookies Recipe,Emojoie,https://www.youtube.com/watch?v=degkGwsyUx8,669648,11744,20170311,white chocolate macadamia cookie recipe,description,,10
qUrLHw7GOzU,Make 10 Holiday Cookies from One Dough!🎁 | Christmas Cookie Box,Pastry Living with Aya,https://www.youtube.com/watch?v=qUrLHw7GOzU,652291,26093,20221202,christmas cookie recipe,recipe_page,https://pastryliving.com/10-amazing-holiday-cookies-from-one-dough-holiday-cookie-box-video/,55
ZONuDoNWb-8,3-Ingredient Sugar Cookies,Christine Mills,https://www.youtube.com/watch?v=ZONuDoNWb-8,648206,14054,20200416,sugar cookie recipe,description,,3
brFFODZNxkE,3 Ingredient ALMOND COOKIES | The EASIEST Cookies to Make | Quick Recipe,Spain on a Fork,https://www.youtube.com/watch?v=brFFODZNxkE,646473,23558,20211224,almond cookie recipe,recipe_page,https://spainonafork.com/3-ingredient-almond-cookies-recipe,4
so00zaxb80U,Cookie Recipe in 10 minutes with your kids! Simple easy to follow/ No Egg,COCO-NAHD by Dhan Tandel,https://www.youtube.com/watch?v=so00zaxb80U,645223,9290,20250419,cookie recipe easy homemade,,,0
U8U-dekTdec,Sugar Cookie Icing that's Easier to Make and Foolproof,Sugar Spun Run,https://www.youtube.com/watch?v=U8U-dekTdec,644740,15952,20221205,sugar cookie icing recipe,description,,4
Vc7GYy17NMw,NYC Style Chocolate Chip Cookies From One Dough ♡ Bake With Me,Pinch Of Warmth,https://www.youtube.com/watch?v=Vc7GYy17NMw,643946,19215,20250604,levain style cookie recipe,description,,10
K9i883NztfI,Ginger Cookies Recipe Demonstration - Joyofbaking.com,Joy of Baking,https://www.youtube.com/watch?v=K9i883NztfI,642676,7307,20140828,gingerbread cookie recipe,,,0
a4qzHXAB3c0,Best Chocolate Chip Cookie 🍪 Recipe 😍 By Chef Hafsa,Hafsa's Kitchen,https://www.youtube.com/watch?v=a4qzHXAB3c0,630898,11637,20230602,chocolate chip cookie recipe,description,,10
VRLsDE1LTUw,AMAZING Lemon Cookies Recipe,Preppy Kitchen,https://www.youtube.com/watch?v=VRLsDE1LTUw,623589,21108,20200312,lemon cookie recipe,recipe_page,https://preppykitchen.com/lemon-cookies/,13
M255MuO0CdE,Red Velvet Cookies,Preppy Kitchen,https://www.youtube.com/watch?v=M255MuO0CdE,620045,18506,20200623,red velvet cookie recipe,recipe_page,https://preppykitchen.com/red-velvet-cookies/,16
1Zv4oRaPaWI,Peanut Butter Chocolate Chip Cookies,Preppy Kitchen,https://www.youtube.com/watch?v=1Zv4oRaPaWI,619886,16307,20190320,peanut butter cookie recipe,recipe_page,https://preppykitchen.com/peanut-butter-chocolate-chip-cookies/,10
MD7wTq_kNPg,Vanilla Sugar Cookies - Perfect for cut out and decorating,Adilicious,https://www.youtube.com/watch?v=MD7wTq_kNPg,617569,9391,20170319,cut out cookie recipe,description,,8
ATqMm4lHKgg,4-Ingredient Italian CHRISTMAS COOKIES | Easy Butter Cookies Recipe,Emma's Goodies,https://www.youtube.com/watch?v=ATqMm4lHKgg,613450,13500,20241205,christmas cookie recipe,description,,5
P1MPKmfwzDs,Cutout Sugar Cookie Recipe - Laura Vitale - Laura in the Kitchen Episode 688,Laura in the Kitchen,https://www.youtube.com/watch?v=P1MPKmfwzDs,606254,8565,20131207,cut out cookie recipe,,,0
QDp5KGmn7eE,Oatmeal Raisin Cookies (Classic Version) - Joyofbaking.com,Joy of Baking,https://www.youtube.com/watch?v=QDp5KGmn7eE,599862,7709,20131217,oatmeal raisin cookie recipe,,,0
UqQMJ9VvdP4,EASY Christmas Cookies | Step by Step Tutorial,Little Cookie Co,https://www.youtube.com/watch?v=UqQMJ9VvdP4,595724,14483,20231117,christmas cookie recipe,,,0
o3_UgJgn-uE,Amazing Peanut Butter Chocolate Chip Cookies Recipe,Preppy Kitchen,https://www.youtube.com/watch?v=o3_UgJgn-uE,591502,12366,20230831,peanut butter cookie recipe,recipe_page,https://preppykitchen.com/peanut-butter-chocolate-chip-cookies/,10
0BGdwbsDUEE,ബട്ടർ കുക്കീസ് | Butter Cookies Recipe without beater | Malayalam Recipe,Shaan Geo,https://www.youtube.com/watch?v=0BGdwbsDUEE,588308,11017,20220513,butter cookie recipe,,,0
PYT-Z2PBt_k,The BEST Lemon Cookies Recipe,Preppy Kitchen,https://www.youtube.com/watch?v=PYT-Z2PBt_k,584412,16490,20240530,lemon cookie recipe,recipe_page,https://preppykitchen.com/lemon-cookies/,13
UJmewcEnlJY,Professional Baker Teaches You How To Make CRINKLE COOKIES!,Oh Yum with Anna Olson,https://www.youtube.com/watch?v=UJmewcEnlJY,570544,11297,20171115,crinkle cookie recipe,description,,9
qsMEKFzRaRM,"Chocolate Chip Cookie Upgrade: Crinkly, Chewy, Browned Butter | Easy No-Mixer Recipe",sheldo's kitchen,https://www.youtube.com/watch?v=qsMEKFzRaRM,561007,19919,20211014,brown butter cookie recipe,description,,10
TPcRbti4-6g,Thick Soft And Chewy Chocolate Chip Cookies,Cooking With Donna,https://www.youtube.com/watch?v=TPcRbti4-6g,559971,12641,20190817,soft cookie recipe,description,,12
MvPdE27Otig,Smores Cookies,Preppy Kitchen,https://www.youtube.com/watch?v=MvPdE27Otig,559303,18268,20200818,s'mores cookie recipe,recipe_page,https://preppykitchen.com/smores-cookies/,14
DInhdqoIszg,Coconut Cookies,Preppy Kitchen,https://www.youtube.com/watch?v=DInhdqoIszg,558755,15629,20200423,coconut cookie recipe,recipe_page,https://preppykitchen.com/coconut-cookies/,9
bGJi2sbuWVI,"Italian Almond Cookies — No Flour, 15 Minutes🍪Gluten Free & So Easy!",Dessertology,https://www.youtube.com/watch?v=bGJi2sbuWVI,554469,19805,20250922,gluten free cookie recipe,description,,4
wlLhL59gerA,EASY SUGAR COOKIE RECIPE ~ PERFECT FOR CUT OUT COOKIES,Natalia Campbell,https://www.youtube.com/watch?v=wlLhL59gerA,549736,16765,20180813,cut out cookie recipe,description,,6
cYq_DPR1kMU,How to Make Easy Classic Sugar Cookies for Decorating | NO Spread Rollout Sugar Cookies | UPDATED,Sweet Dreams Bake Shoppe,https://www.youtube.com/watch?v=cYq_DPR1kMU,542325,14183,20201220,sugar cookie recipe,description,,5
hqd8i8eXDsQ,"The BEST Bakery-Style Chocolate Chip Cookies (egg-free, dairy-free!) 🍪",Pick Up Limes,https://www.youtube.com/watch?v=hqd8i8eXDsQ,538858,19101,20241010,vegan cookie recipe,recipe_page,https://www.pickuplimes.com/recipe/the-best-chocolate-chip-cookies-1437,10
GLTgddyTkYs,How to make New York City's famous Levain cookies | Copycat Recipe,Harvesting Figs,https://www.youtube.com/watch?v=GLTgddyTkYs,538720,13717,20191117,levain style cookie recipe,,,0
y-q-f4TY-Qc,How to Make Peanut Butter Cookies - Recipe by Laura Vitale - Laura in the Kitchen Ep 114,Laura in the Kitchen,https://www.youtube.com/watch?v=y-q-f4TY-Qc,530063,4697,20110417,peanut butter cookie recipe,,,0
hcTZAk8a9as,Nigella's Christmas Chocolate Cookies - Nigella's Christmas Kitchen - BBC,BBC,https://www.youtube.com/watch?v=hcTZAk8a9as,527582,2695,20081224,christmas cookie recipe,,,0
I6FjixsH10Y,"Best Italian Almond Cookies Recipe | Soft, Chewy & Flourless",Mamagourmand,https://www.youtube.com/watch?v=I6FjixsH10Y,522945,18257,20251130,almond cookie recipe,description,,6
gpSV_oavvyY,34 Ways To Make A Cookie,Anything with Alvin,https://www.youtube.com/watch?v=gpSV_oavvyY,521198,13371,20250708,chocolate chip cookies from scratch,,,0
0iRt6Ups8HA,How to Make M&M Cookies | Cookie Recipes | Allrecipes.com,Allrecipes,https://www.youtube.com/watch?v=0iRt6Ups8HA,519666,7172,20140730,m&m cookie recipe,,,0
vdR7Wx9PptY,Thumbprint Cookies Recipe,Preppy Kitchen,https://www.youtube.com/watch?v=vdR7Wx9PptY,519654,13781,20231207,thumbprint cookie recipe,recipe_page,https://preppykitchen.com/thumbprint-cookies/,8
jm54CkoD268,Shortbread Cookies Recipe Demonstration - Joyofbaking.com,Joy of Baking,https://www.youtube.com/watch?v=jm54CkoD268,515941,8403,20181213,shortbread cookie recipe,,,0
NoF8MsYFnv4,Chewy Salted Caramel Cookie Recipe | Cupcake Jemma,CupcakeJemma,https://www.youtube.com/watch?v=NoF8MsYFnv4,514783,15865,20160630,salted caramel cookie recipe,description,,11
FjuTtovvcFo,How to Make Homemade Oatmeal Raisin Cookies - Recipe by Laura Vitale Laura In The Kitchen Episode 69,Laura in the Kitchen,https://www.youtube.com/watch?v=FjuTtovvcFo,514432,4087,20101130,oatmeal raisin cookie recipe,,,0
vJwCDaCQgFs,Easy Lofthouse Cookies Recipe,Preppy Kitchen,https://www.youtube.com/watch?v=vJwCDaCQgFs,513153,15201,20251030,sugar cookie recipe,recipe_page,https://preppykitchen.com/lofthouse-cookies/,17
-c6GzKppDqo,5 of the BEST Christmas Cookies! | All The Cookies YOU Should Make This Winter! • Julia Pacheco,Julia Pacheco,https://www.youtube.com/watch?v=-c6GzKppDqo,509621,16807,20211210,christmas cookie recipe,,,0
8lJAYXTNgoI,Soft n Chewy Gluten-Free Chocolate Chip Cookies,Divas Can Cook,https://www.youtube.com/watch?v=8lJAYXTNgoI,506760,13409,20150611,gluten free cookie recipe,recipe_page,http://divascancook.com/easy-gluten-free-chocolate-chip-cookies-recipe-soft-chewy/,13
OO5N9HkyLbQ,Perfect Easy Gingerbread Cookies For Christmas | Soft and Chewy | Cookies de Natal Gingerbread,Cup of B,https://www.youtube.com/watch?v=OO5N9HkyLbQ,504990,7784,20201217,gingerbread cookie recipe,description,,24
EcfZ3PaqdeI,Claire Saffitz Makes Holiday Molasses Spice Cookies | Dessert Person,Claire Saffitz x Dessert Person,https://www.youtube.com/watch?v=EcfZ3PaqdeI,500070,14843,20211021,gingerbread cookie recipe,description,,14
IKGI6sYc1Uw,Old-Fashioned Peanut Butter Cookies - Martha Stewart,Martha Stewart,https://www.youtube.com/watch?v=IKGI6sYc1Uw,494577,7128,20140204,peanut butter cookie recipe,,,0
xrk7Z-stp60,Easy Snickerdoodle Cookies Recipe,Preppy Kitchen,https://www.youtube.com/watch?v=xrk7Z-stp60,493833,11798,20231031,snickerdoodle recipe,recipe_page,https://preppykitchen.com/snickerdoodle-cookies-recipe/,11
Prj3b0ExrO4,Amazing Coconut Cookies Recipe,Preppy Kitchen,https://www.youtube.com/watch?v=Prj3b0ExrO4,487839,14634,20250116,coconut cookie recipe,recipe_page,https://preppykitchen.com/coconut-cookies/,9
yNtBl979qFc,Professional Baker Teaches You How To Make SHORTBREAD!,Oh Yum with Anna Olson,https://www.youtube.com/watch?v=yNtBl979qFc,485276,9815,20180606,shortbread cookie recipe,description,,6
otOjV1xjgWM,Red Velvet Chocolate Chip Cookies Recipe,The Cooking Foodie,https://www.youtube.com/watch?v=otOjV1xjgWM,483901,10616,20180723,red velvet cookie recipe,description,,11
anroriK2xXg,Soft Lemon Crinkle Cookies | Em’s Kitchen,Em's Kitchen,https://www.youtube.com/watch?v=anroriK2xXg,481714,11888,20200729,lemon cookie recipe,description,,9
kCbw7T5J0DI,Homemade Nutella Cookies Recipe - Laura Vitale - Laura in the Kitchen Episode 390,Laura in the Kitchen,https://www.youtube.com/watch?v=kCbw7T5J0DI,481276,6522,20120510,nutella cookie recipe,,,0
oCt3xhKCX1k,How to Make the Best Chocolate Chip Cookies | Chocolate Chip Cookies | What's Eating Dan?,America's Test Kitchen,https://www.youtube.com/watch?v=oCt3xhKCX1k,480926,15378,20190112,chocolate chip cookie recipe,recipe_page,https://cooks.io/2SGteUU,11
1n0rbgAMwu8,Italian Almond Cookies by Cooking with Manuela,Manuela Mazzocco,https://www.youtube.com/watch?v=1n0rbgAMwu8,480593,8523,20180302,almond cookie recipe,,,0
k-mBok2lLfs,"Martha Stewart Makes Shortbread Cookies, 3 Ways | Martha Stewart",Martha Stewart,https://www.youtube.com/watch?v=k-mBok2lLfs,477174,10312,20201211,shortbread cookie recipe,,,0
1qIC5V5lYwk,Levain Bakery Cookies | El Manual de las cookies,Diegodoal,https://www.youtube.com/watch?v=1qIC5V5lYwk,476497,14920,20200401,levain style cookie recipe,,,0
yJbaY5mE-BI,Eggless Chocolate Chip Nutella Cookies | How Tasty Channel,How Tasty,https://www.youtube.com/watch?v=yJbaY5mE-BI,472467,12074,20200603,nutella cookie recipe,recipe_page,https://www.how-tasty.com/eggless-chocolate-chips-nutella-cookies/,10
4XfYBAfiI5c,The Ultimate Ginger Cookies | Barefoot Contessa: Cook Like a Pro | Food Network,Food Network,https://www.youtube.com/watch?v=4XfYBAfiI5c,467123,8204,20191209,gingerbread cookie recipe,description,,12
ONjRr1-mjfY,Double Chocolate Chip Cookies,Preppy Kitchen,https://www.youtube.com/watch?v=ONjRr1-mjfY,465099,16448,20190131,double chocolate cookie recipe,recipe_page,https://preppykitchen.com/double-chocolate-chip-cookies/,10
pe0705jmvOg,Shortbread Cookie Recipe - Laura Vitale - Laura in the Kitchen Episode 255,Laura in the Kitchen,https://www.youtube.com/watch?v=pe0705jmvOg,463977,6036,20111205,shortbread cookie recipe,,,0
pRpnKwNhZxk,Red Velvet & White Chocolate Chip Cookies | Cupcake Jemma,CupcakeJemma,https://www.youtube.com/watch?v=pRpnKwNhZxk,463956,14654,20160225,red velvet cookie recipe,description,,13
4c03v7sbhIk,Soft Chewy M&M Cookies Recipe,Preppy Kitchen,https://www.youtube.com/watch?v=4c03v7sbhIk,463091,11877,20211009,m&m cookie recipe,recipe_page,https://preppykitchen.com/mm-cookies/,9
NVe41gu3fpw,How to Make the Best Chewy Peanut Butter Cookies,America's Test Kitchen,https://www.youtube.com/watch?v=NVe41gu3fpw,456375,11028,20220105,peanut butter cookie recipe,recipe_page,https://cooks.io/3v7phMJ,10
uwkS9gVHy28,5-Minute Coconut Cookies That Broke the Internet! (Easy & Addictive!),Angela's Soul Kitchen,https://www.youtube.com/watch?v=uwkS9gVHy28,456270,10394,20250302,coconut cookie recipe,,,0
5OCO0klXrO0,EPIC DOUBLE CHOCOLATE CHUNK COOKIES | WITH EGGLESS OPTION | SUBWAY STYLE CHEWY CHOCOLATE COOKIES,Bake With Shivesh,https://www.youtube.com/watch?v=5OCO0klXrO0,455225,12851,20200810,double chocolate cookie recipe,description,,10
8823kYwzqjI,NYC Style Chocolate Chip Cookies ♡ Bake With Me,Pinch Of Warmth,https://www.youtube.com/watch?v=8823kYwzqjI,454016,13642,20250419,stuffed cookie recipe,description,,18
kTHW8ZSrOWY,Lacy Almond Cookies - Everyday Food with Sarah Carey,Everyday Food,https://www.youtube.com/watch?v=kTHW8ZSrOWY,452527,6623,20140110,almond cookie recipe,,,0
OjHqwBDHA0Q,EASY CHRISTMAS COOKIE RECIPE,Kaitlyn Taylor,https://www.youtube.com/watch?v=OjHqwBDHA0Q,449540,11934,20201214,christmas cookie recipe,description,,8
RqS3aayHJ58,Double Chocolate Cookies | BakeClub,BakeClub,https://www.youtube.com/watch?v=RqS3aayHJ58,445819,8283,20140407,double chocolate cookie recipe,description,,7
61Zba8jh5Wg,Levain Bakery Pam and Connie Make Cookies,Levain Bakery,https://www.youtube.com/watch?v=61Zba8jh5Wg,444344,6712,20080718,levain style cookie recipe,,,0
4B43W_wXJuY,Gochujang Caramel Cookies | Eric Kim | NYT Cooking,NYT Cooking,https://www.youtube.com/watch?v=4B43W_wXJuY,432633,11831,20221204,salted caramel cookie recipe,,,0
z8nmqRkabw4,Soft Sugar Cookies with Icing Recipe- Hot Chocolate Hits,Hot Chocolate Hits,https://www.youtube.com/watch?v=z8nmqRkabw4,427798,10426,20150531,sugar cookie icing recipe,,,0
vU2uuVDADNE,Best Chocolate Chips Cookies Recipe,Cooking With Rila,https://www.youtube.com/watch?v=vU2uuVDADNE,427586,6207,20200611,cookie recipe easy homemade,,,0
zs63Nxe19ZE,Professional Baker Teaches You How To Make OATMEAL RAISIN COOKIES!,Oh Yum with Anna Olson,https://www.youtube.com/watch?v=zs63Nxe19ZE,426994,8409,20160429,oatmeal raisin cookie recipe,description,,17
KsKH8bbfK_Q,The Best Nutella Cookie Pie Recipe! Easy Tutorial!,Fitwaffle Kitchen,https://www.youtube.com/watch?v=KsKH8bbfK_Q,418212,12927,20220620,nutella cookie recipe,description,,8
ggFlmQpKl9o,This Basic Cookie Becomes Insanely Better with These Methods,Chef Billy Parisi,https://www.youtube.com/watch?v=ggFlmQpKl9o,417080,12696,20260325,chocolate chip cookie recipe,description,,13
XNLeG-TeCBU,How to Make Peanut Butter Cookies,The Cooking Foodie,https://www.youtube.com/watch?v=XNLeG-TeCBU,415057,5816,20180208,peanut butter cookie recipe,description,,10
DMSRr5vsE8E,How to Make Brown Butter Chocolate Chip Cookies,Sugar Spun Run,https://www.youtube.com/watch?v=DMSRr5vsE8E,413122,11693,20190520,brown butter cookie recipe,description,,11
PXzLU-4l1FM,3-Ingredient Shortbread Cookies-How To Make Old Fashioned Shortbread Cookies EASY Recipe,Small Town Southern Wife,https://www.youtube.com/watch?v=PXzLU-4l1FM,410999,21037,20260729,shortbread cookie recipe,description,,3
VG6PaXzf1Pc,Almond Flour Cookies | gluten-free chocolate chip cookies!,Detoxinista,https://www.youtube.com/watch?v=VG6PaXzf1Pc,403466,8066,20210626,gluten free cookie recipe,recipe_page,https://detoxinista.com/almond-flour-cookies/,8
EzGKtgcpcjo,4 INGREDIENTS COCONUT COOKIES RECIPE | EASY HOMEMADE COOKIES,Top Tasty,https://www.youtube.com/watch?v=EzGKtgcpcjo,398350,4254,20191012,coconut cookie recipe,description,,6
BiHdO3TdFZk,Thumbprint Cookies | Preppy Kitchen,Preppy Kitchen,https://www.youtube.com/watch?v=BiHdO3TdFZk,398303,11785,20190207,thumbprint cookie recipe,recipe_page,https://preppykitchen.com/thumbprint-cookies/,8
fBjDteOhVKw,Thumbprint Cookies (Classic Version) - Joyofbaking.com,Joy of Baking,https://www.youtube.com/watch?v=fBjDteOhVKw,394169,3818,20110920,thumbprint cookie recipe,,,0
YXxJisASPIY,The Easiest Thumbprint Cookies With Infinite Fillings,Joshua Weissman,https://www.youtube.com/watch?v=YXxJisASPIY,391843,16956,20191223,thumbprint cookie recipe,,,0
x7SaI78mwYY,Cut Out SUGAR COOKIES RECIPE,Emma's Goodies,https://www.youtube.com/watch?v=x7SaI78mwYY,391016,9635,20181205,cut out cookie recipe,description,,10
SI81iQKMYPw,Red Velvet Cookies | How Tasty Channel,How Tasty,https://www.youtube.com/watch?v=SI81iQKMYPw,387228,10637,20210204,red velvet cookie recipe,recipe_page,https://www.how-tasty.com/red-velvet-stuffed-cookies/,14
vYZruvJMN_w,The Best Peanut Butter Cookies with Claire Saffitz | Dessert Person,Claire Saffitz x Dessert Person,https://www.youtube.com/watch?v=vYZruvJMN_w,385766,15106,20220428,peanut butter cookie recipe,description,,9
rvugSczY5xQ,THE BEST CHOCOLATE CHIP COOKIES | gluten- free chocolate chip cookies recipe,Clean & Delicious,https://www.youtube.com/watch?v=rvugSczY5xQ,384580,13620,20190524,gluten free cookie recipe,recipe_page,https://tinyurl.com/y2vtcalx,7
ur68U3CiRRE,Easy & Festive Gingerbread Cookies Recipe | Perfect Holiday Treat 🎄,Natashas Kitchen,https://www.youtube.com/watch?v=ur68U3CiRRE,382413,7455,20231201,gingerbread cookie recipe,,,0
1ovZkhTAy_Y,Traditional Shortbread | Waitrose,Waitrose & Partners,https://www.youtube.com/watch?v=1ovZkhTAy_Y,382191,3450,20141008,shortbread cookie recipe,,,0
HxGBClkllNE,BEST ROYAL ICING RECIPE & Perfect Icing Consistency,Little Cookie Co,https://www.youtube.com/watch?v=HxGBClkllNE,376842,10796,20231119,sugar cookie icing recipe,description,,7
GOLRJplOPhQ,Ina Garten's Shortbread Cookies | Barefoot Contessa | Food Network,Food Network,https://www.youtube.com/watch?v=GOLRJplOPhQ,373756,5204,20141211,shortbread cookie recipe,description,,7
33hsuyz9YE0,The Best Chewy Chocolate Chip Cookies,Fitwaffle Kitchen,https://www.youtube.com/watch?v=33hsuyz9YE0,373477,10387,20210430,chocolate chip cookie recipe,description,,9
tbGbR_tYvRQ,Thumbprint Cookies Recipe | Chocolate Cookies - Tea Time Snack | The Bombay Chef - Varun Inamdar,Rajshri Food,https://www.youtube.com/watch?v=tbGbR_tYvRQ,367101,7104,20170106,thumbprint cookie recipe,description,,8
j9hP7IR3DAs,Soft Nutella Cookie Recipe ( Creamy Nutella Filling),Emma's Goodies,https://www.youtube.com/watch?v=j9hP7IR3DAs,366591,8967,20170217,nutella cookie recipe,description,,17
qK-ZOlrv2BM,Chewy Oatmeal Chocolate Chip Cookies Recipe,Preppy Kitchen,https://www.youtube.com/watch?v=qK-ZOlrv2BM,363140,8170,20251007,oatmeal chocolate chip cookie recipe,recipe_page,https://preppykitchen.com/oatmeal-chocolate-chip-cookies/,10
TvXldzTBt4Q,Bakery Style Coconut Macaroons Recipe| Khopray Wala Biscuit| Original Coconut Biscuit|Yummiest Tarka,Yummiest Tarka,https://www.youtube.com/watch?v=TvXldzTBt4Q,362846,4909,20230816,coconut cookie recipe,,,0
FjgPgPx-J9U,White Chocolate Macadamia Nut Cookies,Preppy Kitchen,https://www.youtube.com/watch?v=FjgPgPx-J9U,360849,11044,20200721,white chocolate macadamia cookie recipe,recipe_page,https://preppykitchen.com/macadamia-nut-cookies/,11
2K1gumMlPUY,OAT-CHOCOLATE CHIP COOKIES with EGGLESS option | self isolation baking recipes,Bake With Shivesh,https://www.youtube.com/watch?v=2K1gumMlPUY,356006,7813,20200321,oatmeal chocolate chip cookie recipe,description,,8
LAMnqx30xYo,Peanut Butter Cookies - Classic Version - The Hillbilly Kitchen,The Hillbilly Kitchen - Down Home Country Cooking,https://www.youtube.com/watch?v=LAMnqx30xYo,353757,13996,20200315,peanut butter cookie recipe,description,,10
LZZxC1wfRAc,HEALTHY Peanut Butter Cookies. My NEW favorite cookie recipe!,How To Cook Smarter,https://www.youtube.com/watch?v=LZZxC1wfRAc,352822,8547,20210214,peanut butter cookie recipe,description,,7
5Fu_zmFuDDI,Lemon Cookies Recipe Demonstration - Joyofbaking.com,Joy of Baking,https://www.youtube.com/watch?v=5Fu_zmFuDDI,350142,5661,20140529,lemon cookie recipe,,,0
bPZrWFGamzQ,Christmas Cookies! (Cut out sugar cookies),RecipeTin Eats,https://www.youtube.com/watch?v=bPZrWFGamzQ,348093,2077,20191222,christmas cookie recipe,recipe_page,https://www.recipetineats.com/christmas-cookies-sugar-cookies-vanilla-biscuits/,8
WnS4y84ht8I,The Best Chocolate Chip Cookie Recipe In The World,miso butter baby,https://www.youtube.com/watch?v=WnS4y84ht8I,346394,8471,20241031,chocolate chip cookie recipe,,,0
I-C7jeQBJV4,Easy Butter Cookies Recipe,Preppy Kitchen,https://www.youtube.com/watch?v=I-C7jeQBJV4,344865,12193,20251204,butter cookie recipe,recipe_page,https://preppykitchen.com/butter-cookies/,7
5oR29gOLyPU,Chocolate Chip Cookies (3 WAYS),Brian Lagerstrom ,https://www.youtube.com/watch?v=5oR29gOLyPU,344793,12820,20241205,chewy cookie recipe,description,,12
UBpnhqXKhno,Matcha White Chocolate Cookies 🍵 one of my fave recipes EVER,teak & thyme,https://www.youtube.com/watch?v=UBpnhqXKhno,340758,10012,20231018,matcha cookie recipe,description,,11
Rnpag1iApo0,2 Easy Chocolate Chip Cookies Recipes! Chewy vs Thin & Crispy!,Honeysuckle,https://www.youtube.com/watch?v=Rnpag1iApo0,340515,6618,20220127,chewy cookie recipe,description,,20
je1mk_nX7Ng,Five Easy Make-Ahead Christmas Cookie Doughs,Acre Homestead,https://www.youtube.com/watch?v=je1mk_nX7Ng,339947,19464,20221209,christmas cookie recipe,,,0
WXlohuWlfd8,Easy Sugar Cookie Icing Recipe,Preppy Kitchen,https://www.youtube.com/watch?v=WXlohuWlfd8,339857,10852,20251118,sugar cookie icing recipe,recipe_page,https://preppykitchen.com/sugar-cookie-icing/,5
bUAi22tfX_E,A Chewy Oatmeal Raisin Cookie You're Going to Love,Sugar Spun Run,https://www.youtube.com/watch?v=bUAi22tfX_E,338319,6969,20220519,oatmeal raisin cookie recipe,description,,13
5DHvgPSkRXs,NUTELLA COOKIES - 3 INGREDIENTS,Barry Lewis,https://www.youtube.com/watch?v=5DHvgPSkRXs,332785,6191,20151203,nutella cookie recipe,description,,3
Y8k4eaCS1M4,Fluffy snickerdoodle cookies,Adam Ragusea,https://www.youtube.com/watch?v=Y8k4eaCS1M4,331707,12833,20230706,snickerdoodle recipe,description,,7
CfB-jApRuvg,How to Make Pumpkin Cookies,Preppy Kitchen,https://www.youtube.com/watch?v=CfB-jApRuvg,326968,12730,20201013,pumpkin cookie recipe,recipe_page,https://preppykitchen.com/pumpkin-cookies/,17
C1OgkRI7VdE,Nutella Cookies,Preppy Kitchen,https://www.youtube.com/watch?v=C1OgkRI7VdE,326165,9514,20210211,nutella cookie recipe,recipe_page,https://preppykitchen.com/nutella-cookies/,3
35m3Lkm9psA,Oatmeal Chocolate Chip Cookies,Simply Home Cooked,https://www.youtube.com/watch?v=35m3Lkm9psA,323101,7602,20191116,oatmeal chocolate chip cookie recipe,description,,12
1S8h5KFgiok,BUTTER COOKIES,Chef RV Manabat,https://www.youtube.com/watch?v=1S8h5KFgiok,320547,7343,20210304,butter cookie recipe,,,0
9DuUrxhJjYo,How To Make 9 Classic Christmas Cookie Recipes | Allrecipes,Allrecipes,https://www.youtube.com/watch?v=9DuUrxhJjYo,320121,4437,20191217,christmas cookie recipe,,,0
yGeM0784lFg,EGGLESS RED VELVET COOKIES | Easy Red Velvet Cookies Recipe Without Eggs | Bake With Shivesh,Bake With Shivesh,https://www.youtube.com/watch?v=yGeM0784lFg,317491,10593,20200829,red velvet cookie recipe,description,,10
v5fdbzL5yJo,You won't believe how easy it is to make cookies at Home with this recipe!,Phil's Kitchen,https://www.youtube.com/watch?v=v5fdbzL5yJo,314784,3575,20220515,cookie recipe easy homemade,description,,8
y3ZtzV68ph0,CHEWY AND FUDGY CHOCOLATE CRINKLES,Mommy Chocco,https://www.youtube.com/watch?v=y3ZtzV68ph0,313951,4065,20211030,chocolate crinkle cookies,description,,9
Q3WSgY7dHXQ,EASY Peanut Butter Blossom Cookies Recipe,Preppy Kitchen,https://www.youtube.com/watch?v=Q3WSgY7dHXQ,313342,7216,20231130,peanut butter cookie recipe,recipe_page,https://preppykitchen.com/peanut-butter-blossoms/,10
9Se55H71nHo,Chocolate Crinkle Cookies Recipe,The Cooking Foodie,https://www.youtube.com/watch?v=9Se55H71nHo,313340,6608,20181213,crinkle cookie recipe,description,,9
xTMg91pxNkg,"Only 2 INGREDIENTS, NO FLOUR, NO SUGAR! Delicious Cookie, No Dairy, No Egg, Easy, Quick and Healthy",Patricia Delicious Nutrition,https://www.youtube.com/watch?v=xTMg91pxNkg,312853,12537,20250930,vegan cookie recipe,,,0
EDRwfp5D4aU,"We Finally Tried CHICKPEA COOKIES… and WOW! WFPB, Low Cal, No Oil!",Need Never Get Old,https://www.youtube.com/watch?v=EDRwfp5D4aU,311782,15356,20251026,vegan cookie recipe,description,,7
aR0hMtXpks4,How to bake a sublime Ginger Biscuit | Paul Hollywood's Easy Bakes,Paul Hollywood,https://www.youtube.com/watch?v=aR0hMtXpks4,309924,8608,20220131,gingerbread cookie recipe,description,,6
LNn6pUruUw0,How to Make Simple Versatile Sugar Cookies,Sugar Spun Run,https://www.youtube.com/watch?v=LNn6pUruUw0,308888,6257,20181126,cut out cookie recipe,description,,11
jVQhsTjjKKY,Amazing White Chocolate Chip Cookies | Preppy Kitchen,Preppy Kitchen,https://www.youtube.com/watch?v=jVQhsTjjKKY,305641,8794,20210907,white chocolate macadamia cookie recipe,recipe_page,https://preppykitchen.com/white-chocolate-chip-cookies/,9
tMcDJKhp2IU,Maamoul Recipe | Semolina Stuffed Cookies,The Cooking Foodie,https://www.youtube.com/watch?v=tMcDJKhp2IU,305588,6497,20210426,stuffed cookie recipe,description,,17
RaFDidw4PwY,Nur wenige kennen dieses Rezept! Weiche Zitronenkekse 🍋,The perfect dessert,https://www.youtube.com/watch?v=RaFDidw4PwY,305098,3893,20260312,lemon cookie recipe,description,,7
8lcsF0uNrdw,Easy Shortbread Cookies Recipe - Delicious Scottish Shortbread,Yummy Kitchen Recipe,https://www.youtube.com/watch?v=8lcsF0uNrdw,300164,4105,20201213,shortbread cookie recipe,description,,6
8909Nv2EqhQ,I Made the Thickest Brown Butter Cookies Ever ♡ Bake With Me,Pinch Of Warmth,https://www.youtube.com/watch?v=8909Nv2EqhQ,299500,10964,20260422,brown butter cookie recipe,,,0
qbLRybwWMC4,The BEST Pumpkin Cookies Recipe,Preppy Kitchen,https://www.youtube.com/watch?v=qbLRybwWMC4,298075,8808,20241001,pumpkin cookie recipe,recipe_page,https://preppykitchen.com/pumpkin-cookies/,17
0UHuD-z3E2k,The secret to the perfect crunchy Shortbread | Emojoie,Emojoie,https://www.youtube.com/watch?v=0UHuD-z3E2k,297596,7080,20230512,shortbread cookie recipe,description,,3
cFKaRIR8dpI,The Ultimate Soft Baked Cookie Recipe,"Chef Rose of Caro and Marie, Cebu",https://www.youtube.com/watch?v=cFKaRIR8dpI,294253,8663,20211202,soft cookie recipe,description,,10
Vrl23FOgUck,How to Make Perfect Peanut Butter Cookies & Why Peanut Butter is Hard to Swallow | What's Eating Dan,America's Test Kitchen,https://www.youtube.com/watch?v=Vrl23FOgUck,294195,12831,20220812,peanut butter cookie recipe,recipe_page,https://cooks.io/3SIGcAC,3
EaxCqXr0Wrc,I Tried Viral Matcha Recipes *obsessed* 🍵,Tina Yong,https://www.youtube.com/watch?v=EaxCqXr0Wrc,293189,11434,20250321,matcha cookie recipe,,,0
HCGiTEXhTng,Matcha and White Chocolate Cookies Recipe || William's Kitchen,William's Kitchen EN,https://www.youtube.com/watch?v=HCGiTEXhTng,289983,7039,20201211,matcha cookie recipe,description,,11
1ktqxelXNvM,UBE CRINKLES,Chef RV Manabat,https://www.youtube.com/watch?v=1ktqxelXNvM,289567,5577,20211127,crinkle cookie recipe,description,,10
SILqb3sO0ww,White Chocolate Macadamia Nut Cookies - Laura in the Kitchen Episode 170,Laura in the Kitchen,https://www.youtube.com/watch?v=SILqb3sO0ww,289430,3985,20110819,white chocolate macadamia cookie recipe,,,0
ScOBGA7XodY,Oatmeal Raisin Cookies,Simple Joy,https://www.youtube.com/watch?v=ScOBGA7XodY,288928,5033,20200719,oatmeal raisin cookie recipe,description,,11
rKHFPOGHNhc,Melt-In-Your-Mouth Thai Coconut Cookies (kanom ping),Pailin's Kitchen,https://www.youtube.com/watch?v=rKHFPOGHNhc,287763,5367,20161209,coconut cookie recipe,recipe_page,http://hot-thai-kitchen.com/kanom-ping,6
ibwfWgbGVcw,How to Make Almond Cookies (Soft and Chewy),The Cooking Foodie,https://www.youtube.com/watch?v=ibwfWgbGVcw,283951,5918,20201102,almond cookie recipe,description,,8
-Wp76aLiQRI,Fudgy Chocolate Crinkle Cookies!! How to Make Crinkles Recipe,Crouton Crackerjacks,https://www.youtube.com/watch?v=-Wp76aLiQRI,283824,5046,20171223,chocolate crinkle cookies,description,,9
zPCxMvLU0tE,Rosemary Shortbread Cookies - How to Make Shortbread Cookies,Food Wishes,https://www.youtube.com/watch?v=zPCxMvLU0tE,283550,7605,20150509,shortbread cookie recipe,,,0
ZTXpRAvV1bU,NO-BAKE VEGAN COOKIE DOUGH BARS,Rainbow Plant Life,https://www.youtube.com/watch?v=ZTXpRAvV1bU,281792,13364,20200912,vegan cookie recipe,recipe_page,https://www.rainbowplantlife.com/no-bake-cookie-dough-bars,8
rrz1m-BImFM,How to Make No Spread Sugar Cookies,Preppy Kitchen,https://www.youtube.com/watch?v=rrz1m-BImFM,279412,10900,20181106,sugar cookie recipe,,,0
1nuH9sgYMRg,Best Healthy Chocolate Chip Cookies EVER! 🍪  Vegan + Gluten Free,Veggiekins,https://www.youtube.com/watch?v=1nuH9sgYMRg,278612,11833,20200609,vegan cookie recipe,recipe_page,https://veggiekinsblog.com/2020/05/09/best-healthy-chocolate-chip-cookies/,10
smQBMKdrnUw,Italian Almond Cookies,Cut & Bake with Debbie,https://www.youtube.com/watch?v=smQBMKdrnUw,278520,8720,20250211,almond cookie recipe,,,0
JtEFvE1ijm4,M&M'S Cookies and Dip,M&M'S,https://www.youtube.com/watch?v=JtEFvE1ijm4,277858,506,20210129,m&m cookie recipe,description,,16
Atqv_bdxgi4,Best Danish Butter Cookies,Savor Easy,https://www.youtube.com/watch?v=Atqv_bdxgi4,277800,7359,20231128,butter cookie recipe,description,,5
MLkrNrAdelg,The BEST Chocolate Crinkle Cookies Recipe,Preppy Kitchen,https://www.youtube.com/watch?v=MLkrNrAdelg,276652,7851,20251209,crinkle cookie recipe,recipe_page,https://preppykitchen.com/chocolate-crinkle-cookies/,9
SHgsy49W0Ds,Ovenly's Secretly Vegan Salted Chocolate Chip Cookies | Genius Recipes,Food52,https://www.youtube.com/watch?v=SHgsy49W0Ds,275434,10953,20190313,vegan cookie recipe,description,,7
sxzZ3tZX8KU,The MOST Amazing Pumpkin Chocolate Chip Cookies Recipe,Preppy Kitchen,https://www.youtube.com/watch?v=sxzZ3tZX8KU,274758,9290,20211007,pumpkin cookie recipe,recipe_page,https://preppykitchen.com/pumpkin-chocolate-chip-cookies/,12
sNJN7a_yghY,How to Make Perfect Snickerdoodle Cookies at Home,America's Test Kitchen,https://www.youtube.com/watch?v=sNJN7a_yghY,274055,5555,20190228,snickerdoodle recipe,recipe_page,http://cooks.io/2FZDEcH,9
J57dkEyab_A,Chewy M&M Cookie Bars Recipe,Divas Can Cook,https://www.youtube.com/watch?v=J57dkEyab_A,263719,7762,20140105,m&m cookie recipe,recipe_page,http://divascancook.com/mm-cookie-bars-recipe-homemade-chewy/,10
9Yz15-WHAxw,Half-Baked White Chocolate and Macadamia Nut Cookie Recipe | Cupcake Jemma,CupcakeJemma,https://www.youtube.com/watch?v=9Yz15-WHAxw,262790,8659,20150416,white chocolate macadamia cookie recipe,description,,12
YPnpJwhormw,Levain Double Chocolate Chip Cookies | Copycat Recipe,Harvesting Figs,https://www.youtube.com/watch?v=YPnpJwhormw,262748,7482,20200703,double chocolate cookie recipe,,,0
dlbO_PUigbI,Easy Shortbread Cookies (Lime Squiggles) with Claire Saffitz | Dessert Person,Claire Saffitz x Dessert Person,https://www.youtube.com/watch?v=dlbO_PUigbI,261283,8133,20230223,shortbread cookie recipe,description,,13
yS7Nvj5f9JM,HOW TO MAKE | THE BEST BROWN BUTTA CHOCOLATE CHIP PECAN COOKIES!!,The Danni Rose Network,https://www.youtube.com/watch?v=yS7Nvj5f9JM,259078,17872,20250320,brown butter cookie recipe,description,,11
kxmrjO3WflM,WHITE CHOCOLATE MACADAMIA NUT COOKIES RECIPE LIKE SUBWAY | SHERLINA NYM,Sherlina Nym,https://www.youtube.com/watch?v=kxmrjO3WflM,257990,9795,20200322,white chocolate macadamia cookie recipe,description,,9
siYaeYJPnMQ,Best Oatmeal Raisin cookies recipe,Ellie’s kitchen,https://www.youtube.com/watch?v=siYaeYJPnMQ,257666,5235,20200516,oatmeal raisin cookie recipe,,,0
2fzVyZvKz-o,Almond Cookies,Preppy Kitchen,https://www.youtube.com/watch?v=2fzVyZvKz-o,256279,8179,20200825,almond cookie recipe,recipe_page,https://preppykitchen.com/almond-cookies/,12
RqCKqXZPTcI,How To Make Shortbread  | Good Housekeeping UK,Good Housekeeping UK,https://www.youtube.com/watch?v=RqCKqXZPTcI,255272,2982,20151016,shortbread cookie recipe,description,,3
o2M8y695BLs,🔴 Crispy Coconut Cookies | How to make coconut biscuits at home |  Coconut Cookie Recipe,Cooking with Evrica,https://www.youtube.com/watch?v=o2M8y695BLs,254658,2687,20180518,coconut cookie recipe,,,0
f4My3oGalqo,NYC Style Chocolate Chip Cookies From 1 Dough ♡ Bake With Me,Pinch Of Warmth,https://www.youtube.com/watch?v=f4My3oGalqo,253541,8026,20260123,levain style cookie recipe,description,,20
2nypIlyT1RU,Moroccan Almond Cookies ❤️ They will disappear in 1 minute!,Liu Silka Kitchen ,https://www.youtube.com/watch?v=2nypIlyT1RU,251585,4639,20251203,almond cookie recipe,description,,7
-VsXb1VGohk,My ULTIMATE Chewy Chocolate Chip Cookie Recipe | Cupcake Jemma,CupcakeJemma,https://www.youtube.com/watch?v=-VsXb1VGohk,248501,7099,20230518,chocolate chip cookie recipe,description,,9
nRNur4MNEfs,Salted Caramel Coconut Cookies,Tasty,https://www.youtube.com/watch?v=nRNur4MNEfs,248325,7826,20181218,salted caramel cookie recipe,,,0
ZzCLUU900vo,3-Ingredient Coconut Cookies Recipe,The Cooking Foodie,https://www.youtube.com/watch?v=ZzCLUU900vo,246286,3794,20190228,coconut cookie recipe,description,,3
7sZFc_S__SM,The Best Danish Butter Cookies Recipe,Bigger Bolder Baking with Gemma Stafford,https://www.youtube.com/watch?v=7sZFc_S__SM,244672,8714,20241128,butter cookie recipe,description,,7
vfSoP80zAnk,Molasses Cookies,Preppy Kitchen,https://www.youtube.com/watch?v=vfSoP80zAnk,242357,8913,20201201,molasses cookie recipe,recipe_page,https://preppykitchen.com/molasses-cookies/,12
6icvhTifVYo,BIG FAT Vegan Cookies in just 15 mins !,The Easy Vegan,https://www.youtube.com/watch?v=6icvhTifVYo,239699,14606,20161031,vegan cookie recipe,,,0
VRy9QwUhexE,GLUTEN-FREE CHOCOLATE CHIP COOKIES | 'nuff said,Downshiftology,https://www.youtube.com/watch?v=VRy9QwUhexE,238993,7538,20210612,gluten free cookie recipe,recipe_page,https://downshiftology.com/recipes/gluten-free-chocolate-chip-cookies/,8
Ls5HmE0wX3M,Make 10 Christmas Cookies from One Dough!🎄 - The Ultimate Christmas Cookie Box 🎁,Pastry Living with Aya,https://www.youtube.com/watch?v=Ls5HmE0wX3M,234617,9089,20241217,christmas cookie recipe,recipe_page,https://pastryliving.com/10-christmas-cookies-from-1-dough-christmas-cookie-box/,28
uweI34rjj5E,Soft and Chewy Oatmeal Chocolate Chip Cookies/Easy Oatmeal chocolate chip cookie recipe,Bincy Chris,https://www.youtube.com/watch?v=uweI34rjj5E,229719,4677,20200219,oatmeal chocolate chip cookie recipe,description,,4
s7X3UBntaRc,"진~한 녹차(말차) 쿠키 만들기 (초간단! 모양도 예쁨! 핸드믹서 없이 르뱅쿠키 스타일, The Best Greentea Matcha Cookies, Levain Style)",table diary 식탁일기,https://www.youtube.com/watch?v=s7X3UBntaRc,228889,6348,20240817,matcha cookie recipe,,,0
q_fzycED-tA,The Perfect Peanut Butter Cookie Actually Exists,Brian Lagerstrom ,https://www.youtube.com/watch?v=q_fzycED-tA,228179,10192,20260412,peanut butter cookie recipe,description,,13
Fs_uacrCrF4,The Best Simple Eggless Royal Icing *No egg whites or meringue powder needed*,Pastry Living with Aya,https://www.youtube.com/watch?v=Fs_uacrCrF4,226515,9014,20251207,sugar cookie icing recipe,recipe_page,https://pastryliving.com/eggless-royal-icing-for-sugar-cookies/,6
jeUa8Iwplss,SECRET INGREDIENT for CHEWY PUMPKIN COOKIES - Recipe By DOUBLE STOP BAKE SHOP #easyrecipe,Double Stop Bake Shop ,https://www.youtube.com/watch?v=jeUa8Iwplss,226282,9420,20231006,chewy cookie recipe,recipe_page,https://doublestopbakeshop.com/chewy-pumpkin-cookies/,13
7dsbKgr06EY,Martha Stewart’s Traditional Shortbread | Martha Bakes Recipes | Martha Stewart,Martha Stewart,https://www.youtube.com/watch?v=7dsbKgr06EY,220417,4181,20211208,shortbread cookie recipe,,,0
aw8m4TE90ag,"How to Make Thick, Levain-Style Chocolate Chip Cookies | Serious Eats",Serious Eats,https://www.youtube.com/watch?v=aw8m4TE90ag,220341,4755,20190423,levain style cookie recipe,,,0
3OHIS5IoRtA,Viral Mini Chocolate Chip Cookie - No Chill,Savor Easy,https://www.youtube.com/watch?v=3OHIS5IoRtA,219516,4506,20260116,cookie recipe no chill,description,,9
COpf-rjpi3k,One Skillet Giant Chocolate Chip Nutella Cookies | How Tasty Channel,How Tasty,https://www.youtube.com/watch?v=COpf-rjpi3k,219089,3665,20220120,nutella cookie recipe,recipe_page,https://www.how-tasty.com/chocolate-chip-nutella-skillet/,10
JuWK32IX2zc,Thumbprint Cookies | Jam Cookies Recipe,The Cooking Foodie,https://www.youtube.com/watch?v=JuWK32IX2zc,218638,6265,20201217,thumbprint cookie recipe,description,,5
lbnM7pE2ezM,Ultimate Chewy Double Chocolate Cookie Recipe (with a Twist) | Cupcake Jemma,CupcakeJemma,https://www.youtube.com/watch?v=lbnM7pE2ezM,217944,6916,20180802,double chocolate cookie recipe,description,,9
j52CeawU4I8,Old Fashioned Sugar Cookies Recipe Demonstration - Joyofbaking.com,Joy of Baking,https://www.youtube.com/watch?v=j52CeawU4I8,217926,4645,20201001,sugar cookie recipe,,,0
g3q_4BQZn3o,"Buttery, Melt-in-your-mouth Shortbread Cookies",Sugar Spun Run,https://www.youtube.com/watch?v=g3q_4BQZn3o,216422,3656,20231130,shortbread cookie recipe,description,,6
-tNfrq5ODD4,No Bake Peanut Butter Cookies,Crazy for Crust,https://www.youtube.com/watch?v=-tNfrq5ODD4,216305,5196,20220523,peanut butter cookie recipe,description,,7
yeXuOiMc-E4,Royal Icing Consistencies (How to flood and outline a cookie),Little Cookie Co,https://www.youtube.com/watch?v=yeXuOiMc-E4,213717,4429,20200312,sugar cookie icing recipe,,,0
SWt_sAdCRGs,The BEST Soft and Chewy Chocolate Chip Cookies,Sugar Spun Run,https://www.youtube.com/watch?v=SWt_sAdCRGs,212752,4137,20250428,chocolate chip cookie recipe,description,,9
3TDkQNXqB9c,"Martha Stewart's Favorite Pumpkin Recipes (Cakes, Pies & More)",Martha Stewart,https://www.youtube.com/watch?v=3TDkQNXqB9c,212572,3116,20240917,pumpkin cookie recipe,,,0
QU-ZZ6Epstw,How to Make Oatmeal Raisin Cookies | SOFT and CHEWY,Katie Chase,https://www.youtube.com/watch?v=QU-ZZ6Epstw,211618,3745,20190809,oatmeal raisin cookie recipe,,,0
9OWbLG5Hstw,The Internet's Best Chewy Chocolate Chip Cookies,Bigger Bolder Baking with Gemma Stafford,https://www.youtube.com/watch?v=9OWbLG5Hstw,210003,7540,20210304,chewy cookie recipe,recipe_page,https://bit.ly/ChewyCCC,11
Z_SfIY-qZkg,Beth's Double Chocolate Chunk Cookie Recipe | ENTERTAINING WITH BETH,Entertaining With Beth,https://www.youtube.com/watch?v=Z_SfIY-qZkg,209653,5578,20160311,double chocolate cookie recipe,description,,12
fHjjmGYnP80,How To Make Thumbprint Cookies,Sugar Spun Run,https://www.youtube.com/watch?v=fHjjmGYnP80,209624,2729,20181221,thumbprint cookie recipe,description,,10
Pg_uIMMMzUg,Easy Chocolate Sugar Cookies,Preppy Kitchen,https://www.youtube.com/watch?v=Pg_uIMMMzUg,207069,6763,20191210,cut out cookie recipe,recipe_page,https://preppykitchen.com/chocolate-sugar-cookies/,8
utL-q24Ue2I,THE BEST Chewy Double Chocolate Chip Cookies,Sugar Geek Show,https://www.youtube.com/watch?v=utL-q24Ue2I,205943,5591,20201113,double chocolate cookie recipe,description,,10
HmqgsTz18ZI,Coconut Chocolate Chip Cookies Recipe - Laura Vitale - Laura in the Kitchen Episode 544,Laura in the Kitchen,https://www.youtube.com/watch?v=HmqgsTz18ZI,205641,3577,20130226,coconut cookie recipe,,,0
ldqZzSSfhx0,The Best Sugar Cookie for Royal Icing (No Spread & Soft Bite),Little Cookie Co,https://www.youtube.com/watch?v=ldqZzSSfhx0,204890,6625,20241026,sugar cookie recipe,description,,10
ShLlwR0CTz8,White Chocolate Chip Cranberry Cookies Recipe,Preppy Kitchen,https://www.youtube.com/watch?v=ShLlwR0CTz8,204720,6548,20221201,cranberry white chocolate cookie recipe,recipe_page,https://preppykitchen.com/white-chocolate-cranberry-cookies/,10
cBSHebMz_Uk,Matcha Latte Cookies | Eric Kim | NYT Cooking,NYT Cooking,https://www.youtube.com/watch?v=cBSHebMz_Uk,203766,6391,20231201,matcha cookie recipe,recipe_page,https://nyti.ms/4a4G33e,17
OEhfNRVyaRA,How To Make CHEWY PUMPKIN HERMITS - The BEST Bar Cookies for THANKSGIVING,Double Stop Bake Shop ,https://www.youtube.com/watch?v=OEhfNRVyaRA,202370,6042,20241112,pumpkin cookie recipe,recipe_page,https://doublestopbakeshop.com/chewy-pumpkin-hermits/,15
xpIZymMRZ1c,The Best Coconut Macaroons Recipe | Gluten free Coconut Cookies Recipe,Plezirs,https://www.youtube.com/watch?v=xpIZymMRZ1c,201947,3045,20220302,coconut cookie recipe,description,,6
N5pzxRXOhn8,Coffee Bean Cookies Recipe,The Cooking Foodie,https://www.youtube.com/watch?v=N5pzxRXOhn8,201130,7017,20201029,espresso chocolate cookie recipe,description,,10
8kZdpGP9fK4,"Classic Peanut Butter Cookies (SO EASY!!!) | Thick, Soft, and Chewy 😋",The Anthony Kitchen,https://www.youtube.com/watch?v=8kZdpGP9fK4,198709,2774,20190713,peanut butter cookie recipe,,,0
Q5-ic-Eab5k,"PUMPKIN OATMEAL POWER COOKIES | easy, healthy recipe",Clean & Delicious,https://www.youtube.com/watch?v=Q5-ic-Eab5k,197266,8459,20220909,pumpkin cookie recipe,description,,14
TtTYnTKEQN8,ONLY 3 INGREDIENTS BUTTER SHORTBREAD COOKIES RECIPE,incredible food london,https://www.youtube.com/watch?v=TtTYnTKEQN8,195919,2808,20200825,shortbread cookie recipe,,,0
XOS1McpNJgo,2-Ingredient Coconut Cookies Recipe,The Cooking Foodie,https://www.youtube.com/watch?v=XOS1McpNJgo,194583,1227,20230925,coconut cookie recipe,recipe_page,https://www.thecookingfoodie.com/recipe/2Ingredient-Coconut-Cookies-Recipe,2
fGsewb8QX8M,SIX ingredient cookies recipe | Easy 20 minute brown sugar cookies!!,Cookie Sheets & Sweets,https://www.youtube.com/watch?v=fGsewb8QX8M,193646,3600,20220429,sugar cookie recipe,description,,6
QuL-sHyOY5Q,Soft Gingerbread Cookies (Easy),JoyFoodSunshine,https://www.youtube.com/watch?v=QuL-sHyOY5Q,193393,4037,20191215,gingerbread cookie recipe,recipe_page,https://joyfoodsunshine.com/soft-gingerbread-cookies/,14
YdReICRUqds,"I Tried 3 Snickerdoodle Recipes and Picked the Best One (Food Network, Tasty, and Bon Appetit)",eatsbyrachel,https://www.youtube.com/watch?v=YdReICRUqds,192627,4311,20200620,snickerdoodle recipe,description,,32
jVZsTUQjCow,The Best Thick NYC Cookies Recipe! Tutorial (Levain Bakery Style),Fitwaffle Kitchen,https://www.youtube.com/watch?v=jVZsTUQjCow,192216,6096,20220501,levain style cookie recipe,description,,10
Vph5hJTvnP8,"Alton Brown's Famous ""The Chewy"" Chocolate Chip Cookies | Good Eats | Food Network",Food Network,https://www.youtube.com/watch?v=Vph5hJTvnP8,191275,3106,20200205,chewy cookie recipe,description,,11
EXsdDBhFqio,How to Make Chinese Almond Cookies!,kawaiisweetworld,https://www.youtube.com/watch?v=EXsdDBhFqio,191225,4864,20150219,almond cookie recipe,description,,9
EsQfvTp5HfY,The Most Flavorful Gingerbread Man You'll Ever Have,Sugar Spun Run,https://www.youtube.com/watch?v=EsQfvTp5HfY,191146,4943,20211129,gingerbread cookie recipe,description,,16
vZ7DUQwvFGQ,3 Common Cookie Decorating Mistakes You Need To Avoid!,Lolly's Home Kitchen,https://www.youtube.com/watch?v=vZ7DUQwvFGQ,190352,8897,20220810,cut out cookie recipe,,,0
1pliyGEj_yc,Easy Royal Icing Recipe,Preppy Kitchen,https://www.youtube.com/watch?v=1pliyGEj_yc,189977,5246,20251202,sugar cookie icing recipe,recipe_page,https://preppykitchen.com/royal-icing/,3
zmkty55zSgY,Chinese Almond Cookies (Best Recipe Ever!),Angel Wong's Kitchen,https://www.youtube.com/watch?v=zmkty55zSgY,189527,2743,20160123,almond cookie recipe,,,0
wenTV9PjVpU,Coconut Ghriba (Moroccan Coconut Cookie) Recipe - CookingWithAlia - Episode 195,cookingwithalia,https://www.youtube.com/watch?v=wenTV9PjVpU,188952,1413,20120814,coconut cookie recipe,,,0
PL4UBxWj-2Y,🍪 Danish Butter Cookies — 3 Best Recipes in One Video!,Baking Moments,https://www.youtube.com/watch?v=PL4UBxWj-2Y,187971,5518,20251231,butter cookie recipe,,,0
qhaWZ98RYWY,Easy Chocolate Chip Cookies Recipe,Inspired Taste,https://www.youtube.com/watch?v=qhaWZ98RYWY,187886,2359,20230601,cookie recipe easy homemade,,,0
zQJTYCWTyDA,The Best Vegan Chocolate Chip Cookie Recipe,Liv B,https://www.youtube.com/watch?v=zQJTYCWTyDA,187449,7912,20190403,vegan cookie recipe,recipe_page,https://itslivb.com/2019/04/04/chewy-chocolate-chip-cookies/,9
fWvpy6ASRZQ,How to Make Easy Sugar Cookies | Get Cookin' | Allrecipes,Allrecipes,https://www.youtube.com/watch?v=fWvpy6ASRZQ,185284,2739,20231204,sugar cookie recipe,,,0
cAZ7FrRFNj4,My Mom's Italian Christmas Cookies recipe (Knot Cookies),Mobile Home Gourmet,https://www.youtube.com/watch?v=cAZ7FrRFNj4,184202,2871,20161211,christmas cookie recipe,description,,10
seYBuL6PvKE,Pistachio Stuffed Cookies Recipe,The Cooking Foodie,https://www.youtube.com/watch?v=seYBuL6PvKE,182076,5404,20230803,stuffed cookie recipe,description,,10
cI95OFltlOg,The BEST Soft Peanut Butter Cookies,Cooking With Donna,https://www.youtube.com/watch?v=cI95OFltlOg,181375,4075,20201216,peanut butter cookie recipe,description,,9
6vTchX_xkXI,S’mores Stuffed Cookies,Spaceships and Laser Beams,https://www.youtube.com/watch?v=6vTchX_xkXI,179985,4584,20200711,s'mores cookie recipe,description,,12
YYYpJybd9Lo,Chewy Oatmeal Raisin Cookies Recipe- How to make bakery style oatmeal raisin cookies,Divas Can Cook,https://www.youtube.com/watch?v=YYYpJybd9Lo,179420,3293,20110119,oatmeal raisin cookie recipe,recipe_page,http://divascancook.com/oatmeal-raisin-cookie-recipe/,12
Zz6IOFlXzuU,LEVAIN BAKERY’S CHOCOLATE CHIP WALNUT COOKIE COPYCAT,YSG Kitcheneria,https://www.youtube.com/watch?v=Zz6IOFlXzuU,179367,4435,20200121,levain style cookie recipe,description,,24
wgqlTPVgT_Q,The Ultimate White Chocolate Macadamia Cookies | Sohla El-Waylly | NYT Cooking,NYT Cooking,https://www.youtube.com/watch?v=wgqlTPVgT_Q,178512,6489,20221202,white chocolate macadamia cookie recipe,,,0
dOsy-mjBhXA,Soft n Chewy M&M Cookies~ Homemade easy recipe!,Divas Can Cook,https://www.youtube.com/watch?v=dOsy-mjBhXA,178307,5471,20160722,m&m cookie recipe,recipe_page,http://divascancook.com/soft-chewy-mm-cookies-recipe/,11
USPPrqOLy-U,Seriously the World's Best Peanut Butter Cookie Recipe!!,Freakin Frugal,https://www.youtube.com/watch?v=USPPrqOLy-U,175822,,20181212,peanut butter cookie recipe,,,0
B4-7f3bC5JI,How to Make White Chocolate Macadamia Nut Cookies | Cookie Recipe | Allrecipes.com,Allrecipes,https://www.youtube.com/watch?v=B4-7f3bC5JI,175718,2558,20130112,white chocolate macadamia cookie recipe,,,0
StJjHI6uAyM,Brown Butter Pumpkin Cheesecake Snickerdoodles 🍂 Bake With Me,a little calm,https://www.youtube.com/watch?v=StJjHI6uAyM,175676,8387,20251013,pumpkin cookie recipe,description,,17
TRNH1vYVtg0,Copycat Walkers Shortbread Recipe Video,Dished,https://www.youtube.com/watch?v=TRNH1vYVtg0,174093,2531,20210502,shortbread cookie recipe,description,,4
qixq5cFmdpc,"[3-in-1] Best Chocolate Chip Cookies Chewy & Crispy [Vani, Chocolate, Matcha]",Nino's Home,https://www.youtube.com/watch?v=qixq5cFmdpc,173236,7292,20260923,matcha cookie recipe,description,,14
f5LjZakB_yc,Ultimate Soft and Chewy Chocolate Chip Cookies | Peaches and Cream,Peaches and Cream Baking,https://www.youtube.com/watch?v=f5LjZakB_yc,172722,3979,20200423,chewy cookie recipe,description,,9
EP5IY3MBvlk,"Delicious coconut cookies! Simple, fast, delicious!",Zuhause kochen,https://www.youtube.com/watch?v=EP5IY3MBvlk,172197,5176,20230430,coconut cookie recipe,description,,7
_tohWV29-F4,How To Make The BEST Gingerbread Cookies | Simple & Delicious!,Pastry Living with Aya,https://www.youtube.com/watch?v=_tohWV29-F4,172098,5201,20231202,gingerbread cookie recipe,description,,3
X95E3eI88yY,S'mores Cookie Cups | Preppy Kitchen,Preppy Kitchen,https://www.youtube.com/watch?v=X95E3eI88yY,171032,6124,20190130,s'mores cookie recipe,recipe_page,https://preppykitchen.com/smores-cookie-cups/,17
SwD2X5Gwa8c,Butter Cookies Recipe Demonstration - Joyofbaking.com,Joy of Baking,https://www.youtube.com/watch?v=SwD2X5Gwa8c,170762,3175,20240208,butter cookie recipe,,,0
OnA7KkZMuuc,"Healthy Ginger Cookies (Gluten-free, Paleo) Soft and Chewy, Without Molasses!",Living Healthy With Chocolate,https://www.youtube.com/watch?v=OnA7KkZMuuc,169955,4357,20161201,gluten free cookie recipe,recipe_page,https://livinghealthywithchocolate.com/soft-chewy-ginger-cookies-gluten-grain-free/,11
ytp6ArWuEqA,"NY Style Cookies: One Dough, Endless Creations | Red Velvet | Cookie & Cream | Chocolate | Monster",The Chopping Board,https://www.youtube.com/watch?v=ytp6ArWuEqA,169615,5443,20241117,red velvet cookie recipe,description,,34
anjfi2jkfVM,White Chocolate Macadamia Nut Cookies!! - Homemade Cookie Recipe,Crouton Crackerjacks,https://www.youtube.com/watch?v=anjfi2jkfVM,169270,4574,20150708,white chocolate macadamia cookie recipe,description,,10
RUp1a6NxgpY,Sugar Cookie Cut Outs | A No Chill Recipe,Owlbbaking,https://www.youtube.com/watch?v=RUp1a6NxgpY,168542,3425,20201106,cut out cookie recipe,recipe_page,https://owlbbaking.com/perfect-sugar-cookie-cut-outs/,8
L_Vbk1M6tik,How to Brown Butter,Preppy Kitchen,https://www.youtube.com/watch?v=L_Vbk1M6tik,167800,4315,20250522,brown butter cookie recipe,recipe_page,https://preppykitchen.com/how-to-brown-butter/,1
Dw4N6mkmVWA,BROWN BUTTER CHOCOLATE CHIP COOKIES RECIPE,Crazy for Crust,https://www.youtube.com/watch?v=Dw4N6mkmVWA,167531,1924,20240715,brown butter cookie recipe,recipe_page,https://www.crazyforcrust.com/bakery-style-chocolate-chip-cookies/,9
LgtLbAJfUh4,How to ice Sugar Cookies for beginners | Hand-Iced Biscuits | Biscuiteers Baking Company,Biscuiteers | Biscuit Baking Company ,https://www.youtube.com/watch?v=LgtLbAJfUh4,167322,4145,20230818,sugar cookie icing recipe,description,,7
Ux4U2GWMBsE,How to Make Matcha Chocolate Chip Cookies,eatsbyrachel,https://www.youtube.com/watch?v=Ux4U2GWMBsE,167257,3713,20170815,matcha cookie recipe,description,,11
XN2UA-jrF2I,Coconut Cookies 🥥 (Bakery style) | Coconut Cookies Recipe At Home,US Craft and Cooking,https://www.youtube.com/watch?v=XN2UA-jrF2I,166670,2529,20200219,coconut cookie recipe,,,0
VDfilYEIbWY,Chewy Snickerdoodle Cookies| The Bomb Diggity Kind,Divas Can Cook,https://www.youtube.com/watch?v=VDfilYEIbWY,164061,5301,20191223,snickerdoodle recipe,recipe_page,https://divascancook.com/chewy-snickerdoodle-cookies-recipe/,12
nrETboNiLFk,Broma Bakery's Famous Browned Butter Chocolate Chip Cookies | SWEET TOOTH S1E1,Broma Bakery,https://www.youtube.com/watch?v=nrETboNiLFk,163588,6285,20230319,brown butter cookie recipe,,,0
MuTpVJiSifA,Chewy & Soft Matcha Cookie Recipe for spring!,Nature Kim,https://www.youtube.com/watch?v=MuTpVJiSifA,160443,3761,20210328,matcha cookie recipe,,,0
va-yYNM8rRg,Chocolate Chip Cookies — literally the best I’ve ever had,Rainbow Plant Life,https://www.youtube.com/watch?v=va-yYNM8rRg,160319,7520,20250412,vegan cookie recipe,recipe_page,https://rainbowplantlife.com/vegan-chocolate-chip-cookies/,11
t9u9OGDiPD8,DOUBLE CHOCOLATE CHIP COOKIES | gluten-free cookie recipe,Clean & Delicious,https://www.youtube.com/watch?v=t9u9OGDiPD8,159279,6450,20191220,double chocolate cookie recipe,description,,7
nP3-CQRnBmo,The secret ingredient in this BUTTER COOKIE recipe will change your life!,Cakes by MK,https://www.youtube.com/watch?v=nP3-CQRnBmo,157803,4242,20241210,butter cookie recipe,description,,8
nefJabvR5Us,"Chocolate Chip Shortbread Recipe - Simple, Quick, Mindful & Delicious | Cupcake Jemma",CupcakeJemma,https://www.youtube.com/watch?v=nefJabvR5Us,156367,5281,20210826,shortbread cookie recipe,description,,6
j279-xQh_XI,Baby Shower | Royal Icing Cookies Tutorial,Little Cookie Co,https://www.youtube.com/watch?v=j279-xQh_XI,152731,3173,20230715,sugar cookie icing recipe,,,0
MxfwYxAo5hQ,Soft and Chewy Oatmeal raisin cookie recipe/Oatmeal cookie in Five Simple Steps,Bincy Chris,https://www.youtube.com/watch?v=MxfwYxAo5hQ,151742,3145,20190428,oatmeal raisin cookie recipe,description,,11
iFv4YM13IJo,Oatmeal Chocolate Chip Cookies,The Cooking Foodie,https://www.youtube.com/watch?v=iFv4YM13IJo,151627,2237,20240111,oatmeal chocolate chip cookie recipe,description,,5
L5Y8dTDsGds,🥥 5-Minute Coconut Cookies That Broke the Internet! Easy & Addictive!,Liu Silka Kitchen ,https://www.youtube.com/watch?v=L5Y8dTDsGds,149235,2327,20251213,coconut cookie recipe,description,,7
oa5ZrXvry5E,Hard Icing for Sugar Cookies Recipe - EASY!  Make it Delicious by Adding this Ingredient!,Rainbow Gardens,https://www.youtube.com/watch?v=oa5ZrXvry5E,148617,1620,20141022,sugar cookie icing recipe,description,,4
pk5_sPl2vo4,How to Make Easy Lemon Cookies 🍋 A Classic Italian Recipe,Giovanni Siracusa,https://www.youtube.com/watch?v=pk5_sPl2vo4,148510,8423,20260613,lemon cookie recipe,description,,6
-CVGUo3UCJM,Soft Chocolate Chip Cookies,RecipeTin Eats,https://www.youtube.com/watch?v=-CVGUo3UCJM,147384,382,20170602,soft cookie recipe,recipe_page,http://www.recipetineats.com/chocolate-chip-cookies/,10
O5YVIsXkR-g,Easy & Delicious Cut Out Sugar Cookies,Pastry Living with Aya,https://www.youtube.com/watch?v=O5YVIsXkR-g,145607,4785,20251128,sugar cookie recipe,recipe_page,https://pastryliving.com/cut-out-sugar-cookies/,7
6-n084aKbAw,Chocolate Crinkle Cookies | Bigger Bolder Baking,Bigger Bolder Baking with Gemma Stafford,https://www.youtube.com/watch?v=6-n084aKbAw,145283,4734,20191212,crinkle cookie recipe,recipe_page,http://bit.ly/ChocolateCrinkleCookie,9
0YQCnvD1o0Q,Greek Holiday Cookies that MELT-in Your Mouth! Kourabiedes,Dimitra's Dishes,https://www.youtube.com/watch?v=0YQCnvD1o0Q,145194,3299,20221203,christmas cookie recipe,description,,9
y-416PtV7as,M&M's Cookies | BakeClub,BakeClub,https://www.youtube.com/watch?v=y-416PtV7as,145062,3010,20141128,m&m cookie recipe,description,,7
5hk0zjQ8htg,Levain Bakery Cookies,Del's cooking twist,https://www.youtube.com/watch?v=5hk0zjQ8htg,144766,2569,20180623,levain style cookie recipe,recipe_page,https://www.delscookingtwist.com/2018/05/22/levain-bakery-chocolate-chip-cookies/,11
6DCIVaTL7Dg,Best Chocolate Cookie Recipe for Cut Out Cookies,Haniela's,https://www.youtube.com/watch?v=6DCIVaTL7Dg,144391,3092,20140214,cut out cookie recipe,description,,9
ixkjskpjROw,Pumpkin Cookies Recipe Demonstration - Joyofbaking.com,Joy of Baking,https://www.youtube.com/watch?v=ixkjskpjROw,144118,1422,20110828,pumpkin cookie recipe,,,0
R1Qfda90W58,Easy Peanut Butter Chocolate Chip Cookies Recipe,Preppy Kitchen,https://www.youtube.com/watch?v=R1Qfda90W58,140589,5201,20260217,peanut butter cookie recipe,recipe_page,https://preppykitchen.com/peanut-butter-chocolate-chip-cookies/,10
8eRIZDcmaYs,The Best Gluten-Free Chocolate Chip Cookies Ever | Bake #WithMe | NYT Cooking,NYT Cooking,https://www.youtube.com/watch?v=8eRIZDcmaYs,140504,3105,20200424,gluten free cookie recipe,,,0
eiaLo8RHk14,How to make most delicious coconut cookies | coconut biscuits recipe,easy cooking with das,https://www.youtube.com/watch?v=eiaLo8RHk14,140375,2175,20240425,coconut cookie recipe,description,,6
ZH0lu4_OYLc,Easy Jam Filled Cookies | Thumbprint Cookies - Melts in your mouth,Spice & Treats,https://www.youtube.com/watch?v=ZH0lu4_OYLc,139157,2149,20200523,thumbprint cookie recipe,,,0
A8HXjVXaD5I,"BIG, Chewy Snickerdoodle Cookies!",Cowboy Kent Rollins,https://www.youtube.com/watch?v=A8HXjVXaD5I,139101,9248,20230503,snickerdoodle recipe,,,0
ZhPmfqQ1llM,Ube Crinkle Cookies: Fudgy Purple Yam with Soft-Baked Center & Crackled Texture | Cooking with Kurt,Cooking with Kurt,https://www.youtube.com/watch?v=ZhPmfqQ1llM,138812,2997,20210415,crinkle cookie recipe,,,0
SryvWXnTfiM,Make 4 Kinds of Soft & Chewy Cookies from One Dough!🍪,Pastry Living with Aya,https://www.youtube.com/watch?v=SryvWXnTfiM,137385,6362,20231124,soft cookie recipe,recipe_page,https://pastryliving.com/4-kinds-of-soft-chewy-cookies-from-one-dough/,29
zqngn2xcb3k,EASY RED VELVET CHOCOLATE CHIP COOKIES!!! Soft & Chewy Bakery Style Cookies,The Awkward Kitchen PH,https://www.youtube.com/watch?v=zqngn2xcb3k,137231,2932,20221216,red velvet cookie recipe,description,,15
QpB_es84OoE,How to Make Oatmeal Chocolate Chip Cookies,Sugar Spun Run,https://www.youtube.com/watch?v=QpB_es84OoE,137091,3180,20190918,oatmeal chocolate chip cookie recipe,description,,12
_6DeMWS_sSo,Professional Baker Teaches You How To Make CARAMEL COOKIES!,Oh Yum with Anna Olson,https://www.youtube.com/watch?v=_6DeMWS_sSo,136206,3693,20190416,salted caramel cookie recipe,description,,15
UeQZKTQhdA4,Easy 4 ingredient lemon cookie recipe - melt in your mouth glazed lemon cookies,Cookie Sheets & Sweets,https://www.youtube.com/watch?v=UeQZKTQhdA4,135958,4244,20210427,lemon cookie recipe,description,,6
CtQ3IdNZo9E,Easy Butter Cookies - How to make Butter Cookies | CNY Cookie Recipe | SweetsMin,SweetsMin,https://www.youtube.com/watch?v=CtQ3IdNZo9E,133327,2265,20210127,butter cookie recipe,description,,6
_jP7IIZQd9M,Shortbread Cookies,RecipeTin Eats,https://www.youtube.com/watch?v=_jP7IIZQd9M,132733,434,20170804,shortbread cookie recipe,recipe_page,http://www.recipetineats.com/shortbread-cookies/,3
sPI0CnZW9j4,Chocolate Chip Peanut Butter Cookies | How Tasty Channel,How Tasty,https://www.youtube.com/watch?v=sPI0CnZW9j4,132393,4067,20210520,peanut butter cookie recipe,recipe_page,https://www.how-tasty.com/peanut-butter-chocolate-stuffed-cookies/,15
Mk0RplLSpZs,Peanut Butter Cookies Recipe Demonstration - Joyofbaking.com,Joy of Baking,https://www.youtube.com/watch?v=Mk0RplLSpZs,132100,2990,20190912,peanut butter cookie recipe,,,0
-V6uzrK76eI,How to Make Chewy Gingerbread Cookies | Bite Size,Food52,https://www.youtube.com/watch?v=-V6uzrK76eI,131579,5454,20211126,gingerbread cookie recipe,description,,13
W14qr8dIaFI,Professional Baker Teaches You  How To Make Thumbprint Cookies LIVE!,Oh Yum with Anna Olson,https://www.youtube.com/watch?v=W14qr8dIaFI,131456,4796,20210226,thumbprint cookie recipe,description,,6
Pt0ngs1mkB4,Gingerbread Men,RecipeTin Eats,https://www.youtube.com/watch?v=Pt0ngs1mkB4,131287,908,20201127,gingerbread cookie recipe,recipe_page,https://www.recipetineats.com/gingerbread-men/,11
LfruvS5QV8c,Chewy M&M Cookies | Eric Kim | NYT Cooking,NYT Cooking,https://www.youtube.com/watch?v=LfruvS5QV8c,130913,3729,20211201,m&m cookie recipe,recipe_page,https://nyti.ms/3G6eFlS,9
a7-F5KcmPK4,How to Decorate Sugar Cookies | Sally's Baking,Sally's Baking Recipes,https://www.youtube.com/watch?v=a7-F5KcmPK4,129856,1420,20241021,sugar cookie icing recipe,recipe_page,https://sallysbakingaddiction.com/decorated-sugar-cookies/,5
3usQ-VUDess,Red Velvet Chocolate Chips Cookies | Eggless & Without Oven | Yummy,Yummy,https://www.youtube.com/watch?v=3usQ-VUDess,129492,3924,20200915,red velvet cookie recipe,,,0
YAemy9Gj3sQ,Jam Thumbprint Cookie Recipe: Christmas Cookie Collaboration,Fifteen Spatulas,https://www.youtube.com/watch?v=YAemy9Gj3sQ,128257,1674,20131205,thumbprint cookie recipe,recipe_page,http://www.fifteenspatulas.com/jam-thumbprint-cookies/,5
LSOJ8q0NkcA,How to Make Classic Sugar Cookies | Soft and Chewy Sugar Cookie Recipe,That Savage Kitchen,https://www.youtube.com/watch?v=LSOJ8q0NkcA,127940,3053,20210630,sugar cookie recipe,description,,7
TIK9TmcIkRU,M&M COOKIES | homemade cookie recipe,Irene Magazine,https://www.youtube.com/watch?v=TIK9TmcIkRU,127794,1712,20200523,m&m cookie recipe,description,,11
aSINeQ8M0i0,Double Chocolate Fudge Cookies,El Mundo Eats,https://www.youtube.com/watch?v=aSINeQ8M0i0,126708,4599,20200822,double chocolate cookie recipe,recipe_page,http://bit.ly/DoubleChocFudgeCookies,11
q4Ss1GeR9YI,Chewy Ginger Molasses Cookies Recipe,The Anthony Kitchen,https://www.youtube.com/watch?v=q4Ss1GeR9YI,126550,3673,20201209,molasses cookie recipe,description,,11
2hC4wHvSRTo,Easy Nutella Stuffed Chocolate Chunk Cookies (21 cookies with just 1 egg),El Mundo Eats,https://www.youtube.com/watch?v=2hC4wHvSRTo,125171,4193,20201107,nutella cookie recipe,,,0
HCKOnG9wzuU,Easy Royal Icing Recipe (The Simple Step You're Probably Skipping),Inspired to Taste,https://www.youtube.com/watch?v=HCKOnG9wzuU,124386,2345,20230909,sugar cookie icing recipe,,,0
6U2TQ2XTqLo,How to Make Amazing Orange and Almond Cookies,Food Language,https://www.youtube.com/watch?v=6U2TQ2XTqLo,123578,4713,20231214,almond cookie recipe,,,0
ucWGNeeBDO0,We Tried 9 Levain Cookie Recipes | The Pancake Princess,The Pancake Princess,https://www.youtube.com/watch?v=ucWGNeeBDO0,123128,3005,20210128,levain style cookie recipe,recipe_page,https://www.modernhoney.com/levain-bakery-dark-chocolate-peanut-butter-chip-cookies/,11
l4gzS2H52Kk,3-Ingredient Nutella Cookies Recipe,The Cooking Foodie,https://www.youtube.com/watch?v=l4gzS2H52Kk,122776,3109,20200822,nutella cookie recipe,description,,3
RN3e4VJaLFQ,Double Chocolate Cookies That’ll Ruin All Other Cookies for You | Samantha Seneviratne | NYT Cooking,NYT Cooking,https://www.youtube.com/watch?v=RN3e4VJaLFQ,122620,4667,20260107,double chocolate cookie recipe,recipe_page,https://nyti.ms/45FDN1I,11
9trOQFcr47Q,Thumbprint Cookies Cookies - Super Easy Holiday Recipe,Laura in the Kitchen,https://www.youtube.com/watch?v=9trOQFcr47Q,122471,3806,20231210,thumbprint cookie recipe,description,,9
AcEzd28_2ys,How to make Easy Homemade Chocolate Chip Cookies!,Kimmy’s Kreations,https://www.youtube.com/watch?v=AcEzd28_2ys,122386,5428,20230110,cookie recipe easy homemade,description,,7
5xTAWT7--zs,"Hearty Chocolate Chip Cookies (Levain Bakery Inspired) Recipe : Season 5, Ep. 6 - Chef Julie Yoon",Chef Julie Yoon,https://www.youtube.com/watch?v=5xTAWT7--zs,121840,2978,20181220,levain style cookie recipe,,,0
q70Ug8c-UWM,Molasses Cookies Recipe Demonstration - Joyofbaking.com,Joy of Baking,https://www.youtube.com/watch?v=q70Ug8c-UWM,121784,2146,20161103,molasses cookie recipe,,,0
Q15HNhPtncg,Soft Fluffy Chocolate Chip Cookies ♡ Bake with me,a little calm,https://www.youtube.com/watch?v=Q15HNhPtncg,121637,3922,20241123,soft cookie recipe,description,,26
E2y4zHcglDM,RAINBOW M&M Chocolate Chip Cookies Recipe | EVERYDAY EATS,Honeysuckle,https://www.youtube.com/watch?v=E2y4zHcglDM,121044,2143,20210916,m&m cookie recipe,description,,9
8_RQuTf-GcU,"BEST EVER Chocolate Chip Cookies (no chill, mix by hand)",Butternut Bakery,https://www.youtube.com/watch?v=8_RQuTf-GcU,120838,1974,20201221,cookie recipe no chill,recipe_page,https://butternutbakeryblog.com/best-chocolate-chip-cookies/,11
r0wjySvxXjI,Easy Butter Cookies Recipe - Scrumptious Butter Cookies with Jam,Yummy Kitchen Recipe,https://www.youtube.com/watch?v=r0wjySvxXjI,120409,2134,20201103,butter cookie recipe,description,,7
GJluAqJU0dE,"Double Chocolate Cookies, New York City's Most Famous Cookie Recipe! | Levain Bakery | How To Bake!",Reinold’s Recipes,https://www.youtube.com/watch?v=GJluAqJU0dE,120000,2715,20221012,double chocolate cookie recipe,description,,11
5c4RzflUeBc,Royal Icing Recipe for Beginners | Two Ingredients,Midwest & Wonder,https://www.youtube.com/watch?v=5c4RzflUeBc,119009,1159,20230721,sugar cookie icing recipe,recipe_page,https://midwestandwonder.com/easy-royal-icing-recipe-with-egg-whites/,3
FR_ddMUomgA,Simple Chocolate Chip Cookies!,Jose.elcook,https://www.youtube.com/watch?v=FR_ddMUomgA,118983,8830,20221030,chocolate chip cookie recipe,description,,9
tH-qFvPPW3I,4 Ingredient Nutella Cookies | How Tasty Channel,How Tasty,https://www.youtube.com/watch?v=tH-qFvPPW3I,117976,2403,20210319,nutella cookie recipe,recipe_page,https://www.how-tasty.com/4-ingredient-nutella-cookies/,5
bTSfMbN_gow,The Viral 3 Ingredient Pumpkin Spice Cookies That Broke the Internet,Sweet Country Cooking In Michigan,https://www.youtube.com/watch?v=bTSfMbN_gow,117773,2617,20260824,pumpkin cookie recipe,,,0
GPFcMBs6JVw,Oatmeal Chocolate Chip Cookies Recipe (lower in calories!),How To Cook Smarter,https://www.youtube.com/watch?v=GPFcMBs6JVw,116746,4919,20200817,oatmeal chocolate chip cookie recipe,description,,9
ndtPa7WNIeo,"Stop Trying, THESE are the BEST Vegan Chocolate Chip Cookies | Vegan Dessert Recipes",Andrew Bernard | The Nard Dog Cooks,https://www.youtube.com/watch?v=ndtPa7WNIeo,116354,5926,20241215,vegan cookie recipe,recipe_page,https://makeitdairyfree.com/easy-vegan-chocolate-chip-cookies-recipe/,10
WJI44oH5tPg,Stuffed Lemon Cookies | How Tasty Channel,How Tasty,https://www.youtube.com/watch?v=WJI44oH5tPg,115094,3575,20230519,stuffed cookie recipe,recipe_page,https://www.how-tasty.com/stuffed-lemon-cookies/,15
9rwtki7dXoE,The famous NYC Levain Bakery Cookie Recipe 르뱅 쿠키 레시피,Sunday Baking,https://www.youtube.com/watch?v=9rwtki7dXoE,115033,3499,20191123,levain style cookie recipe,,,0
zuVqSQi3yPA,Baking Delicious Peanut Butter Cookies | Paul Hollywood's Easy Bakes,Paul Hollywood,https://www.youtube.com/watch?v=zuVqSQi3yPA,114742,3256,20220207,peanut butter cookie recipe,description,,8
sqLm57ZJb7Y,Oatmeal Raisin Cookies | Sally's Baking,Sally's Baking Recipes,https://www.youtube.com/watch?v=sqLm57ZJb7Y,114638,478,20210922,oatmeal raisin cookie recipe,recipe_page,https://sallysbakingaddiction.com/soft-chewy-oatmeal-raisin-cookies/,13
aWUNh-Mihlk,Soft Peanut Butter Cup Chocolate Chip Cookies ♡ Bake With Me,a little calm,https://www.youtube.com/watch?v=aWUNh-Mihlk,114574,4227,20251024,peanut butter cookie recipe,description,,14
_Rkqjimgef8,Simply THE BEST SOFT Ginger Cookies Recipe,BakeLikeAPro,https://www.youtube.com/watch?v=_Rkqjimgef8,114423,2721,20191018,gingerbread cookie recipe,,,0
G4U9q0ei12k,Vegan Levain Bakery Style Giant Chocolate Chip Cookie,Make It Dairy Free,https://www.youtube.com/watch?v=G4U9q0ei12k,113397,6543,20211205,vegan cookie recipe,recipe_page,https://makeitdairyfree.com/vegan-levain-chocolate-chip-cookies/,13
GyZr4OT0q1Q,Oatmeal Cookies | Oatmeal Raisin Cookies,Smokin' & Grillin with AB,https://www.youtube.com/watch?v=GyZr4OT0q1Q,113328,5709,20190124,oatmeal raisin cookie recipe,description,,11
QmYCXhtggW4,Day in the life of a BAKERY OWNER / Baking stuffed cookies & sugar cookies / EP:#2,EliteDoughCookies,https://www.youtube.com/watch?v=QmYCXhtggW4,111661,4169,20240510,stuffed cookie recipe,,,0
ETMnI92cGms,Easy Cookie Icing | Sally's Baking,Sally's Baking Recipes,https://www.youtube.com/watch?v=ETMnI92cGms,110765,1231,20220617,sugar cookie icing recipe,recipe_page,https://sallysbakingaddiction.com/easy-glaze-icing/,5
LVBGXr_j1T4,How to Make M&M Cookies!,Sugar Spun Run,https://www.youtube.com/watch?v=LVBGXr_j1T4,110354,1883,20180926,m&m cookie recipe,description,,10
gvp6qeQJBE0,Coconut Cookies | Bakery Style Crispy Coconut Biscuits recipe,easy cooking with das,https://www.youtube.com/watch?v=gvp6qeQJBE0,109352,2085,20260602,coconut cookie recipe,,,0
FkqXppOwLzc,How to Make Ube Crinkle Cookies,eatsbyrachel,https://www.youtube.com/watch?v=FkqXppOwLzc,109148,1560,20170801,crinkle cookie recipe,,,0
F9RIjVupdzU,Soft & Chewy M&M Cookies | SweetTreats,SweetTreats,https://www.youtube.com/watch?v=F9RIjVupdzU,109067,2156,20190626,m&m cookie recipe,description,,9
KVJLKLxSwFc,How to Make Italian Almond Cookies with Maraschino Cherries | Sicilian Pastry (ONLY 3 INGREDIENTS),Giulia Ardizzone,https://www.youtube.com/watch?v=KVJLKLxSwFc,108883,2536,20201230,almond cookie recipe,description,,4
SPA50b_iyvQ,Traditional Scottish Shortbread Recipe & Cook with me!,What's For Tea?,https://www.youtube.com/watch?v=SPA50b_iyvQ,108144,4663,20180327,shortbread cookie recipe,description,,3
YojLZ2LviDQ,Chocolate Chip S'MORES Cookie BARS Recipe!,Honeysuckle,https://www.youtube.com/watch?v=YojLZ2LviDQ,108054,2818,20211018,s'mores cookie recipe,description,,12
SZbbvgE8uvw,The New Secret to Soft Chocolate Chip Cookies - the BEST recipe ever!!,Crazy for Crust,https://www.youtube.com/watch?v=SZbbvgE8uvw,105582,1963,20231218,soft cookie recipe,description,,9
cWHPnXYR5Y8,How to Make Butter Cookies,Sugar Spun Run,https://www.youtube.com/watch?v=cWHPnXYR5Y8,105550,2876,20191106,butter cookie recipe,description,,8
sHVoRRrv3mg,White CHOCOLATE CHIP COOKIES Recipe - The Ultimate & Comprehensive Guide,Honeysuckle,https://www.youtube.com/watch?v=sHVoRRrv3mg,103359,2918,20201115,white chocolate macadamia cookie recipe,description,,13
GChg3H3lmy0,"Simple Gingerbread Cookies | no chill dough, no molasses",Baker Bettie,https://www.youtube.com/watch?v=GChg3H3lmy0,102711,1827,20191216,gingerbread cookie recipe,description,,8
loGEkIac-jE,Pam Kennedy Bakes No Chill No Spread Sugar Cookie Dough Recipe and Method,Pam Kennedy Bakes,https://www.youtube.com/watch?v=loGEkIac-jE,102385,2245,20240123,cookie recipe no chill,description,,7
JNOo2e9GI3Q,Chewy Red Velvet Chocolate Chunk Cookies,Shean's Kitchen,https://www.youtube.com/watch?v=JNOo2e9GI3Q,102164,,20200904,red velvet cookie recipe,description,,11
rLBKlYgYfgw,"Red Velvet Cake Mix Cookies (Easy, 5 Ingredients)",Cara's Recipes,https://www.youtube.com/watch?v=rLBKlYgYfgw,101424,2398,20210122,red velvet cookie recipe,recipe_page,https://www.kindlyunspoken.com/red-velvet-cake-mix-cookies/,5
co5tj_IEamg,Christmas Sugar Cookies with Easy Icing | Sally's Baking,Sally's Baking Recipes,https://www.youtube.com/watch?v=co5tj_IEamg,101407,1206,20220829,christmas cookie recipe,recipe_page,https://sallysbakingaddiction.com/christmas-sugar-cookies/,14
R-jA2Lec_rU,How to Make Heart-Shaped Thumbprint Jam Cookies (Raspberry Flavor),eatsbyrachel,https://www.youtube.com/watch?v=R-jA2Lec_rU,101122,4104,20171129,thumbprint cookie recipe,description,,8
0krVuIJOG0I,How to Make Classic Peanut Butter Cookies | Get Cookin' | Allrecipes,Allrecipes,https://www.youtube.com/watch?v=0krVuIJOG0I,100225,1691,20231023,peanut butter cookie recipe,,,0
ZMsShwyCJB0,How To Make Chewy Snickerdoodle Cookies | Step-By-Step Recipe,Delightful Bites,https://www.youtube.com/watch?v=ZMsShwyCJB0,99954,2532,20200614,snickerdoodle recipe,description,,12
topQYtF_NLw,The Best Gingerbread Cookie Recipe EVER,Chef Gail Sokol,https://www.youtube.com/watch?v=topQYtF_NLw,99756,2550,20201221,gingerbread cookie recipe,recipe_page,http://chefgailsokol.com/cookies/gingerbread-snowflake-cookies/,15
zlSFXfvAKQs,3 Ingredient Melt In Your Mouth Shortbread Cookies | Recipe,Jasmine’s Kitchen,https://www.youtube.com/watch?v=zlSFXfvAKQs,98758,2181,20210610,shortbread cookie recipe,description,,5
sONi15OnAh0,Gingerbread Cookies | Sally's Baking,Sally's Baking Recipes,https://www.youtube.com/watch?v=sONi15OnAh0,98400,737,20230728,gingerbread cookie recipe,recipe_page,https://sallysbakingaddiction.com/best-gingerbread-cookies/,13
qCKhvy7GTio,Culinary Student Bakes Moist and Chewy Chocolate Crinkle Cookies,Thea Din,https://www.youtube.com/watch?v=qCKhvy7GTio,97908,2092,20230410,crinkle cookie recipe,description,,9
ceLWjdjNiB8,The Ultimate Double Chocolate Chip Cookie EASY RECIPE,Savor Easy,https://www.youtube.com/watch?v=ceLWjdjNiB8,97420,3046,20211023,double chocolate cookie recipe,description,,11
c4Xxc17IsUo,Food Network Chefs' Top Holiday Cookie Recipe Videos 🍪,Food Network,https://www.youtube.com/watch?v=c4Xxc17IsUo,96961,1326,20251127,christmas cookie recipe,,,0
pLhdIOwnGEM,How to Make Shortbread Cookies | Get Cookin' | Allrecipes,Allrecipes,https://www.youtube.com/watch?v=pLhdIOwnGEM,96917,1189,20231218,shortbread cookie recipe,,,0
kVn2a9TgHVE,8 Christmas Cookie Hacks You Need to Know for the Holidays | Allrecipes,Allrecipes,https://www.youtube.com/watch?v=kVn2a9TgHVE,96090,3556,20201209,christmas cookie recipe,,,0
Qj6yqQm0dPU,The Best Oatmeal Raisin Cookie Recipe,Honeysuckle,https://www.youtube.com/watch?v=Qj6yqQm0dPU,95238,2058,20211128,oatmeal raisin cookie recipe,description,,12
-KkMYfBH08I,Easy Lemon Sugar Cookies | Soft and Chewy | No Mixer Needed!,Cook Me Food,https://www.youtube.com/watch?v=-KkMYfBH08I,94754,2962,20220528,lemon cookie recipe,description,,9
6GpRTpE5LcA,"Pumpkin Spice Cake Cookies, Baked by Anna Olson!",Oh Yum with Anna Olson,https://www.youtube.com/watch?v=6GpRTpE5LcA,94240,3197,20200828,pumpkin cookie recipe,description,,16
YMa-atO7cEA,Thumbprint Cookies Recipe Demonstration - Joyofbaking.com,Joy of Baking,https://www.youtube.com/watch?v=YMa-atO7cEA,93988,2000,20181220,thumbprint cookie recipe,,,0
r2MAuGCPG04,Snickerdoodle Cookies Recipe | How To Make Soft & Chewy Snickerdoodle Cookies,Jasmine’s Kitchen,https://www.youtube.com/watch?v=r2MAuGCPG04,93818,3057,20211216,snickerdoodle recipe,description,,12
fX1OJDq9eR4,"CHEWY CHOCOLATE CHIP COOKIES - SUPER THIN, SOFT & CHEWY!",Pree Betts,https://www.youtube.com/watch?v=fX1OJDq9eR4,93802,3242,20200515,chewy cookie recipe,,,0
cWPwsIDK8OI,Who Remembers This? | EASY Butter Cookies Recipe | Simply Mamá Cooks,Simply Mamá Cooks,https://www.youtube.com/watch?v=cWPwsIDK8OI,92914,5507,20220322,butter cookie recipe,description,,5
SOeNO1THzcU,Professional Baker Teaches You How To Make PECAN COOKIES!,Oh Yum with Anna Olson,https://www.youtube.com/watch?v=SOeNO1THzcU,92859,2956,20190405,cranberry white chocolate cookie recipe,description,,22
scK5y9wjagI,Oatmeal Raisin Cookies,RecipeTin Eats,https://www.youtube.com/watch?v=scK5y9wjagI,92837,955,20210624,oatmeal raisin cookie recipe,recipe_page,https://www.recipetineats.com/oatmeal-raisin-cookie-soft-chewy/,10
O6o41kVwzCk,How to make Chunky Red Velvet Cheesecake stuffed Cookies | NYC Style | Recipe,Bailey's Bakes,https://www.youtube.com/watch?v=O6o41kVwzCk,92088,2547,20241028,red velvet cookie recipe,description,,15
sKoil5lqKWE,Pumpkin Cookies Recipe | How to Make Pumpkin Cookies,El Mundo Eats,https://www.youtube.com/watch?v=sKoil5lqKWE,91223,1453,20171014,pumpkin cookie recipe,,,0
Sq6mrSMAA00,Matcha-Black Sesame Shortbreads | Sue Li | Cookie Week | NYT Cooking,NYT Cooking,https://www.youtube.com/watch?v=Sq6mrSMAA00,90801,2786,20241205,matcha cookie recipe,recipe_page,https://nyti.ms/3Vsfuzh,11
Vbsv5N-BO7Q,Martha Stewart's Old Fashioned Lemon-Sugar Cookies | Martha Bakes Recipes,Martha Stewart,https://www.youtube.com/watch?v=Vbsv5N-BO7Q,90283,2349,20211215,lemon cookie recipe,,,0
ZjC6BoiwKGI,5 Ingredient Chocolate Chip Cookies | Gluten Free + Egg Free + Dairy Free,The Domestic Geek,https://www.youtube.com/watch?v=ZjC6BoiwKGI,90264,2838,20210426,gluten free cookie recipe,,,0
G6sAffePiZ0,How to Make Powdered Sugar Icing,Jessica from Savory Experiments,https://www.youtube.com/watch?v=G6sAffePiZ0,89621,944,20240327,sugar cookie icing recipe,,,0
72G6UHaTnCM,Homemade Gingerbread Cookies Recipe,Sasa Time,https://www.youtube.com/watch?v=72G6UHaTnCM,88978,1356,20170206,gingerbread cookie recipe,description,,13
hJ9wqAysHJg,Classic Sugar Cookie Recipe - Martha Stewart,Martha Stewart,https://www.youtube.com/watch?v=hJ9wqAysHJg,88314,769,20150404,sugar cookie recipe,,,0
ObQF5EBCa8c,Levain Style Matcha Cookies | 紐約Levain抹茶曲奇 | ニューヨークLevain抹茶クッキー | 뉴욕Levain말차쿠키,Wong's Pantry,https://www.youtube.com/watch?v=ObQF5EBCa8c,87914,1535,20200518,matcha cookie recipe,description,,12
iXFelhlKqxo,Chewy Molasses Cookies: All You Ever Wanted,Bon Appétit,https://www.youtube.com/watch?v=iXFelhlKqxo,86665,1252,20151211,molasses cookie recipe,,,0
0PpKEA_Tmpw,How to Dip Sugar Cookies,Sweet D.Lights,https://www.youtube.com/watch?v=0PpKEA_Tmpw,86638,989,20151206,sugar cookie icing recipe,,,0
UiTefCA18t0,Professional Baker Teaches You How To Make SNICKERDOODLE COOKIES!,Oh Yum with Anna Olson,https://www.youtube.com/watch?v=UiTefCA18t0,86318,2405,20201023,snickerdoodle recipe,description,,8
P23MD8bL0hk,Easy Double Chocolate Chip Cookies | Soft and Chewy | No Chill Needed,Cook Me Food,https://www.youtube.com/watch?v=P23MD8bL0hk,84821,2056,20211002,double chocolate cookie recipe,description,,8
y8CdktppafY,Lemon-Turmeric Crinkle Cookies | Eric Kim | Cookie Week | NYT Cooking,NYT Cooking,https://www.youtube.com/watch?v=y8CdktppafY,84047,2310,20241206,crinkle cookie recipe,recipe_page,https://nyti.ms/4gFL98T,11
Gun_Spg6tvQ,Melt-in-your-mouth SHORTBREAD COOKIES! So easy,Cakes by MK,https://www.youtube.com/watch?v=Gun_Spg6tvQ,84039,2881,20251021,shortbread cookie recipe,description,,5
XdCZyT230Mw,Easy Lemon Crinkle Cookies 🍋 Bake With Me,a little calm,https://www.youtube.com/watch?v=XdCZyT230Mw,83579,3404,20250813,crinkle cookie recipe,description,,10
VUFtdnjD3ug,"This Secret Ingredient Makes Softer, Chewier Cookies | America's Test Kitchen",America's Test Kitchen,https://www.youtube.com/watch?v=VUFtdnjD3ug,83417,2880,20250606,m&m cookie recipe,recipe_page,https://cooks.io/3ZOTsc9,9
MD1RAL1tHRs,Soft & Chewy Coconut Cookies | Easy Homemade Recipe,Bakeria,https://www.youtube.com/watch?v=MD1RAL1tHRs,83041,2229,20250424,coconut cookie recipe,,,0
nGGRp5bEHNo,"Meghan, Duchess of Sussex Shows How to Make Thumbprint Cookies with Raspberry Jam",The Drew Barrymore Show,https://www.youtube.com/watch?v=nGGRp5bEHNo,82847,919,20250313,thumbprint cookie recipe,,,0
pKUpDCogcW4,The Best Brown Butter Chocolate Chip Cookies You'll Ever Eat,Ambitious Kitchen,https://www.youtube.com/watch?v=pKUpDCogcW4,82380,1082,20191202,brown butter cookie recipe,,,0
D8EbOKhukew,Easy Brown Butter Matcha cookies with white chocolate chips,Sincerely Huong,https://www.youtube.com/watch?v=D8EbOKhukew,81544,2079,20220122,matcha cookie recipe,description,,8
Sn0UURGlDZ4,Lightly Crispy Shortbread Cookies | So Simple!,Pastry Living with Aya,https://www.youtube.com/watch?v=Sn0UURGlDZ4,81178,2361,20230901,shortbread cookie recipe,recipe_page,https://pastryliving.com/shortbread-cookies/,6
DdlEtEM52Ok,Double Chocolate Chip Cookies Recipe | Chewy and Fudgy,The Cooking Foodie,https://www.youtube.com/watch?v=DdlEtEM52Ok,80267,1253,20250227,double chocolate cookie recipe,description,,12
OLd9PiFcFCQ,"Subway-Style Chewy Chocolate Chip Cookies | Crispy edges and Soft,Chewy inside || Petit Plats",petit plats ,https://www.youtube.com/watch?v=OLd9PiFcFCQ,80195,2172,20220915,chewy cookie recipe,,,0
ESLVEHofb9Q,Homemade New York Style RED VELVET COOKIES Recipe | Simple & Easy Cookies Recipe,My Simple Recipe,https://www.youtube.com/watch?v=ESLVEHofb9Q,79945,1142,20241004,red velvet cookie recipe,description,,10
jeV7Hk9IcJI,🍋 Lemon cookies in 10 minutes! Simple and very tasty!,Sweet Recipes,https://www.youtube.com/watch?v=jeV7Hk9IcJI,79818,2342,20260430,lemon cookie recipe,description,,10
AeomKJFRErc,No mixer required | No Molasses Gingerbread Cookies | Elmi’s Plate,Elmi's plate,https://www.youtube.com/watch?v=AeomKJFRErc,79738,1377,20201203,gingerbread cookie recipe,description,,11
Ng6Y0H8mZ5c,"Chocolate Crinkles, SIMPOL!",Simpol PH,https://www.youtube.com/watch?v=Ng6Y0H8mZ5c,79574,1007,20211122,chocolate crinkle cookies,description,,9
WFi46EU2_X0,White Chocolate Macadamia Nut Cookies,The Stay At Home Chef,https://www.youtube.com/watch?v=WFi46EU2_X0,79399,2051,20221202,white chocolate macadamia cookie recipe,description,,13
qv9FLdaJQ-0,3-ingredient Butter Cookies/ Shortbread Cookies/ Easy and Delicious,Bake Only,https://www.youtube.com/watch?v=qv9FLdaJQ-0,79156,1204,20221216,shortbread cookie recipe,description,,3
hZhTgCunuIM,Indulgent Levain Bakery-Inspired Chocolate Walnut Cookies Recipe,Bigger Bolder Baking with Gemma Stafford,https://www.youtube.com/watch?v=hZhTgCunuIM,79039,3429,20220127,levain style cookie recipe,recipe_page,https://bit.ly/LevainCookies,11
8PduozgcQ-w,Chocolate Pecan Caramel Cookies – Bruno Albouze,Bruno Albouze,https://www.youtube.com/watch?v=8PduozgcQ-w,78718,3684,20181030,salted caramel cookie recipe,,,0
tpd8Sww0Tug,Finally a NOT Cakey Pumpkin Cookie,Sugar Spun Run,https://www.youtube.com/watch?v=tpd8Sww0Tug,76724,2041,20201008,pumpkin cookie recipe,description,,13
dk4zIIDbZa8,White Chocolate Cranberry Cookies Recipe | Christmas Cookies,Recipes by Carina,https://www.youtube.com/watch?v=dk4zIIDbZa8,75810,1575,20181223,cranberry white chocolate cookie recipe,description,,9
Mo3Cdg7dpvg,The BEST Vegan Chocolate Chip Cookies?,The Little Almond,https://www.youtube.com/watch?v=Mo3Cdg7dpvg,75543,2483,20220126,vegan cookie recipe,,,0
rLW2mdJb5Sc,Almond Cookies - Amaretti,Baking Bonanza,https://www.youtube.com/watch?v=rLW2mdJb5Sc,75200,760,20211008,almond cookie recipe,description,,4
swXNUDZnK3k,"Oat Flour Chocolate Chip Cookies | chewy, gluten-free cookies",Detoxinista,https://www.youtube.com/watch?v=swXNUDZnK3k,75108,2140,20210225,gluten free cookie recipe,recipe_page,https://detoxinista.com/oat-flour-cookies/,8
SPu8DTiFx2A,Soft & Chewy Amaretti Cookies | How To Make Classic Italian Almond Cookies,Food to Live,https://www.youtube.com/watch?v=SPu8DTiFx2A,74124,763,20210810,almond cookie recipe,description,,5
tXkb3DzT924,Gooey Double Chocolate S'more Cookies ♡ Bake With Me,a little calm,https://www.youtube.com/watch?v=tXkb3DzT924,73495,2630,20251215,double chocolate cookie recipe,description,,13
ak4vcQzavjo,Peanut Brown-Butter Cookies | Sue Li | Cookie Week | NYT Cooking,NYT Cooking,https://www.youtube.com/watch?v=ak4vcQzavjo,73421,2126,20251205,peanut butter cookie recipe,recipe_page,https://nyti.ms/4rztBS4,11
XlRyeiH1NG4,Almond Stick Cookies Recipe | Nutty Stick Recipe | Almond Cookies Recipe | Yummy,Yummy,https://www.youtube.com/watch?v=XlRyeiH1NG4,73215,1582,20250530,almond cookie recipe,,,0
y_nyQJEofv8,Nutella Stuffed Cookies,Sugar Spun Run,https://www.youtube.com/watch?v=y_nyQJEofv8,73202,1103,20181005,nutella cookie recipe,description,,12
szQrCgQWvaA,Red Velvet Cream Cheese Stuffed Cookies,Sugar Geek Show,https://www.youtube.com/watch?v=szQrCgQWvaA,73037,2240,20211116,red velvet cookie recipe,description,,16
dbNkUH10UgU,1960s CHRISTMAS COOKIE RECIPES - Betty Crocker & Holiday Nostalgia,Cooking the Books,https://www.youtube.com/watch?v=dbNkUH10UgU,72989,3280,20241201,christmas cookie recipe,description,,17
4bmt_3wXR1U,The Best Nutella New York Cookies,Fitwaffle Kitchen,https://www.youtube.com/watch?v=4bmt_3wXR1U,72824,1552,20250614,nutella cookie recipe,description,,11
67XOkfnEnpk,Burnt Miso BROWN BUTTER Chocolate Chip Cookies | SNACKS Ep. 9,justine_snacks,https://www.youtube.com/watch?v=67XOkfnEnpk,72304,2847,20220329,brown butter cookie recipe,description,,11
RovuOxBNoFE,"White Chocolate Macadamia Cookies — Soft, Chewy & Perfectly Golden - Maple Neige Recipe",Maple Neige,https://www.youtube.com/watch?v=RovuOxBNoFE,72238,11,20251110,white chocolate macadamia cookie recipe,description,,11
5UzyVQaIRa4,Vegan Chocolate Chip Cookies - The BEST Recipe!,Chocolate Covered Katie,https://www.youtube.com/watch?v=5UzyVQaIRa4,71627,358,20180520,vegan cookie recipe,recipe_page,https://chocolatecoveredkatie.com/2018/05/21/vegan-chocolate-chip-cookies-recipe/,9
_pzOf2DIfTg,Easy Shortbread Cookie Recipe - Melt-in-Your-Mouth Magic!,Food How,https://www.youtube.com/watch?v=_pzOf2DIfTg,71394,4545,20230504,shortbread cookie recipe,recipe_page,https://foodhow.com/melt-in-your-mouth-shortbread-cookie-recipe/,5
NOdcdkJ_C40,Lemon Crinkle Cookies,Come Sit At My Table,https://www.youtube.com/watch?v=NOdcdkJ_C40,71361,4678,20230618,lemon cookie recipe,description,,9
-bDhnbpDapY,How to make Caramel Butter Sandwich Cookie | 카라멜 버터 샌드 쿠키 만드는 법,Sunday Baking,https://www.youtube.com/watch?v=-bDhnbpDapY,71264,2754,20231128,salted caramel cookie recipe,,,0
BxKIzRngYSk,ROLL OUT THE DOUGH for this soft + chewy Gingerbread Cookies Recipe,Yeung Man Cooking,https://www.youtube.com/watch?v=BxKIzRngYSk,70704,3527,20221221,gingerbread cookie recipe,description,,14
9ZbEQHR9RpU,Red Velvet Marble Cookies Recipe | Homemade Eggless Cookies | How To Make Red Velvet Cookie |Bhumika,Rajshri Food,https://www.youtube.com/watch?v=9ZbEQHR9RpU,70260,587,20220320,red velvet cookie recipe,description,,9
uUouqgpCp-Y,Subway Double Chocolate Chip Cookies,Home Bake,https://www.youtube.com/watch?v=uUouqgpCp-Y,69803,1709,20210520,double chocolate cookie recipe,description,,10
fzNRjc2g1NU,Perfect Shortbread and Ways to Make It Your Own | Cookies In Session with Sohla,Sohla and Ham,https://www.youtube.com/watch?v=fzNRjc2g1NU,69652,4323,20251209,shortbread cookie recipe,,,0
J3lb3C8A5Zc,"Ridiculously Big, Thick Peanut Butter Chocolate Chunk Cookies",Sugar Spun Run,https://www.youtube.com/watch?v=J3lb3C8A5Zc,69574,2425,20230202,peanut butter cookie recipe,description,,11
5UZ6U49xrsY,How to Make the Perfect CHOCOLATE CHIP COOKIES a Super Easy recipe anyone can do!!!!,Cooking Con Claudia,https://www.youtube.com/watch?v=5UZ6U49xrsY,69347,3564,20231211,chocolate chip cookies from scratch,description,,11
SMbcqfIhcvc,No Spread Sugar Cookie Recipe,CakesbyLynz,https://www.youtube.com/watch?v=SMbcqfIhcvc,69022,2180,20220204,sugar cookie recipe,description,,5
FMYJO2P4HRw,Irresistible Peanut Butter Chocolate Chip Cookies,Sugar Spun Run,https://www.youtube.com/watch?v=FMYJO2P4HRw,68690,2025,20230309,peanut butter cookie recipe,description,,13
88D9S1Aam2Y,Levain Bakery Chocolate Chip Walnut Cookies: Crispy Outside with Soft Center | Cooking with Kurt,Cooking with Kurt,https://www.youtube.com/watch?v=88D9S1Aam2Y,68676,2045,20230101,levain style cookie recipe,,,0
y-DB1h5n0rE,Best Vegan Cut-Out Sugar Cookies | Recipe |,Haniela's,https://www.youtube.com/watch?v=y-DB1h5n0rE,68663,1765,20190204,vegan cookie recipe,recipe_page,https://www.hanielas.com/vegan-sugar-cookies/,8
XCWDybRRLTA,Easy Soft chewy Chocolate Chip Cookies IN 15 MINS (no chill time),Bayoona,https://www.youtube.com/watch?v=XCWDybRRLTA,68461,1640,20170117,cookie recipe no chill,description,,8
mM_EwkBJoSE,Soft Cookies n' Cream Red Velvet Cheesecake Cookies ♡ Bake With Me,a little calm,https://www.youtube.com/watch?v=mM_EwkBJoSE,68388,2457,20250609,red velvet cookie recipe,description,,20
tWKdxUQ0IRE,Chewy Brown Butter Oatmeal Chocolate Chunk Cookies,Sugar Spun Run,https://www.youtube.com/watch?v=tWKdxUQ0IRE,68334,1880,20240909,brown butter cookie recipe,description,,11
YjhVtW2FW8A,Martha Stewart's Giant Oatmeal Raisin Cookies | Martha Bake's Recipes,Martha Stewart,https://www.youtube.com/watch?v=YjhVtW2FW8A,68333,1630,20211025,oatmeal raisin cookie recipe,,,0
3MkXuk9VOK4,"Science: How to Bake Crinkly Cookies (Like Sugar Cookies, Gingersnaps, or Chocolate Crinkle Cookies)",America's Test Kitchen,https://www.youtube.com/watch?v=3MkXuk9VOK4,68258,996,20141003,crinkle cookie recipe,recipe_page,http://bit.ly/1rJ2cJG,13
5-qGTgcnmcg,Pink Coconut Magic Cookies Ghar Pe Banaye in Minutes! Easy Mithai Style Treat Recipe - RKK,Ruby Ka Kitchen,https://www.youtube.com/watch?v=5-qGTgcnmcg,68036,1873,20250503,coconut cookie recipe,,,0
b7Ncd6CcnCs,Beth's Oatmeal Chocolate Chip Cookie (Soft and Chewy!),Entertaining With Beth,https://www.youtube.com/watch?v=b7Ncd6CcnCs,68010,2653,20200926,oatmeal chocolate chip cookie recipe,description,,12
sTfPwBEhrAA,How to Make Soft and Chewy Oatmeal Raisin Cookies - Delicious and Satisfying - The Hillbilly Kitchen,The Hillbilly Kitchen - Down Home Country Cooking,https://www.youtube.com/watch?v=sTfPwBEhrAA,67807,2736,20230929,oatmeal raisin cookie recipe,description,,12
eIu2Dapp_x8,Snickerdoodles | Sally's Baking,Sally's Baking Recipes,https://www.youtube.com/watch?v=eIu2Dapp_x8,67743,252,20220503,snickerdoodle recipe,recipe_page,https://sallysbakingaddiction.com/soft-thick-snickerdoodles-in-20-minutes/,11
sIHs8N-n61A,The Easiest No Spread Sugar Cookie Ever | Great for Gift Giving | Christmas Baking,Little Village Homestead,https://www.youtube.com/watch?v=sIHs8N-n61A,67642,3552,20251210,sugar cookie recipe,description,,7
E4JYnLA9Ux0,How to Make Raspberry and Almond Shortbread Thumbprints | Cookie Recipe | Allrecipes.com,Allrecipes,https://www.youtube.com/watch?v=E4JYnLA9Ux0,66590,930,20121220,thumbprint cookie recipe,,,0
AqCtCohunU0,Quick & Easy Wedding Cookies Using Fondant Stamps - Expert Tips and My Sugar Cookie Recipe,CakesbyLynz,https://www.youtube.com/watch?v=AqCtCohunU0,65809,1532,20240606,sugar cookie recipe,description,,5
Kx5AP6-MqsU,Famous Levain Bakery Gooey Chocoate Chip Walnut Cookie Recipe!!!!,Hailey Scontrino,https://www.youtube.com/watch?v=Kx5AP6-MqsU,64623,1806,20200806,levain style cookie recipe,recipe_page,https://abountifulkitchen.com/levain-bakery-chocolate-chip-cookie-recipe/,11
_wxu2_TUbXc,Strawberry Cheesecake Stuffed Inside a Gourmet COOKIE!,Sugar Spun Run,https://www.youtube.com/watch?v=_wxu2_TUbXc,64577,2468,20230622,stuffed cookie recipe,description,,17
fsFPbTSAqZE,How to Make Pumpkin Chocolate Chip Cookies,Jenny Cakes Bakery,https://www.youtube.com/watch?v=fsFPbTSAqZE,64492,1477,20141018,pumpkin cookie recipe,description,,14
CaQQytkcwhs,We Tried 9 Brown Butter Chocolate Chip Cookie Recipes in One Day,The Pancake Princess,https://www.youtube.com/watch?v=CaQQytkcwhs,64361,1665,20220920,brown butter cookie recipe,recipe_page,https://buttermilkbysam.com/three-egg-brown-butter-mixed-chocolate-cookies/,12
mgo7XTuUlaA,Chocolate Nutella Crinkle Cookies | How Tasty Channel,How Tasty,https://www.youtube.com/watch?v=mgo7XTuUlaA,64239,1952,20211126,crinkle cookie recipe,recipe_page,https://www.how-tasty.com/chocolate-nutella-crinkle-cookies/,10
WpbOatcvGzM,How to Make Lemon Cookies,Sugar Spun Run,https://www.youtube.com/watch?v=WpbOatcvGzM,64147,1285,20200618,lemon cookie recipe,description,,11
FtbveLww-dk,Soft Crumbl Pink Sugar Cookies ♡ Bake With Me,a little calm,https://www.youtube.com/watch?v=FtbveLww-dk,63430,2649,20250820,sugar cookie recipe,description,,14
YiiSafuDd0E,Chris’s Traditional Shortbread Fingers,Irish Baker Abroad,https://www.youtube.com/watch?v=YiiSafuDd0E,62950,1832,20230714,shortbread cookie recipe,description,,4
aDbNd1yWExs,Cheesecake Stuffed Cookies!,Sugar Spun Run,https://www.youtube.com/watch?v=aDbNd1yWExs,62845,2166,20201231,stuffed cookie recipe,description,,14
4fnmSSmbhng,Espresso Chocolate Chip Oatmeal Pie Cookies ♡ Bake With Me,a little calm,https://www.youtube.com/watch?v=4fnmSSmbhng,61501,3609,20250323,espresso chocolate cookie recipe,description,,16
1aCHJF7BnYs,Jam Drops (Thumbnail cookies),RecipeTin Eats,https://www.youtube.com/watch?v=1aCHJF7BnYs,61472,888,20240726,thumbprint cookie recipe,description,,7
bGFtS7zzVG0,Soft Red Velvet Chocolate Chip Cookies ♡ Bake With Me,a little calm,https://www.youtube.com/watch?v=bGFtS7zzVG0,61356,2196,20250101,red velvet cookie recipe,description,,30
jNbX4eCzjdw,Gourmet Flavor in a Classic Cookie: White Chocolate Macadamia Nut Cookies,Sugar Spun Run,https://www.youtube.com/watch?v=jNbX4eCzjdw,60873,1918,20241028,white chocolate macadamia cookie recipe,description,,12
57vGywLiXJ0,Soft Gingerbread Man Cookies ♡ Bake With Me,a little calm,https://www.youtube.com/watch?v=57vGywLiXJ0,60822,2592,20251217,gingerbread cookie recipe,description,,15
NWUMH1oNujA,SOFT & CHEWY Oatmeal Raisin Cookies | VEGAN,YdaJun's Plant-based Kitchen,https://www.youtube.com/watch?v=NWUMH1oNujA,60518,1481,20210307,vegan cookie recipe,description,,11
3Wes4AprmWI,BISCOFF STUFFED COOKIES!!!,RecipeTin Eats,https://www.youtube.com/watch?v=3Wes4AprmWI,60414,813,20250613,stuffed cookie recipe,description,,16
vxm6PokO0LA,"The best crispy, chewy COCONUT COOKIES i've ever had",Cakes by MK,https://www.youtube.com/watch?v=vxm6PokO0LA,60043,2011,20250819,coconut cookie recipe,description,,9
ClFkfP5qDiM,The Best Chocolate Crinkle Cookies Recipe Ever,Home Cooking Adventure,https://www.youtube.com/watch?v=ClFkfP5qDiM,60014,2054,20211105,crinkle cookie recipe,recipe_page,https://www.homecookingadventure.com/easy-chocolate-crinkle-cookies,10
yGLf22jTwR8,How to Make the Best Ever Ginger Molasses Cookies (Better Than Starbucks!),The Busy Baker,https://www.youtube.com/watch?v=yGLf22jTwR8,59844,896,20180914,gingerbread cookie recipe,description,,11
wPS5cEjEqYo,No Spread Sugar Cookie Recipe for Royal Icing- Updated Sugar Cookie Recipe and Process and Process,Sarah Grace | SAHM,https://www.youtube.com/watch?v=wPS5cEjEqYo,59644,1457,20221109,cut out cookie recipe,,,0
wN4M1oqGIsc,Pumpkin Chocolate Chip Cookies | Sally's Baking,Sally's Baking Recipes,https://www.youtube.com/watch?v=wN4M1oqGIsc,59092,212,20200620,pumpkin cookie recipe,recipe_page,https://sallysbakingaddiction.com/pumpkin-chocolate-chip-cookies/,12
qEvmsADe05U,Easy Scottish shortbread | No roll method :),What's For Tea?,https://www.youtube.com/watch?v=qEvmsADe05U,58352,3292,20200527,shortbread cookie recipe,description,,4
fEj3YJAXS6E,How To Make: Cake Mix Cut Out Cookies,JackiePlus3Boys,https://www.youtube.com/watch?v=fEj3YJAXS6E,58255,797,20130129,cut out cookie recipe,,,0
EUh0f9K9UUA,3-Colour Cookie Box 🎁🍪: Marble Crinkle Cookies,Baking Moments,https://www.youtube.com/watch?v=EUh0f9K9UUA,58043,2245,20251112,crinkle cookie recipe,,,0
OCqy598uoEo,Martha Stewart's Molasses-Ginger Crisps | Martha Bakes Recipes,Martha Stewart,https://www.youtube.com/watch?v=OCqy598uoEo,57428,1502,20211129,molasses cookie recipe,,,0
hDU4gLLIEqE,3-Ingredient Almond Cookies Easy Recipe 🍪 Italian Almond Cookies with Almond Flour,Fruity Bakes,https://www.youtube.com/watch?v=hDU4gLLIEqE,57386,1076,20220516,almond cookie recipe,description,,3
hEW5let3fkA,"Salty, Sweet, & Chocolaty Caramel Pretzel Chocolate Chunk Cookies",Sugar Spun Run,https://www.youtube.com/watch?v=hEW5let3fkA,57303,982,20241024,salted caramel cookie recipe,description,,12
2FZKFT0dtNg,Creamy Nutella Stuffed Chocolate Chip Cookies ♡ Bake With Me,a little calm,https://www.youtube.com/watch?v=2FZKFT0dtNg,56908,2174,20250827,nutella cookie recipe,description,,12
SuX13hZZN3s,Matcha Cookies 抹茶クッキー,Make Food. Eat Food.,https://www.youtube.com/watch?v=SuX13hZZN3s,56706,1377,20170501,matcha cookie recipe,description,,5
ilgkQs1PgjQ,Soft-Baked M&M Cookies | Sally's Baking,Sally's Baking Recipes,https://www.youtube.com/watch?v=ilgkQs1PgjQ,56488,608,20210317,m&m cookie recipe,recipe_page,https://sallysbakingaddiction.com/rainbow-mm-cookies/,10
vvkc2_dyP04,Old Fashioned Soft & Chewy Molasses Cookies Recipe - 1935,Glen And Friends Cooking,https://www.youtube.com/watch?v=vvkc2_dyP04,56159,3258,20200906,molasses cookie recipe,description,,11
HdG4uWOb47o,These Pumpkin Cookies Filled with Cheesecake are Fun for Fall,Sugar Spun Run,https://www.youtube.com/watch?v=HdG4uWOb47o,56122,2130,20231012,pumpkin cookie recipe,description,,17
bO5quTFbA4w,Italian Almond Cookies Recipe | Paste di Mandorla,Giulia Ardizzone,https://www.youtube.com/watch?v=bO5quTFbA4w,55919,1727,20220225,almond cookie recipe,description,,8
94ZjylTooQM,"Fudgy, Bakery Style Double Chocolate Chunk Cookies",Sugar Spun Run,https://www.youtube.com/watch?v=94ZjylTooQM,55635,1860,20250116,double chocolate cookie recipe,description,,11
wykDT_Kx6mg,Soft & Chewy Oatmeal Raisin Cookies (Grandma’s Secret Recipe),Kelvin's Kitchen,https://www.youtube.com/watch?v=wykDT_Kx6mg,54908,746,20240702,oatmeal raisin cookie recipe,recipe_page,https://kelvinskitchen.com/recipe/best-oatmeal-raisin-cookies/?rate=1&utm_source=youtube&utm_medium=description&utm_campaign=recipe_rating,12
hhUfXDZumSg,M&M's COOKIES IN 15 MINUTEN KLAAR OM TE ETEN | BAKKEN MET CRAFTMAMA,Craftmama,https://www.youtube.com/watch?v=hhUfXDZumSg,54713,617,20150927,m&m cookie recipe,description,,5
iAtLRPKoqSY,HOW TO MAKE DARK CHOCOLATE CHIP NUTELLA STUFFED CHOCOLATE COOKIES,Hot Chocolate Hits,https://www.youtube.com/watch?v=iAtLRPKoqSY,54554,1011,20131019,stuffed cookie recipe,description,,10
YmXXiiig6lo,Crispy Almond Cookies (No Florentine) | Easy Baking,Oji Kitchen,https://www.youtube.com/watch?v=YmXXiiig6lo,54475,858,20210207,almond cookie recipe,,,0
KBvwa2Y_bZc,Oatmeal-Chocolate Chip Cookies | Betty Crocker Recipe,Betty Crocker,https://www.youtube.com/watch?v=KBvwa2Y_bZc,54465,752,20180912,oatmeal chocolate chip cookie recipe,recipe_page,https://www.bettycrocker.com/recipes/oatmeal-chocolate-chip-cookies/48acadc3-f7e1-46b5-bb33-33bee95f6cf7,10
QNqFE4FqGAA,The Best Gingerbread man Cookies | Eggless Gingerbread cookies,Sweet & Spicy,https://www.youtube.com/watch?v=QNqFE4FqGAA,54201,840,20191215,gingerbread cookie recipe,,,0
-O6adV91_2w,Soft Brown Butter Snickerdoodles ♡ Bake With Me,a little calm,https://www.youtube.com/watch?v=-O6adV91_2w,54141,2604,20250818,snickerdoodle recipe,description,,12
YpPKhgIwmik,Nutella Stuffed Cookies,RecipeTin Eats,https://www.youtube.com/watch?v=YpPKhgIwmik,54059,666,20241122,nutella cookie recipe,description,,10
poMEdOKNJa8,Double Chocolate Crinkle Cookies | Sally's Baking,Sally's Baking Recipes,https://www.youtube.com/watch?v=poMEdOKNJa8,53694,286,20211117,crinkle cookie recipe,recipe_page,https://sallysbakingaddiction.com/double-chocolate-crinkle-cookies/,12
6CNyqeyEDiY,Vegan Chocolate Cookies Recipe (Gluten-Free),Heartful Table,https://www.youtube.com/watch?v=6CNyqeyEDiY,53677,1418,20220303,gluten free cookie recipe,recipe_page,https://bit.ly/3tijdkc,11
V1ha1_EcUSA,Stop sleeping on Chinese Almond Cookies,sheldo's kitchen,https://www.youtube.com/watch?v=V1ha1_EcUSA,53234,2853,20250326,almond cookie recipe,description,,12
Htl5x4KjW7o,S’mores Cookie Bars | Sally's Baking,Sally's Baking Recipes,https://www.youtube.com/watch?v=Htl5x4KjW7o,52920,573,20210825,s'mores cookie recipe,recipe_page,https://sallysbakingaddiction.com/smore-cookie-bars/,10
Ot9ILB2Oxro,The Very Best Snickerdoodle Recipe | Cupcake Jemma,CupcakeJemma,https://www.youtube.com/watch?v=Ot9ILB2Oxro,52689,1683,20231116,snickerdoodle recipe,description,,10
_JCVoCDf9ME,Salted Caramel Cookies ♡ Bake with me,Bakesbynat,https://www.youtube.com/watch?v=_JCVoCDf9ME,52107,2509,20260512,salted caramel cookie recipe,description,,17
fOK4gSBORwk,How to Make Soft n Chewy VEGAN Chocolate Chip Cookies,Divas Can Cook,https://www.youtube.com/watch?v=fOK4gSBORwk,52076,2607,20180405,vegan cookie recipe,recipe_page,http://divascancook.com/soft-vegan-chocolate-chip-cookies-recipe/,10
0cOLgI0t2D0,"2-Ingredient Vegan Cookies, Gluten-Free, No Sugar, No Flour, No Oil, No Banana 🤯 vegan recipes",Epic Mint Leaves,https://www.youtube.com/watch?v=0cOLgI0t2D0,52013,1639,20221207,vegan cookie recipe,,,0
QLW1SBSpwgI,How To Make Sugar Cookies With Royal Icing | SUGAR COOKIES | ROYAL ICING,Macho Recipes,https://www.youtube.com/watch?v=QLW1SBSpwgI,51845,1010,20230623,sugar cookie icing recipe,,,0
GTuAYSEsjcc,5 Gluten Free Cookie Recipes,The Cooking Foodie,https://www.youtube.com/watch?v=GTuAYSEsjcc,51707,1592,20210619,gluten free cookie recipe,,,0
rtQpR7eFnCk,Double Chocolate Chip Cookies | Sally's Baking,Sally's Baking Recipes,https://www.youtube.com/watch?v=rtQpR7eFnCk,51574,414,20221007,double chocolate cookie recipe,recipe_page,https://sallysbakingaddiction.com/double-chocolate-chip-cookies-recipe/,11
XjjsfCsVKgo,Michelin chefs blind taste vegan chocolate chip cookies,Ecotarian Eats,https://www.youtube.com/watch?v=XjjsfCsVKgo,51464,2761,20250913,vegan cookie recipe,recipe_page,https://www.pickuplimes.com/recipe/the-best-chocolate-chip-cookies-1437,10
zXroEDFmbRA,30 Forgotten Christmas Cookies Grandma Made (That We Want Back),Vintage Lifestyle USA,https://www.youtube.com/watch?v=zXroEDFmbRA,51152,937,20251119,christmas cookie recipe,,,0
w9Xh2id3DGs,Brown Butter Oatmeal Chocolate Chip Cookies,RecipeTin Eats,https://www.youtube.com/watch?v=w9Xh2id3DGs,50905,517,20230421,oatmeal chocolate chip cookie recipe,recipe_page,https://www.recipetineats.com/brown-butter-oatmeal-choc-chip-cookies/,9
3YM3iEqYYAk,M&Ms Cookies Recipe Demonstration - Joyofbaking.com,Joy of Baking,https://www.youtube.com/watch?v=3YM3iEqYYAk,50558,1309,20210311,m&m cookie recipe,,,0
HaTBvyB1FVU,MELT IN YOUR MOUTH BUTTER COOKIES | GLUTEN FREE BUTTER COOKIES | LIGHT & CRISPY | EASY RECIPE 🍪😋💕,Huda Khan,https://www.youtube.com/watch?v=HaTBvyB1FVU,50393,950,20200613,gluten free cookie recipe,,,0
PtIkop7qQ_c,Greek Tahini Cookies (Vegan),Dimitra's Dishes,https://www.youtube.com/watch?v=PtIkop7qQ_c,50293,1764,20220324,vegan cookie recipe,description,,10
C9R6S5ORAuI,Lemon Meltaway Cookies Made with REAL Lemons,Sugar Spun Run,https://www.youtube.com/watch?v=C9R6S5ORAuI,50019,2066,20231214,lemon cookie recipe,description,,8
B819L2d7LEU,Crumbl Salted Caramel Cheesecake Cookie Copycat Recipe,Cooking with Karli,https://www.youtube.com/watch?v=B819L2d7LEU,49258,2030,20210525,salted caramel cookie recipe,,,0
uG23CvyvLMQ,Pumpkin Cheesecake Cookies | How Tasty Channel,How Tasty,https://www.youtube.com/watch?v=uG23CvyvLMQ,48975,1265,20221014,pumpkin cookie recipe,recipe_page,https://www.how-tasty.com/pumpkin-cheesecake-cookies/,20
ARUQGoSntek,Levain Bakery Copycat Chocolate Chip Cookies,MODERN HONEY by Melissa Stadler,https://www.youtube.com/watch?v=ARUQGoSntek,48462,760,20220307,levain style cookie recipe,recipe_page,https://www.modernhoney.com/levain-bakery-chocolate-chip-crush-cookies/,11
odkxPi0My4M,How To Make ALMOND COOKIES Like a Pastry Chef | A Sicilian Tradition,Vincenzo's Plate,https://www.youtube.com/watch?v=odkxPi0My4M,48372,1464,20231216,almond cookie recipe,description,,6
pBG5LiYISKc,The Best Red Velvet Cookies | Soft and Chewy,The Cooking Foodie,https://www.youtube.com/watch?v=pBG5LiYISKc,47951,1058,20260122,red velvet cookie recipe,description,,11
8ookQfchqfU,White Chocolate Macadamia Nut Cookies | Sally's Baking,Sally's Baking Recipes,https://www.youtube.com/watch?v=8ookQfchqfU,47604,340,20211117,white chocolate macadamia cookie recipe,recipe_page,https://sallysbakingaddiction.com/super-chunk-white-chocolate-macadamia-nut-cookies/,11
z4EVmRHvSFI,EASY M&M COOKIES RECIPE,SimpleCookingChannel,https://www.youtube.com/watch?v=z4EVmRHvSFI,47472,1838,20161104,m&m cookie recipe,description,,6
u7vGxfM2kkk,"SMORES COOKIES | ooey, gooey, cookie recipe",Clean & Delicious,https://www.youtube.com/watch?v=u7vGxfM2kkk,46357,2249,20221209,s'mores cookie recipe,description,,3
EHdbCB4GdGU,Perfect Vegan Chocolate Chip Cookies - Hot Chocolate Hits,Hot Chocolate Hits,https://www.youtube.com/watch?v=EHdbCB4GdGU,46018,1665,20210326,vegan cookie recipe,,,0
vFgQq-y9p7w,Chewiest Chocolate Oatmeal Cookies | Anna Olson Recipe,Oh Yum with Anna Olson,https://www.youtube.com/watch?v=vFgQq-y9p7w,45615,2092,20260117,oatmeal chocolate chip cookie recipe,description,,13
TOPRGf3aWV0,White Chocolate Stuffed NYC Cookies ♡ Bake With Me,a little calm,https://www.youtube.com/watch?v=TOPRGf3aWV0,45355,2094,20260318,stuffed cookie recipe,description,,15
YDYrWWdDyuc,BAKERS SECRET to perfect Lemon Crinkle Cookies!,The Scran Line,https://www.youtube.com/watch?v=YDYrWWdDyuc,44437,1099,20220809,crinkle cookie recipe,recipe_page,https://thescranline.com/lemon-crinkle-cookies/,10
jzfMVoRqMBs,Quick & Easy Small Batch Chocolate Chip Cookies - Ready in No Time!,One Dish Kitchen,https://www.youtube.com/watch?v=jzfMVoRqMBs,44396,1001,20231027,cookie recipe easy homemade,description,,10
7YPplQm9OJ8,"How softened butter, melted butter, and browned butter affect chocolate chip cookies",Flouring Kitchen,https://www.youtube.com/watch?v=7YPplQm9OJ8,44349,1352,20241224,brown butter cookie recipe,,,0
RubJ8JsIkX0,S'mores Cookie Recipe,Recipes by Carina,https://www.youtube.com/watch?v=RubJ8JsIkX0,44231,1127,20191125,s'mores cookie recipe,description,,11
qhdNzr92Bl0,Easy Lemon Cookies (Buttery & Lightly Crispy!),Pastry Living with Aya,https://www.youtube.com/watch?v=qhdNzr92Bl0,43840,1297,20240522,lemon cookie recipe,recipe_page,https://pastryliving.com/lemon-shortbread-cookies/,7
mHgbURA2GVs,Soft & Chewy Cranberry White Chocolate Cookies 🐞| คุกกี้แครนเบอร์รี่ไวท์ช็อกโกแลต |#softcookies,Cookies and Cravings,https://www.youtube.com/watch?v=mHgbURA2GVs,43032,1049,20220112,cranberry white chocolate cookie recipe,,,0
QVlCYStM7f8,SECRETLY Vegan Chocolate Chip Cookies | Gluten Free!,The Banana Diaries,https://www.youtube.com/watch?v=QVlCYStM7f8,42826,925,20220218,vegan cookie recipe,recipe_page,https://thebananadiaries.com/simple-vegan-chocolate-chip-cookies/,10
ogJeLou4AgE,Brown Butter Sea Salt Cookie Recipe,Chef Tips,https://www.youtube.com/watch?v=ogJeLou4AgE,42807,643,20130322,brown butter cookie recipe,recipe_page,https://cookingsessions.com/brown-butter-sea-salt-cookie-recipe/,7
MWsWlX8tDyU,NYC Red Velvet Cookie,Savor Easy,https://www.youtube.com/watch?v=MWsWlX8tDyU,42654,997,20250326,red velvet cookie recipe,description,,13
vg7Y3lNl7fo,S'mores Cookies: A Camp Fire Favorite Turned into a Cookie,Sugar Spun Run,https://www.youtube.com/watch?v=vg7Y3lNl7fo,42633,1319,20220721,s'mores cookie recipe,description,,14
ZEIyBOc603A,How to Make Coconut Cookies,Sugar Spun Run,https://www.youtube.com/watch?v=ZEIyBOc603A,42415,1083,20200406,coconut cookie recipe,description,,12
TrD7IjSsGHc,The Best Snickerdoodle Cookies Recipe,The Cooking Foodie,https://www.youtube.com/watch?v=TrD7IjSsGHc,42384,877,20241113,snickerdoodle recipe,description,,9
JNkeVwEcHPc,White Chocolate Macadamia Nut Cookies,A Quarter Baked,https://www.youtube.com/watch?v=JNkeVwEcHPc,42122,1687,20210326,white chocolate macadamia cookie recipe,,,0
EVJC3An7dYU,Soft Chocolate Chip Cookies｜Apron,Apron,https://www.youtube.com/watch?v=EVJC3An7dYU,42050,1850,20240808,soft cookie recipe,,,0
jzYQPSXc8y4,THE BEST VEGAN SUGAR COOKIES RECIPE EVER - No vegan butter - One Bowl - Quick & Easy,The Vegan Twins,https://www.youtube.com/watch?v=jzYQPSXc8y4,41953,966,20181217,vegan cookie recipe,description,,8
GRtobaCDRY4,3-Ingredient Butter Cookies That Melt in Your Mouth,Baking Bestie Karina,https://www.youtube.com/watch?v=GRtobaCDRY4,41843,656,20260728,butter cookie recipe,description,,3
mLrnzVzZm6U,Chewy and Buttery Cookies Loaded with White Chocolate!,Sugar Spun Run,https://www.youtube.com/watch?v=mLrnzVzZm6U,41817,1214,20230724,white chocolate macadamia cookie recipe,description,,10
_ELYxef74FI,Soft Strawberry Cheesecake Matcha Cookies 🍓 Bake With Me,a little calm,https://www.youtube.com/watch?v=_ELYxef74FI,41562,1830,20250418,matcha cookie recipe,description,,11
7nKsUs_HswE,Pumpkin Spice S'mores Cookies Recipe with Toasted Meringue Topping | Cupcake Jemma,CupcakeJemma,https://www.youtube.com/watch?v=7nKsUs_HswE,41377,1985,20221110,pumpkin cookie recipe,description,,19
gl9M-nffYXI,ALMOND COOKIES / Biscuits by (YES I CAN COOK),Yes I Can Cook,https://www.youtube.com/watch?v=gl9M-nffYXI,41320,860,20210911,almond cookie recipe,,,0
ONiCo3kWQA4,Matcha Checkerboard Cookies 🏁 step-by-step cozy baking at home,teak & thyme,https://www.youtube.com/watch?v=ONiCo3kWQA4,40962,1604,20251214,matcha cookie recipe,description,,8
WVDMj48FG78,Christmas Cookies | How To Make Red Velvet Cookies #MrMakeItHappen,Mr. Make It Happen,https://www.youtube.com/watch?v=WVDMj48FG78,40815,1990,20211223,red velvet cookie recipe,description,,13
33r4sixGObI,Chocolate Thumbprint Cookies Recipe,The Cooking Foodie,https://www.youtube.com/watch?v=33r4sixGObI,39274,1292,20231127,thumbprint cookie recipe,description,,11
bNLZxnawUDQ,Scottish Shortbread Cookie Recipe||Homemade||Easy Recipe,Bake with Funmi,https://www.youtube.com/watch?v=bNLZxnawUDQ,39260,545,20230810,shortbread cookie recipe,,,0
5vH5fhyreyU,Matcha White Chocolate Cookies – Bruno Albouze,Bruno Albouze,https://www.youtube.com/watch?v=5vH5fhyreyU,39218,1430,20220219,matcha cookie recipe,,,0
gJNhwWYBk-s,Softest Sugar Cookies ♡ Bake With Me,a little calm,https://www.youtube.com/watch?v=gJNhwWYBk-s,39124,2008,20260211,sugar cookie recipe,description,,11
hrR0S1U8pPw,Soft Ginger Cookies Recipe,Cooking with Shirani,https://www.youtube.com/watch?v=hrR0S1U8pPw,39046,722,20181019,gingerbread cookie recipe,description,,12
yhtp9YAkgdM,Oatmeal Cookies | Gluten Free | How Tasty Channel,How Tasty,https://www.youtube.com/watch?v=yhtp9YAkgdM,38940,836,20220902,gluten free cookie recipe,recipe_page,https://www.how-tasty.com/oatmeal-cookies-gluten-free/,10
8PVQVxu_nFM,The PERFECT M&M COOKIES!! HOW TO MAKE?!!,Snackaholic,https://www.youtube.com/watch?v=8PVQVxu_nFM,38871,359,20201110,m&m cookie recipe,,,0
z_p3Nw39T3g,Italian Lemon Twist Cookies! | Day 3 of 12 Days of Christmas Cookies!!,Just Add More Butter,https://www.youtube.com/watch?v=z_p3Nw39T3g,38497,766,20221203,christmas cookie recipe,description,,7
8d_b0SbWYsA,Martha Stewarts Chewy Chocolate Ginger-Molasses Cookies | Martha Bakes Recipes,Martha Stewart,https://www.youtube.com/watch?v=8d_b0SbWYsA,38463,1075,20220223,molasses cookie recipe,,,0
QuXtb8mijtM,CRUMBL Sugar Cookies,Chef Meow,https://www.youtube.com/watch?v=QuXtb8mijtM,38336,1263,20230110,sugar cookie recipe,description,,10
sA2t7OBl18Q,White Chocolate Chip Cranberry Macadamia Cookies - Honeysuckle,Honeysuckle,https://www.youtube.com/watch?v=sA2t7OBl18Q,37984,1231,20141221,cranberry white chocolate cookie recipe,description,,12
6kNAaV5p5ek,Authentic Chinese Almond Cookies Recipe,Tasty Dumpling Living,https://www.youtube.com/watch?v=6kNAaV5p5ek,37581,652,20220303,almond cookie recipe,description,,10
PV63cBkQzJk,Soft Brown Butter Oatmeal Chocolate Chip Cookies ♡ Bake With Me,a little calm,https://www.youtube.com/watch?v=PV63cBkQzJk,37437,1789,20250716,brown butter cookie recipe,description,,10
P2vcrBaEYyg,How to Make Chocolate Chip Oatmeal Cookies | Allrecipes.com,Allrecipes,https://www.youtube.com/watch?v=P2vcrBaEYyg,37351,337,20120525,oatmeal chocolate chip cookie recipe,,,0
QiyNO3CTqa4,"Almond Tahini Cookies (Oil-Free, GF & Vegan)",Tasty Thrifty Timely,https://www.youtube.com/watch?v=QiyNO3CTqa4,37281,2092,20250427,vegan cookie recipe,description,,11
1_Y474X7G5k,Easy Thumbprint Cookie Recipe | Christmas Cookies!,Tatyana's Everyday Food,https://www.youtube.com/watch?v=1_Y474X7G5k,36734,655,20241213,thumbprint cookie recipe,recipe_page,https://tatyanaseverydayfood.com/thumbprint-cookies-recipe/,15
Vx2PVWAVAEc,"Red Velvet Cookies | Simple, Easy, Delicious",Neurotic Mom Bakes,https://www.youtube.com/watch?v=Vx2PVWAVAEc,36425,828,20220224,red velvet cookie recipe,description,,12
qOgFpkrKrAw,Soft Strawberry Cheesecake Stuffed Sugar Cookies ♡ Bake With Me,a little calm,https://www.youtube.com/watch?v=qOgFpkrKrAw,36317,1995,20250619,stuffed cookie recipe,description,,13
lIksaxgAdyw,Fluffy Biscoff S'more Chocolate Chip Cookies ♡ Bake With Me,a little calm,https://www.youtube.com/watch?v=lIksaxgAdyw,36258,1504,20260703,s'mores cookie recipe,description,,19
jg9bKmXYKNg,How To Make Melt In Your Mouth CRISPY BUTTER COOKIES!,Cooking At Pam's Place,https://www.youtube.com/watch?v=jg9bKmXYKNg,35961,1429,20191015,butter cookie recipe,description,,5
lHUeomPs5vY,"PERFECT Butterscotch Crinkle Cookies! Soft, Chewy & Yummy | Happy Baking with Erin Jeanne McDowell",Erin Jeanne McDowell,https://www.youtube.com/watch?v=lHUeomPs5vY,35917,2166,20241214,crinkle cookie recipe,description,,12
HjUV_N8Sbo0,How to Make Keto Lemon Cookies The EASY WAY!,Keto Connect,https://www.youtube.com/watch?v=HjUV_N8Sbo0,35840,2275,20200813,lemon cookie recipe,recipe_page,https://www.ketoconnect.net/keto-lemon-cookies/,12
CvemlPvZNTw,Red Velvet Chocolate Chip Cookies | Sally's Baking,Sally's Baking Recipes,https://www.youtube.com/watch?v=CvemlPvZNTw,35729,475,20241206,red velvet cookie recipe,recipe_page,https://sallysbakingaddiction.com/red-velvet-chocolate-chip-cookies/,12
fYRlBnlmf3w,How to make coconut cookies |   Bakery biscuit recipe #biscuit,easy cooking with das,https://www.youtube.com/watch?v=fYRlBnlmf3w,35405,601,20230926,coconut cookie recipe,description,,4
oAbLkMiS2Cc,THE BEST CHEWY OATMEAL RAiSiN COOKIE RECiPE EVER 😊,Just the Bells 10,https://www.youtube.com/watch?v=oAbLkMiS2Cc,35028,2122,20250128,oatmeal raisin cookie recipe,description,,9
lQ6ITxbwdts,Ginger Cookies | Perfect cookies for Christmas,Hanbit Cho,https://www.youtube.com/watch?v=lQ6ITxbwdts,34989,1406,20221216,gingerbread cookie recipe,,,0
ZWuJsDfpnVo,3 ingredient Butter Cookies | Melt In Your Mouth | Quick & Easy Eggless Recipe,Macho Recipes,https://www.youtube.com/watch?v=ZWuJsDfpnVo,34865,681,20250503,butter cookie recipe,,,0
C2_GITDKV00,The Best Amaretti Cookies: A Italian Almond Christmas Cookie Recipe,Just One Donna,https://www.youtube.com/watch?v=C2_GITDKV00,34752,,20231206,almond cookie recipe,description,,4
Q5ziLwW8fpU,White Chocolate Macadamia Nut Cookies | Easy & Delicious Holiday Baking,The Domestic Geek,https://www.youtube.com/watch?v=Q5ziLwW8fpU,34508,1615,20211216,white chocolate macadamia cookie recipe,recipe_page,https://thedomesticgeek.com/white-chocolate-macadamia-nut-cookies/,10
OBDqHubV6iQ,Emergency Peanut Butter Cookies | Gluten Free,Kevin Lee Jacobs ,https://www.youtube.com/watch?v=OBDqHubV6iQ,34072,1284,20200211,gluten free cookie recipe,description,,3
jVhqV1f2rJE,Soft and Chewy Peanut Butter Cookies - Just 3 Ingredients,Food How,https://www.youtube.com/watch?v=jVhqV1f2rJE,34031,527,20250505,peanut butter cookie recipe,recipe_page,https://foodhow.com/soft-and-chewy-peanut-butter-cookies-3-ingredients/,3
3NW_r8J5jWA,The BEST Ginger Molasses  Cookies,Mrs Kringle's Kitchen,https://www.youtube.com/watch?v=3NW_r8J5jWA,33794,,20161204,molasses cookie recipe,,,0
9AwVYhIXzXE,Chocolate Crinkle Cookies that are like Biting into a Brownie,Sugar Spun Run,https://www.youtube.com/watch?v=9AwVYhIXzXE,33722,1394,20241205,crinkle cookie recipe,description,,11
mrLxtfbJ1RY,How To Make White Chocolate Chip Macadamia Nut Cookies,Sugar Spun Run,https://www.youtube.com/watch?v=mrLxtfbJ1RY,33507,791,20200123,white chocolate macadamia cookie recipe,description,,12
N0f7uhMGn54,Melt-In-Your-Mouth Italian Lemon / Limoncello Amaretti - Almond Cookies (e87),Nonna Mia!,https://www.youtube.com/watch?v=N0f7uhMGn54,33437,1078,20210709,almond cookie recipe,description,,4
q5VXaGTOFqY,Extra Crackly CHOCOLATE CRINKLE COOKIES,sheldo's kitchen,https://www.youtube.com/watch?v=q5VXaGTOFqY,33434,1700,20211215,chocolate crinkle cookies,description,,13
N-w0hC88Tho,4 Ingredient Chocolate Crinkle Cookies - Cake Mix Cookies Recipe,Super Easy Recipes,https://www.youtube.com/watch?v=N-w0hC88Tho,33404,426,20210327,crinkle cookie recipe,recipe_page,https://www.livingonadime.com/cake-mix-cookies-recipe/,1
6OMd33dYcXw,Glazed Lemon Knot Cookies - Mary'sKitchenMtl,Mary'sKitchenMtl,https://www.youtube.com/watch?v=6OMd33dYcXw,33282,783,20210412,lemon cookie recipe,description,,4
Hxa8sl5lZ08,Salted Caramel Chocolate Chip Cookies #GrandbabyCakes,grandbabycakes,https://www.youtube.com/watch?v=Hxa8sl5lZ08,33046,1004,20210602,salted caramel cookie recipe,recipe_page,https://grandbaby-cakes.com/salted-caramel-chocolate-chip-cookies/,14
v8Qb1JpdMV8,"Bakery-Style GLUTEN FREE CHOCOLATE CHIP COOKIES 𑗅 Soft, Chewy, & Not Gritty!",Mamagourmand,https://www.youtube.com/watch?v=v8Qb1JpdMV8,32830,718,20250310,gluten free cookie recipe,,,0
kfWXeyriteA,How to Make Espresso Chocolate Chunk Cookies | Java Chip Cookie Recipe | Hosted at Home,Allrecipes,https://www.youtube.com/watch?v=kfWXeyriteA,32625,890,20201212,espresso chocolate cookie recipe,,,0
AUuNk0k5tRA,White Chocolate Chip Cranberry Cookies | Sally's Baking,Sally's Baking Recipes,https://www.youtube.com/watch?v=AUuNk0k5tRA,32297,302,20220217,cranberry white chocolate cookie recipe,recipe_page,https://sallysbakingaddiction.com/soft-baked-white-chocolate-chip-cranberry-cookies/,11
CAF_Pcacpsg,Crispy Almond Cookies Recipe | Easy & Delicious Homemade Treat,GreyPot,https://www.youtube.com/watch?v=CAF_Pcacpsg,32290,272,20250115,almond cookie recipe,,,0
xaqpecGU1Wk,Chewy Coconut Cookies Recipe,Bake That!,https://www.youtube.com/watch?v=xaqpecGU1Wk,32246,865,20210614,coconut cookie recipe,description,,9
-NFf0tyNhhA,Easy Nutella Stuffed Chocolate Chip Cookies,Sugar Geek Show,https://www.youtube.com/watch?v=-NFf0tyNhhA,32111,991,20211118,nutella cookie recipe,description,,10
yiRcSRDXPpY,Ree Drummond's S'mores Cookies | The Pioneer Woman | Food Network,Food Network,https://www.youtube.com/watch?v=yiRcSRDXPpY,31973,687,20221124,s'mores cookie recipe,description,,14
fB7THSIkkn0,The Cookies I Can't Stop Making and People Won't Believe You Made!,Andrew Bernard | The Nard Dog Cooks,https://www.youtube.com/watch?v=fB7THSIkkn0,31958,2976,20260809,lemon cookie recipe,recipe_page,https://makeitdairyfree.com/vegan-lemon-blueberry-cookies/,21
C56rkyL5qaI,Why BROWN BUTTER is the ultimate flavor cheat code (& how to bake with it),Sugarologie,https://www.youtube.com/watch?v=C56rkyL5qaI,31940,1912,20241118,brown butter cookie recipe,recipe_page,https://cooking.nytimes.com/recipes/2868-jordan-marshs-blueberry-muffins,10
toZGEK9SFuw,Easy Sugar Cookie ICING Recipe WITHOUT CORN SYRUP (No Meringue Powder Used!),No Frills Kitchen,https://www.youtube.com/watch?v=toZGEK9SFuw,31759,250,20231210,sugar cookie icing recipe,recipe_page,https://nofrillskitchen.com/sugar-cookie-icing-without-corn-syrup/,3
KsaiMZ8iOGU,Butter Cookies ♡ Bake With Me,a little calm,https://www.youtube.com/watch?v=KsaiMZ8iOGU,31742,2142,20251110,butter cookie recipe,description,,9
x49smCh2DBc,Chewy Espresso Chocolate Chip Cookies ♡ Bake With Me,a little calm,https://www.youtube.com/watch?v=x49smCh2DBc,31591,1262,20250624,chewy cookie recipe,description,,11
kjrsWUr0VYs,White Chocolate Cranberry Oatmeal Cookies Recipe,Veronika's Kitchen,https://www.youtube.com/watch?v=kjrsWUr0VYs,31362,539,20200612,cranberry white chocolate cookie recipe,recipe_page,https://veronikaskitchen.com/oatmeal-cookies-with-cranberries-and-white-chocolate/,13
BZdIYz1CknA,Red Velvet Cookie & Cream Cookies ♡ Bake With Me,Pinch Of Warmth,https://www.youtube.com/watch?v=BZdIYz1CknA,31109,1214,20260201,red velvet cookie recipe,description,,16
cmnvje1zSkA,"Chocolate Chip Cookies Recipe 🍪 Chewy, Soft + Gluten free",Becky Excell,https://www.youtube.com/watch?v=cmnvje1zSkA,31061,793,20190428,gluten free cookie recipe,description,,8
G1Z5HTj_vO0,Healthy Molasses Cookies Recipe - Soft and Chewy Molasses Cookies - Healthy Baking Recipe,Mary's Nest,https://www.youtube.com/watch?v=G1Z5HTj_vO0,30923,1906,20201124,molasses cookie recipe,,,0
3Ia5IhOvJdE,The Ultimate Kids friendly Gingerbread Cookies for Christmas/Eggless/Easy for Beginners,COCO-NAHD by Dhan Tandel,https://www.youtube.com/watch?v=3Ia5IhOvJdE,30918,925,20241207,gingerbread cookie recipe,,,0
i-YnGKEP9do,Mikey Madison’s Vegan Chocolate Chip Cookie Recipe Has Me SPEECHLESS,Merle O'Neal,https://www.youtube.com/watch?v=i-YnGKEP9do,30724,2407,20250403,vegan cookie recipe,description,,6
mCrsKB2y1B4,How To Make THE BEST Healthy Oatmeal Raisin Cookies Recipe | ONLY 100 CALORIES,Joe Duff - The Diet Chef,https://www.youtube.com/watch?v=mCrsKB2y1B4,30585,690,20180327,oatmeal raisin cookie recipe,description,,15
nZ4RY-Snn9o,How To Bake Traditional German Christmas Cookies | Easy Christmas Cookie Recipe,DW Food,https://www.youtube.com/watch?v=nZ4RY-Snn9o,30213,505,20201216,christmas cookie recipe,,,0
PmJvdytmMGU,the best chocolate chip cookie recipe - gluten free & vegan!,Alexandra Lourdes,https://www.youtube.com/watch?v=PmJvdytmMGU,30142,892,20220426,gluten free cookie recipe,,,0
-i2sHji5Wfk,Soft Molasses Cookies | Sally's Baking,Sally's Baking Recipes,https://www.youtube.com/watch?v=-i2sHji5Wfk,30061,229,20231219,molasses cookie recipe,recipe_page,https://sallysbakingaddiction.com/soft-molasses-cookies/,14
EJujy3zLn4E,Salted Caramel Cookies | Eggless Cookies Recipe | How To Make Caramel Sauce | Chef Bhumika,Rajshri Food,https://www.youtube.com/watch?v=EJujy3zLn4E,29735,1051,20220227,salted caramel cookie recipe,description,,10
8YLJFN7QKGI,NUTELLA BISCUITS Recipe | Popular Nutella Cookies,Giulia Ardizzone,https://www.youtube.com/watch?v=8YLJFN7QKGI,29518,795,20210107,nutella cookie recipe,description,,6
GfxQ1yylkcI,I made healthier CHOCOLATE CRINKLE COOKIES for the holidays,How To Cook Smarter,https://www.youtube.com/watch?v=GfxQ1yylkcI,29426,1395,20211205,chocolate crinkle cookies,description,,13
K4TUiyhwAYk,Best Sugar Cookie Recipe For Cut Out Cookies,Floury Kitchen,https://www.youtube.com/watch?v=K4TUiyhwAYk,29347,551,20201213,cut out cookie recipe,,,0
w9yX_ZRg-HY,Soft & Chewy Lemon Cookies (Easy! 20 Minutes!),Cookie Dough Diaries,https://www.youtube.com/watch?v=w9yX_ZRg-HY,29217,465,20230518,lemon cookie recipe,,,0
ffV-16CC1Ps,Easy Royal Icing Recipe for Cookie Decorating - LOTS OF TIPS!,Sugar High Score,https://www.youtube.com/watch?v=ffV-16CC1Ps,29108,993,20250926,sugar cookie icing recipe,description,,5
b5j3DV361N4,Thin and chewy chocolate chip cookies | Easy cookie recipe,Cookie Sheets & Sweets,https://www.youtube.com/watch?v=b5j3DV361N4,29076,800,20210915,chewy cookie recipe,description,,10
K0A3MkL39s0,Gingerbread Cookies For Christmas | Gingerbread Man Cookies Recipe | Yummy,Yummy,https://www.youtube.com/watch?v=K0A3MkL39s0,29057,634,20221221,gingerbread cookie recipe,,,0
cYXlJroViqY,White Chocolate Macadmia Nut Cookies,RecipeTin Eats,https://www.youtube.com/watch?v=cYXlJroViqY,28892,240,20190412,white chocolate macadamia cookie recipe,recipe_page,https://www.recipetineats.com/white-chocolate-macadamia-nut-cookies/,11
aQCNweUOqIw,SHORTBREAD COOKIE Walkers Style,Savor Easy,https://www.youtube.com/watch?v=aQCNweUOqIw,28564,1024,20250703,shortbread cookie recipe,description,,5
RtFZvpOX9xI,"Soft, Chewy, Red Velvet Cookies",Sugar Spun Run,https://www.youtube.com/watch?v=RtFZvpOX9xI,28303,800,20210114,red velvet cookie recipe,description,,11
9_y8SaHxWdE,The BEST Snickerdoodles Recipe EVER!,Crazy for Crust,https://www.youtube.com/watch?v=9_y8SaHxWdE,28160,526,20200203,snickerdoodle recipe,description,,10
HFOtB4mDaA8,Salted Caramel Chocolate Chip Cookies Recipe,grandbabycakes,https://www.youtube.com/watch?v=HFOtB4mDaA8,28072,364,20170219,salted caramel cookie recipe,recipe_page,http://www.grandbaby-cakes.com/2015/02/salted-caramel-chocolate-chip-cookies/,14
-PxAx9e8WwQ,Chewy & Soft Vegan Chocolate Chip Cookies (Better Than Tollhouse!),The Banana Diaries,https://www.youtube.com/watch?v=-PxAx9e8WwQ,27959,834,20250403,vegan cookie recipe,recipe_page,https://thebananadiaries.com/simple-vegan-chocolate-chip-cookies/,10
PvA7FmTJAxY,Chewy Molasses Cookies,Gimme Some Oven,https://www.youtube.com/watch?v=PvA7FmTJAxY,27945,288,20180901,molasses cookie recipe,recipe_page,https://www.gimmesomeoven.com/chewy-ginger-molasses-cookies/,11
JlyYW5GQtjA,"Sablé Cookies 🟡🔺🟫 [Lemon, Coffee & Chocolate] Shortbread Cookies Recipe",Spoonful Passion,https://www.youtube.com/watch?v=JlyYW5GQtjA,27926,797,20210924,espresso chocolate cookie recipe,description,,36
Bjpsd7_CVrg,Perfect Oatmeal Raisin Cookies in under 1 Hour (Start-to-Finish),Crazy for Crust,https://www.youtube.com/watch?v=Bjpsd7_CVrg,27920,533,20250421,oatmeal raisin cookie recipe,description,,17
6p1xoM_9-K0,MATCHA SOFT COOKIES Recipe | Crisp outside soft inside matcha flavored with white chocolate cookie,Yeast Mode,https://www.youtube.com/watch?v=6p1xoM_9-K0,27899,438,20240412,matcha cookie recipe,description,,12
NG4wFlPre8U,Soft and Chewy Molasses Cookies | Molasses Crinkle Cookies Recipe 🍂,Marie's Kitchen,https://www.youtube.com/watch?v=NG4wFlPre8U,27654,1282,20260914,molasses cookie recipe,description,,14
cxdd6AoZ8V8,Thick and Chewy Snickerdoodle Cookies,The Anthony Kitchen,https://www.youtube.com/watch?v=cxdd6AoZ8V8,27630,737,20221204,snickerdoodle recipe,description,,9
egUQIaHxIJE,Chewy Single Serve Oatmeal Chocolate Chip Cookie ♡ Bake With Me,a little calm,https://www.youtube.com/watch?v=egUQIaHxIJE,27553,1049,20250617,oatmeal chocolate chip cookie recipe,description,,12
vfj4MIQ_aOU,Lemon Cookies Recipe | Lemon Thumbprint Cookies,The Cooking Foodie,https://www.youtube.com/watch?v=vfj4MIQ_aOU,27501,1081,20240914,thumbprint cookie recipe,description,,14
GA_wHLW90Ik,Chewy White Chocolate Macadamia Cookies ♡ Bake With Me,a little calm,https://www.youtube.com/watch?v=GA_wHLW90Ik,27458,1450,20260327,white chocolate macadamia cookie recipe,description,,13
Bmazniutay8,Levain Bakery Inspired Chunky Chocolate Chip Cookies Recipe,Buttermilk Pantry,https://www.youtube.com/watch?v=Bmazniutay8,27449,753,20240719,levain style cookie recipe,description,,14
jQLL4hbYpzg,SOFT and CHEWY Snickerdoodle Cookies with NO Cream of Tarter,Sara’s Bites,https://www.youtube.com/watch?v=jQLL4hbYpzg,27325,527,20211208,snickerdoodle recipe,,,0
JXXv3R4-mGE,Cách làm Bánh Quy Marshmallow trong các tiệm cafe | S'mores Cookie Recipe | Lilo Kitchen,Lilo Kitchen,https://www.youtube.com/watch?v=JXXv3R4-mGE,27076,816,20220128,s'mores cookie recipe,description,,40
bPjk-h91vuI,Chewy Sugar Cookies with Fluffy Frosting | Happy Baking with Erin Jeanne McDowell,Erin Jeanne McDowell,https://www.youtube.com/watch?v=bPjk-h91vuI,26701,1476,20250214,sugar cookie icing recipe,description,,13
SQJzZb87LCY,How to Make Salted Caramel Cookies,Imperial Sugar,https://www.youtube.com/watch?v=SQJzZb87LCY,26547,479,20191007,salted caramel cookie recipe,,,0
TBuatp3Ayjo,Ube Crinkle Cookie Recipe That Stays Super Soft!!,Genevieve's Goodies,https://www.youtube.com/watch?v=TBuatp3Ayjo,26462,348,20220308,crinkle cookie recipe,description,,18
aardboWkWiw,Levain Bakery Style Cookies | Easy Cookie Recipe,Gracious Treatz,https://www.youtube.com/watch?v=aardboWkWiw,26325,927,20230414,levain style cookie recipe,description,,10
bpLzsHAOp4M,Easy Cut-Out Chocolate Sugar Cookies | Just 5 Ingredients! | No Spread Cookie Recipe,Cook Me Food,https://www.youtube.com/watch?v=bpLzsHAOp4M,26263,964,20221022,cut out cookie recipe,description,,5
vVifS4UNpBY,Brown Butter Maple Chocolate Chip Cookies 🍂 Bake With Me,a little calm,https://www.youtube.com/watch?v=vVifS4UNpBY,26182,1202,20250806,brown butter cookie recipe,description,,13
6H93WLzTaEk,White Chocolate Chip Cookie Recipe | No Chill Needed,Cook Me Food,https://www.youtube.com/watch?v=6H93WLzTaEk,25987,649,20220820,cookie recipe no chill,description,,10
Ai9OhXq245c,White Chocolate Cranberry Cookies,Entertaining With Beth,https://www.youtube.com/watch?v=Ai9OhXq245c,25913,1317,20231104,cranberry white chocolate cookie recipe,description,,10
DafKLAXOuxI,"Thumbprint Cookies With Dulce de Leche, Nutella or Jam | NYT Cooking",NYT Cooking,https://www.youtube.com/watch?v=DafKLAXOuxI,25777,696,20191208,thumbprint cookie recipe,recipe_page,http://nyti.ms/33Sm5Fz,9
2QE42-TDW90,The Lemon Cookie Recipe Your Family Will Beg You to Make Again,Kitchen in the Shire,https://www.youtube.com/watch?v=2QE42-TDW90,25701,2065,20250529,lemon cookie recipe,,,0
5qNqLIPG2Ag,The BEST Cut-Out Cookies that hold their shape perfectly!,Sugar High Score,https://www.youtube.com/watch?v=5qNqLIPG2Ag,25645,494,20241018,cut out cookie recipe,description,,8
UBX5DOIOaDA,Red Velvet Cookies from Cake Mix (Crumbl inspired) #crumblcookies,Cookin' With Net,https://www.youtube.com/watch?v=UBX5DOIOaDA,25421,853,20230315,red velvet cookie recipe,description,,3
XzlbrwuUAG0,Eclair Stuffed Cookies Recipe by Asad Memon-Food Fusion,Food Fusion,https://www.youtube.com/watch?v=XzlbrwuUAG0,25336,650,20260523,stuffed cookie recipe,,,0
8JE9rfssCmQ,Soft and Chewy Cream Cheese Chocolate Chip Cookies | NO Chill,Cook Me Food,https://www.youtube.com/watch?v=8JE9rfssCmQ,25182,747,20210918,cookie recipe no chill,description,,10
ft-AfnfG7y0,How to make Salted Caramel Cookies Tutorial,Leta Bit Of Everything,https://www.youtube.com/watch?v=ft-AfnfG7y0,25019,423,20150811,salted caramel cookie recipe,description,,11
FTziNR62tAQ,NO CHILL Chocolate Chip Cookie Recipe | New York Style Thick Cookies | No Mixer cookie making,Yeast Mode,https://www.youtube.com/watch?v=FTziNR62tAQ,24882,478,20240129,cookie recipe no chill,description,,10
qdm92ue5rLY,Nutella Stuffed Cookie Pie Recipe (Scoopable Gooey Dessert),MBeeTreats,https://www.youtube.com/watch?v=qdm92ue5rLY,24862,525,20260328,stuffed cookie recipe,,,0
gkjek-1yQFI,BEST EVER S'mores Cookie Bars!,The Scran Line,https://www.youtube.com/watch?v=gkjek-1yQFI,24648,1000,20220924,s'mores cookie recipe,recipe_page,https://thescranline.com/smores-cookie-bars/,14
AHjk3AuIw6Y,How to Make Oatmeal Raisin Cookies | Allrecipes.com,Allrecipes,https://www.youtube.com/watch?v=AHjk3AuIw6Y,24635,295,20120811,oatmeal raisin cookie recipe,,,0
Os_kLv6i1Bw,Brown Butter & Maple Pumpkin Cookies,Butternut Bakery,https://www.youtube.com/watch?v=Os_kLv6i1Bw,24532,677,20200922,pumpkin cookie recipe,recipe_page,https://butternutbakeryblog.com/chewy-pumpkin-cookies/,15
ztxoPdqBZrQ,Viral Scoop Cookies in 15 minutes | Nutella filled cookies| soft gooey & easy cookies!,Homely Monah,https://www.youtube.com/watch?v=ztxoPdqBZrQ,24479,,20260325,nutella cookie recipe,,,0
Q46jtPB5G-c,Red Velvet Cookies Recipe 😍 By Chef Hafsa,Hafsa's Kitchen,https://www.youtube.com/watch?v=Q46jtPB5G-c,24451,772,20250506,red velvet cookie recipe,description,,16
tGHEkU72rfo,Soft Pumpkin Cookies | Melt in Your Mouth Pumpkin Cookies | Gluten Free Option,Molly Thompson,https://www.youtube.com/watch?v=tGHEkU72rfo,24002,465,20210910,pumpkin cookie recipe,description,,15
BhN26ih1F6I,"Chickpea cookies | Vegan, sugar-free, gluten-free",Bubble Green,https://www.youtube.com/watch?v=BhN26ih1F6I,23985,690,20210706,vegan cookie recipe,recipe_page,https://bubblegreen.com/snack/vegan-chickpea-cookies/,10
JdjbkIk1Bg0,How to Make Grandma Ruth's Snickerdoodle Cookies | Cookie Recipes | Allrecipes.com,Allrecipes,https://www.youtube.com/watch?v=JdjbkIk1Bg0,23916,640,20191231,snickerdoodle recipe,,,0
THuzC-X8hLs,"For Real, the BEST (Gluten Free or Not) Chocolate Chip Cookies You'll Ever Have!",Let Them Eat Gluten Free Cake,https://www.youtube.com/watch?v=THuzC-X8hLs,23897,752,20220804,gluten free cookie recipe,recipe_page,https://www.letthemeatgfcake.com/perfect-gluten-free-chocolate-chip-cookies/,9
Hg7aPxo66oI,Classic Butter Cookies | Just 5 Ingredients! | No Mixer Needed,Cook Me Food,https://www.youtube.com/watch?v=Hg7aPxo66oI,23877,521,20221119,butter cookie recipe,description,,5
4psDL1n1vZI,The BEST CHEWY Vanilla Sugar Cookies Recipe!,Seamless Cooking,https://www.youtube.com/watch?v=4psDL1n1vZI,23806,487,20250126,sugar cookie recipe,description,,10
bvwDdTIU54k,Coconut Cookies | Eggless Coconut Cookies Recipe,Spicy Foodz,https://www.youtube.com/watch?v=bvwDdTIU54k,23691,660,20210914,coconut cookie recipe,,,0
WHPMI98h4Bc,Red Velvet Cookies Recipe | Cream Cheese Stuffed | Eggless Bakery Style,easy cooking with das,https://www.youtube.com/watch?v=WHPMI98h4Bc,23668,776,20260210,red velvet cookie recipe,description,,5
uUgV51I5xvM,Make EIGHT different cookies from ONE gluten free cookie dough!,Let Them Eat Gluten Free Cake,https://www.youtube.com/watch?v=uUgV51I5xvM,23541,1125,20221210,gluten free cookie recipe,recipe_page,https://www.letthemeatgfcake.com/gluten-free-cutout-sugar-cookies/,53
ykdUY-MoyoI,How to Make M&M Cookies | TRY THIS RECIPE!,Marie's Kitchen,https://www.youtube.com/watch?v=ykdUY-MoyoI,23314,637,20230223,m&m cookie recipe,,,0
L9TJVwUGiPc,Chewy Chocolate Molasses Cookies with a Ginger Kick!,Glen And Friends Cooking,https://www.youtube.com/watch?v=L9TJVwUGiPc,23229,2657,20260523,molasses cookie recipe,description,,13
zHLJuy0icOk,The Viral S’mores Cookies with Chocolate Chips 🤍 bake with me,Sage bakes,https://www.youtube.com/watch?v=zHLJuy0icOk,23133,629,20250823,s'mores cookie recipe,description,,12
JEJI6QMw4Wk,Levain Bakery Oatmeal Cookies Copycat Recipe || William's Kitchen,William's Kitchen EN,https://www.youtube.com/watch?v=JEJI6QMw4Wk,22774,550,20200124,levain style cookie recipe,description,,12
gPWTEhohhmg,Giant Chocolate Chip M&Ms Cookie Recipe,BakeLikeAPro,https://www.youtube.com/watch?v=gPWTEhohhmg,22669,325,20140131,m&m cookie recipe,,,0
jhoozBD6EaA,"GIANT SINGLE SERVE COOKIE RECIPE (Peanut Butter Cookie , Sugar Cookie & Snickerdoodle)",Leigh Anne Wilkes,https://www.youtube.com/watch?v=jhoozBD6EaA,22532,737,20210806,snickerdoodle recipe,description,,29
ocKoAMFKLdY,Soft Pumpkin Cookies | Sally's Baking,Sally's Baking Recipes,https://www.youtube.com/watch?v=ocKoAMFKLdY,22496,207,20210922,pumpkin cookie recipe,recipe_page,https://sallysbakingaddiction.com/pumpkin-cookies/,19
yfLqT5EtjYw,The Internet’s Favorite Thumbprint Cookie (Here’s Why),Sugar Spun Run,https://www.youtube.com/watch?v=yfLqT5EtjYw,22455,999,20251215,thumbprint cookie recipe,description,,10
Gz3wQJHNfVs,Chocolate Espresso Cookies,Come Sit At My Table,https://www.youtube.com/watch?v=Gz3wQJHNfVs,22420,2355,20230901,espresso chocolate cookie recipe,description,,12
6i2SgiiFkjg,3 Ingredient Butter Cookies - Easy Butter Cookie Recipe,Yummy Kitchen Recipe,https://www.youtube.com/watch?v=6i2SgiiFkjg,21862,245,20201209,butter cookie recipe,description,,3
QpawwP8osT4,Salted Caramel Crunch Cookies,The Novice Chef,https://www.youtube.com/watch?v=QpawwP8osT4,21818,282,20180131,salted caramel cookie recipe,recipe_page,https://thenovicechefblog.com/2017/10/salted-caramel-crunch-cookies/,14
3vA47nuGAxU,We Tried 12 Oatmeal Chocolate Chip Cookie Recipes,The Pancake Princess,https://www.youtube.com/watch?v=3vA47nuGAxU,21255,428,20211018,oatmeal chocolate chip cookie recipe,,,0
lF6iw_IuJo4,Salted Caramel Dark Chocolate Cookies | Sally's Baking,Sally's Baking Recipes,https://www.youtube.com/watch?v=lF6iw_IuJo4,20386,419,20240915,salted caramel cookie recipe,recipe_page,https://sallysbakingaddiction.com/salted-caramel-dark-chocolate-cookies/,13
7gHpTJ6KG90,The Perfect Sugar Cookie Recipe Video,Cooking with Karli,https://www.youtube.com/watch?v=7gHpTJ6KG90,20357,460,20200418,sugar cookie recipe,,,0
uC7NkllZ_XI,M&M Cookie Bars | Sally's Baking,Sally's Baking Recipes,https://www.youtube.com/watch?v=uC7NkllZ_XI,20221,236,20230214,m&m cookie recipe,recipe_page,https://sallysbakingaddiction.com/mm-cookie-bars/,11
5ok0CI-ft2s,White Chocolate Macadamia Nut Cookies,Wyse Guide,https://www.youtube.com/watch?v=5ok0CI-ft2s,20216,703,20160726,white chocolate macadamia cookie recipe,description,,12
zHWGFR_sESs,THUMBPRINT COOKIES - How to make THUMBPRINT COOKIES Recipe,Foods101withDeronda,https://www.youtube.com/watch?v=zHWGFR_sESs,19721,344,20141214,thumbprint cookie recipe,description,,5
uVyTtNZHYTs,CRUMBL Sugar Cookie Recipe Better Than The Original! Copy Cat!,Frannie Jo Savvy Sweet,https://www.youtube.com/watch?v=uVyTtNZHYTs,19396,1193,20250511,sugar cookie recipe,description,,11
TlXidzhdF7s,Easy Lemon Twinkle Cookie Recipe | Bake Along w/ Anna Olson,Oh Yum with Anna Olson,https://www.youtube.com/watch?v=TlXidzhdF7s,19391,965,20250502,lemon cookie recipe,description,,11
krwV1jSdtXU,"Chocolatey, Marshmallowy S'mores Cookies | Recipe Drop | Food52",Food52,https://www.youtube.com/watch?v=krwV1jSdtXU,19368,652,20240705,s'mores cookie recipe,,,0
N9U4y0SoYI0,Healthy Tahini Cookies - No Butter - No Refined Sugar - Tahini Cookies Vegan - Sesame Cookies Recipe,My Ginger Garlic Kitchen Recipes,https://www.youtube.com/watch?v=N9U4y0SoYI0,19341,418,20241125,vegan cookie recipe,description,,8
OBfFdRAkTMg,HOW TO MAKE VIRAL TIKTOK S'MORES COOKIES!,Life With Kiona,https://www.youtube.com/watch?v=OBfFdRAkTMg,19324,732,20230717,s'mores cookie recipe,,,0
qt6BDacdgOk,The Best Ever Salted Caramel Chocolate Chip Cookie Bars,Tastemade,https://www.youtube.com/watch?v=qt6BDacdgOk,19050,572,20190829,salted caramel cookie recipe,,,0
ZrAWip3bYrs,Nutella Cookies | Easy Recipe | Weekly Bakes,Weekly Bakes,https://www.youtube.com/watch?v=ZrAWip3bYrs,18727,566,20201115,nutella cookie recipe,description,,10
mq_720kwc7U,Matcha Green Tea Cookies Recipe - no cutters,Japanese Kitchen by Miss Wagashi,https://www.youtube.com/watch?v=mq_720kwc7U,18700,613,20220430,matcha cookie recipe,description,,5
wc0jaBocpKw,NYC Style Salted Caramel Pecan Chocolate Chip Cookies 🍪,The Chopping Board,https://www.youtube.com/watch?v=wc0jaBocpKw,18640,483,20250511,salted caramel cookie recipe,description,,14
rJlBEOePKHw,Butter Cookies,U-Taste,https://www.youtube.com/watch?v=rJlBEOePKHw,18626,672,20231031,butter cookie recipe,,,0
gH-2hKoiAb4,Coconut Lovers… This Cookie Recipe Will Blow Your Mind! 🍪,Spice Bangla,https://www.youtube.com/watch?v=gH-2hKoiAb4,18604,846,20251114,coconut cookie recipe,recipe_page,https://www.spicebangla.com/coconut-cookies/,9
ChGae7mosdU,VEGAN MATCHA COOKIES | Easy No Mixer Cookie Recipe,Chef Atulya,https://www.youtube.com/watch?v=ChGae7mosdU,18399,640,20210528,matcha cookie recipe,recipe_page,https://chefatulya.com/vegan-matcha-cookies-easy-no-mixer-cookie-recipe/,13
OX05WBd3QxY,How to Make Double Chocolate Chip Cookies,Sugar Spun Run,https://www.youtube.com/watch?v=OX05WBd3QxY,18375,449,20200323,double chocolate cookie recipe,description,,12
95AeavxF0Es,Salted Caramel Chocolate Chip Cookies | Sally's Baking,Sally's Baking Recipes,https://www.youtube.com/watch?v=95AeavxF0Es,18366,139,20200512,salted caramel cookie recipe,recipe_page,https://sallysbakingaddiction.com/salted-caramel-chocolate-chip-cookies/,12
BqmpaRNRpGw,THE BEST ITALIAN COOKIES: SOFT LEMON COOKIES,An italian in my Kitchen,https://www.youtube.com/watch?v=BqmpaRNRpGw,18286,311,20220707,lemon cookie recipe,description,,8
-sJyC7Ajqns,The BEST healthy oatmeal chocolate-chip cookies,Chelsea,https://www.youtube.com/watch?v=-sJyC7Ajqns,18261,159,20170820,oatmeal chocolate chip cookie recipe,recipe_page,https://www.chelseasmessyapron.com/the-best-healthy-oatmeal-chocolate-chip-cookies/,13
YHFwyJr8z3A,FUDGY No Chill Vegan Double Chocolate Chip Cookies,The Banana Diaries,https://www.youtube.com/watch?v=YHFwyJr8z3A,18201,489,20230630,double chocolate cookie recipe,recipe_page,https://thebananadiaries.com/vegan-double-chocolate-chip-cookies/,11
UD3Z1_D6Q-I,How to Make Pumpkin Cookies,Better Homes and Gardens,https://www.youtube.com/watch?v=UD3Z1_D6Q-I,18083,312,20131023,pumpkin cookie recipe,,,0
tfsj2zvHYAk,Soft Pumpkin Pie Cookies ♡ Bake With Me,a little calm,https://www.youtube.com/watch?v=tfsj2zvHYAk,18077,1045,20251121,pumpkin cookie recipe,description,,19
KR1kBbcAccA,Why stuffed cookies can be tricky (and how to fix them),Sugarologie,https://www.youtube.com/watch?v=KR1kBbcAccA,17768,1113,20251114,stuffed cookie recipe,,,0
BCGVSqsO_vo,Perfect Peanut Butter Crinkle Cookies,Sugar Spun Run,https://www.youtube.com/watch?v=BCGVSqsO_vo,17717,808,20221222,peanut butter cookie recipe,description,,11
KwDG9b26FRY,Best Almond Cookies Recipe - No Flour Just Almonds,Food How,https://www.youtube.com/watch?v=KwDG9b26FRY,17658,65,20250516,almond cookie recipe,recipe_page,https://foodhow.com/almond-cookies-with-almond-meal/,8
19bOhdiL40c,6 Gluten Free Cookie Recipes,Full Kitchen,https://www.youtube.com/watch?v=19bOhdiL40c,17566,,20230121,gluten free cookie recipe,,,0
aaCQc0_g9Jw,Snickerdoodles | Betty Crocker Recipe,Betty Crocker,https://www.youtube.com/watch?v=aaCQc0_g9Jw,17518,142,20180913,snickerdoodle recipe,recipe_page,https://www.bettycrocker.com/recipes/snickerdoodles/7ffc92a9-d847-4869-9ecb-99de3b751b14,10
KPCvbYbiE-I,"Chewy AND Crunchy Molasses Spice Cookies, a secret ingredient that friends will beg to know.",Kitchen in the Shire,https://www.youtube.com/watch?v=KPCvbYbiE-I,17280,830,20230321,molasses cookie recipe,description,,14
xmezhYnp7_M,MATCHA OVERLOAD COOKIES RECIPE,Lutong Tinapay,https://www.youtube.com/watch?v=xmezhYnp7_M,17161,324,20230717,matcha cookie recipe,description,,12
WbVJMME-hcg,DOUBLE CHOCOLATE CHIP COOKIE | NYC style Thick and No-Chill Cookie recipe,Yeast Mode,https://www.youtube.com/watch?v=WbVJMME-hcg,16679,,20250303,double chocolate cookie recipe,description,,11
hUgT_LeR4Ck,Butter Cookies Recipe | Classic Homemade Recipe | Melt in Your Mouth Bakery Style,Macho Recipes,https://www.youtube.com/watch?v=hUgT_LeR4Ck,16653,462,20251213,butter cookie recipe,,,0
1qihqL6q83c,The Perfect Cookie for Fall: Brown Butter Snickerdoodles,Sugar Spun Run,https://www.youtube.com/watch?v=1qihqL6q83c,16616,1049,20250922,snickerdoodle recipe,description,,12
rBpzxNHRuv0,Homemade Vanilla Almond Cookies Recipe - Perfect for Any Occasion!,Alessandras Food is Love,https://www.youtube.com/watch?v=rBpzxNHRuv0,16609,549,20211220,almond cookie recipe,description,,9
gSF7_44vRq4,Brown Butter Pumpkin Oatmeal Cookies | Sally's Baking,Sally's Baking Recipes,https://www.youtube.com/watch?v=gSF7_44vRq4,16500,231,20221006,pumpkin cookie recipe,recipe_page,https://sallysbakingaddiction.com/brown-butter-pumpkin-oatmeal-cookies/,17
XHb576I-IkI,The Best Brown Butter Chocolate Chip Cookies | How Tasty Channel,How Tasty,https://www.youtube.com/watch?v=XHb576I-IkI,16402,321,20251003,brown butter cookie recipe,recipe_page,https://www.how-tasty.com/brown-butter-chocolate-chip-cookies/,12
_JqXMf5eBTc,The Perfect Valentine's Day Treat: Red Velvet Cookies Recipe,All Wings Everything,https://www.youtube.com/watch?v=_JqXMf5eBTc,16305,632,20240212,red velvet cookie recipe,description,,12
A7V1f6sRMiE,S'mores Chocolate Chip Cookies | Sally's Baking,Sally's Baking Recipes,https://www.youtube.com/watch?v=A7V1f6sRMiE,16097,163,20210827,s'mores cookie recipe,recipe_page,https://sallysbakingaddiction.com/smores-chocolate-chip-cookies/,13
p18LMfrSteA,"BEST Oatmeal Raisin Cookies | Classic, Chewy, Delicious! 😍",Marie's Kitchen,https://www.youtube.com/watch?v=p18LMfrSteA,16084,1239,20260410,oatmeal raisin cookie recipe,description,,11
wPYeUVwzVRA,How to make Chunky Salted Caramel stuffed Chocolate Chip Cookies | NYC Style | Recipe,Bailey's Bakes,https://www.youtube.com/watch?v=wPYeUVwzVRA,15988,432,20241227,stuffed cookie recipe,description,,36
eHRuXGP1nEs,Flourless Crispy Almond Cookies Recipe | ShareTheCook,SharetheCook,https://www.youtube.com/watch?v=eHRuXGP1nEs,15919,312,20240812,almond cookie recipe,,,0
mUKcvpJ0ZnA,"GLUTEN-FREE SUGAR COOKIES are this easy? Yep! 𑗅 No-Fail, Cut-Out Holiday Recipe",Mamagourmand,https://www.youtube.com/watch?v=mUKcvpJ0ZnA,15863,359,20241209,gluten free cookie recipe,,,0
-ThtlIL06HE,Lemon Cheesecake Cookies 🍋 bake with me,Sage bakes,https://www.youtube.com/watch?v=-ThtlIL06HE,15757,935,20260414,lemon cookie recipe,description,,16
jGNDKT1cAik,How to Make S'mores Cookies,Bigger Bolder Baking with Gemma Stafford,https://www.youtube.com/watch?v=jGNDKT1cAik,15655,689,20250501,s'mores cookie recipe,description,,9
3_VL0y-3C4c,Brown Butter Salted Caramel Chocolate Chunk Cookies,Cloudy Kitchen,https://www.youtube.com/watch?v=3_VL0y-3C4c,15628,230,20220130,salted caramel cookie recipe,recipe_page,https://cloudykitchen.com/blog/brown-butter-salted-caramel-chocolate-chunk-cookies/,13
2VncWOAl3_s,Cookie Monster Cookie Dough Stuffed Cookies ♡ Bake With Me,Pinch Of Warmth,https://www.youtube.com/watch?v=2VncWOAl3_s,15557,651,20250818,stuffed cookie recipe,description,,12
zoH2QuNicuw,Best M&M Chocolate Chip Cookies Recipe (Soft and Chewy),Cara's Recipes,https://www.youtube.com/watch?v=zoH2QuNicuw,15547,226,20211202,m&m cookie recipe,recipe_page,https://www.kindlyunspoken.com/mm-chocolate-chip-cookies/,9
Ur1SmD57MqU,Molasses Cookies | Chewy Molasses Cookie Recipe | Old Fashioned Molasses Cookie,In The Kitchen With Dinah,https://www.youtube.com/watch?v=Ur1SmD57MqU,15433,567,20231114,molasses cookie recipe,description,,12
fA7l_9o3cnk,Double Chocolate Cookies | How Tasty Channel,How Tasty,https://www.youtube.com/watch?v=fA7l_9o3cnk,15402,456,20250912,double chocolate cookie recipe,recipe_page,https://www.how-tasty.com/double-chocolate-cookies/,12
o9ramfA-7pY,BEST SNICKERDOODLE RECIPE EVER,MODERN HONEY by Melissa Stadler,https://www.youtube.com/watch?v=o9ramfA-7pY,15236,188,20211110,snickerdoodle recipe,recipe_page,https://www.modernhoney.com/the-best-snickerdoodle-cookie-recipe/,10
-ABWQg2JHEE,Ready in Just 10 Minutes! Lemon Cookies for Tea and Coffee!,Sweet baking recipes,https://www.youtube.com/watch?v=-ABWQg2JHEE,15185,677,20260723,lemon cookie recipe,,,0
RIZcIc5MUUs,Chewy Molasses Cookies - Recipe Video,Kuma's Kitchen - Fusion recipes by Kevin Riley,https://www.youtube.com/watch?v=RIZcIc5MUUs,15171,371,20180516,molasses cookie recipe,,,0
IvaZYNtS_8c,Matcha White Chocolate Cookie Recipe | Soft & Chewy,BakeItRateIt,https://www.youtube.com/watch?v=IvaZYNtS_8c,14996,284,20251029,matcha cookie recipe,description,,12
WXxK-zVcdWw,"the best ever, soft molasses cookies",ASHLYN CARTER,https://www.youtube.com/watch?v=WXxK-zVcdWw,14923,492,20211105,molasses cookie recipe,recipe_page,https://sallysbakingaddiction.com/soft-molasses-cookies/,14
xErPvKXdHio,Cutout Sugar Cookies,"Life, Love and Sugar",https://www.youtube.com/watch?v=xErPvKXdHio,14921,186,20181128,cut out cookie recipe,recipe_page,https://www.lifeloveandsugar.com/2015/12/03/cutout-sugar-cookies/,7
MbJMhpkYqwk,White Chocolate Chip Macadamia Nut Cookies -- The Frugal Chef,The Frugal Chef,https://www.youtube.com/watch?v=MbJMhpkYqwk,14650,406,20141028,white chocolate macadamia cookie recipe,description,,12
CXPc_uR0TwA,Gooey Brown Butter S’mores Cookie Bars 🍫 Cozy Baking,moonie bakie,https://www.youtube.com/watch?v=CXPc_uR0TwA,14601,682,20260328,s'mores cookie recipe,description,,20
Xnp8RML4wng,"Chocolate Crinkle Cookies: Rich, Fudgy with Soft-Baked Center & Crackled Texture | Cooking with Kurt",Cooking with Kurt,https://www.youtube.com/watch?v=Xnp8RML4wng,14565,406,20210515,chocolate crinkle cookies,,,0
0caNmar_k04,Old Fashioned Soft Molasses Cookies Recipe,Beverly Black,https://www.youtube.com/watch?v=0caNmar_k04,14507,523,20211217,molasses cookie recipe,description,,11
UgBQeJmX1VA,Matcha Chocolate Chip Cookies Recipe,The Cooking Foodie,https://www.youtube.com/watch?v=UgBQeJmX1VA,14471,504,20221125,matcha cookie recipe,description,,9
clDc5fRXV0U,Bakery-Style Snickerdoodle Cookies | Best Recipe! 🏆,Marie's Kitchen,https://www.youtube.com/watch?v=clDc5fRXV0U,14324,1243,20260711,snickerdoodle recipe,description,,12
pksPxP35-yc,Red Velvet Cookies | Cupcake Jemma NYC Cookies Recipe Test#6,Javaria's Test Kitchen,https://www.youtube.com/watch?v=pksPxP35-yc,14122,183,20210217,red velvet cookie recipe,,,0
VKFZwfRxFOw,The Most Amazing Almond Cookie Recipe!,School of Wok,https://www.youtube.com/watch?v=VKFZwfRxFOw,13991,441,20210707,almond cookie recipe,,,0
SFJ9Vtc6PNE,The Best Soft Snickerdoodle Cookie Recipe,xtine cuisine,https://www.youtube.com/watch?v=SFJ9Vtc6PNE,13844,417,20240915,snickerdoodle recipe,,,0
zMPKe3FJS2E,How to Make the *Best* Cake Mix Crinkle Cookies,Unfussy Kitchen,https://www.youtube.com/watch?v=zMPKe3FJS2E,13799,197,20201020,crinkle cookie recipe,,,0
q8IXzjOYi6Y,Salted Caramel Chocolate Chip Cookie Bars,Brown Eyed Baker,https://www.youtube.com/watch?v=q8IXzjOYi6Y,13718,290,20171128,salted caramel cookie recipe,,,0
DYvs2uf-qyM,Grandma's SECRET Ingredient: Nostalgic Oatmeal Raisin Cookie Recipe!,Kitchen in the Shire,https://www.youtube.com/watch?v=DYvs2uf-qyM,13534,780,20240902,oatmeal raisin cookie recipe,description,,10
KIVgPQpMym0,Double Chocolate Espresso Cookies,Food52,https://www.youtube.com/watch?v=KIVgPQpMym0,13498,248,20180720,espresso chocolate cookie recipe,description,,10
Mkc-cauLEOU,"The BEST S’mores Cookies Recipe | Soft, Gooey & Loaded",Island Vibe Cooking,https://www.youtube.com/watch?v=Mkc-cauLEOU,13466,678,20260117,s'mores cookie recipe,description,,8
6bssusoeuZE,Easy Homemade Soft Chewy White Chocolate Macadamia Nut Cookies Recipe,In The Kitchen With Matt,https://www.youtube.com/watch?v=6bssusoeuZE,13396,396,20200730,white chocolate macadamia cookie recipe,description,,10
QUptFQYc3Ow,Almond Cookies | BETTER THAN ANY STORE BOUGHT GUARANTEED!! | 1000 SUBS HUGE GIVEAWAY!!,Hawaii's Pickle Lady,https://www.youtube.com/watch?v=QUptFQYc3Ow,13360,864,20201223,almond cookie recipe,,,0
dLT-shzFoMg,This Chocolate Sugar Cookie Recipe is TRULY NO SPREAD |Make Perfect Circle Sugar Cookies to Decorate,Sweet Dreams Bake Shoppe,https://www.youtube.com/watch?v=dLT-shzFoMg,13233,538,20230105,cut out cookie recipe,recipe_page,https://www.thecookiecountess.com/blogs/recipes-and-tutorials/chocolate-cookie-recipe,10
jzKvU_PAWqc,ITALIAN ALMOND COOKIES (RICCIARELLI),Inside The Rustic Kitchen,https://www.youtube.com/watch?v=jzKvU_PAWqc,13171,209,20210628,almond cookie recipe,description,,5
b1-ps9XFSxk,White Chocolate & Cranberry Cookie,Savor Easy,https://www.youtube.com/watch?v=b1-ps9XFSxk,13076,643,20230317,cranberry white chocolate cookie recipe,description,,9
_TnrNuJmiEI,Chocolate Crinkle Cookies | How Not to Mess Up Cookies | Food Network,Food Network,https://www.youtube.com/watch?v=_TnrNuJmiEI,12923,407,20211203,chocolate crinkle cookies,description,,11
pwfNuzHN6V0,S’mores Cookies Recipe 💕,Osli Gomez ,https://www.youtube.com/watch?v=pwfNuzHN6V0,12840,395,20250816,s'mores cookie recipe,description,,10
ahAf4uQBnhM,"Chunky, gooey, chewy, chocolatey and delicious. My take on Levain Bakery famous cookies.",Cooking with Paul,https://www.youtube.com/watch?v=ahAf4uQBnhM,12781,433,20210524,levain style cookie recipe,description,,11
yeTa6tqlcPw,The EASIEST Matcha Cookies | Tasty Recipe,Imanisserie,https://www.youtube.com/watch?v=yeTa6tqlcPw,12682,244,20201125,matcha cookie recipe,description,,8
zC8OeWIlnVQ,Red Velvet Cake Mix Cookies Recipe!,Dished,https://www.youtube.com/watch?v=zC8OeWIlnVQ,12664,158,20210604,red velvet cookie recipe,description,,4
3luf2ZmFu8Y,Oatmeal raisin cookies. Super chewy,Moz&Miel,https://www.youtube.com/watch?v=3luf2ZmFu8Y,12660,297,20220817,oatmeal raisin cookie recipe,,,0
JPVScKOlWn8,The BEST M&M Cookie Recipe On YouTube 🍪 (Kid APPROVED ✅),Marie's Kitchen,https://www.youtube.com/watch?v=JPVScKOlWn8,12421,223,20210320,m&m cookie recipe,,,0
v6do0nIKUiU,S’mores… But Make Them Cookies,Sugar Spun Run,https://www.youtube.com/watch?v=v6do0nIKUiU,12284,627,20260504,s'mores cookie recipe,description,,14
NVf9Sq5dtHs,Raspberry Almond Shortbread Thumbprint Cookies,Cooking Classy,https://www.youtube.com/watch?v=NVf9Sq5dtHs,12156,243,20171125,thumbprint cookie recipe,recipe_page,https://www.cookingclassy.com/raspberry-almond-shortbread-thumbprint-cookies/,9
9kZRa1Nm2WA,THE ONLY Oatmeal Raisin Cookies You'll Ever Need! | Crispy Oatmeal Raisin Cookies,How to Make Dinner,https://www.youtube.com/watch?v=9kZRa1Nm2WA,12085,349,20211104,oatmeal raisin cookie recipe,recipe_page,https://howtomakedinner.com/blog/crispy-oatmeal-raisin-cookies/,11
19Orl0rPPE8,MATCHA COOKIES | How to Make Matcha Cookies with White Chocolate Chips | Ep. 72 | Mortar and Pastry,Mortar and Pastry,https://www.youtube.com/watch?v=19Orl0rPPE8,12078,228,20181213,matcha cookie recipe,description,,10
NhzAR0I9rn8,NYC Style Stuffed Cookies ♡ Bake With Me,Pinch Of Warmth,https://www.youtube.com/watch?v=NhzAR0I9rn8,11898,286,20251111,stuffed cookie recipe,description,,23
85-yIutHM2o,NO BUTTER - Vegan Chocolate Crinkle Cookies | Holiday Cookies,YdaJun's Plant-based Kitchen,https://www.youtube.com/watch?v=85-yIutHM2o,11824,445,20201219,chocolate crinkle cookies,description,,12
l7GJK-6etPc,Buttery Jam Thumbprint Cookies,Chew Out Loud,https://www.youtube.com/watch?v=l7GJK-6etPc,11787,103,20171206,thumbprint cookie recipe,recipe_page,https://www.chewoutloud.com/buttery-jam-thumbprint-cookies/,7
WOk9ngAvRrk,Soft Gingerbread Cookies,Together to Eat,https://www.youtube.com/watch?v=WOk9ngAvRrk,11725,295,20221102,gingerbread cookie recipe,recipe_page,https://www.togethertoeat.com/soft-gingerbread-cookies/,9
GEibZYl49tA,ESPRESSO COOKIES | Espresso Chocolate Chip Cookies,YSG Kitcheneria,https://www.youtube.com/watch?v=GEibZYl49tA,11705,285,20201020,espresso chocolate cookie recipe,description,,10
ELLxdFyAH7g,ALL the Fall Flavor WITHOUT Pumpkin: Pumpkin Spice Cookies,Sugar Spun Run,https://www.youtube.com/watch?v=ELLxdFyAH7g,11675,672,20250929,pumpkin cookie recipe,description,,11
q96ite9kubM,The BEST CHEWY Lemon Sugar Cookies Recipe!,Seamless Cooking,https://www.youtube.com/watch?v=q96ite9kubM,11675,394,20240525,lemon cookie recipe,description,,12
Lf_gzFQS6sw,Chocolate Crinkles | Betty Crocker Recipe,Betty Crocker,https://www.youtube.com/watch?v=Lf_gzFQS6sw,11521,85,20181010,chocolate crinkle cookies,recipe_page,https://www.bettycrocker.com/recipes/chocolate-crinkles/941e22b3-9a48-4fb1-bdb0-27479e76d484,9
fwQYkHofK0I,How to Make Salted Caramel-Chocolate-Pecan Cookies | Cookie Recipes | Allrecipes.com,Allrecipes,https://www.youtube.com/watch?v=fwQYkHofK0I,11513,452,20180403,salted caramel cookie recipe,,,0
FdHFJ7tTfEw,Lemon Thumbprint Cookies | Sally's Baking,Sally's Baking Recipes,https://www.youtube.com/watch?v=FdHFJ7tTfEw,11480,245,20240801,thumbprint cookie recipe,recipe_page,https://sallysbakingaddiction.com/lemon-thumbprint-cookies/,13
QgZZ7TYENx0,What's the Best Thickness for Sugar Cookies?,Lolly's Home Kitchen,https://www.youtube.com/watch?v=QgZZ7TYENx0,11452,325,20220919,cut out cookie recipe,,,0
fkQXmJnoI64,EASY THUMBPRINT COOKIES | Jam or Chocolate Filled!,Weekend at the Cottage,https://www.youtube.com/watch?v=fkQXmJnoI64,10965,143,20191124,thumbprint cookie recipe,recipe_page,https://weekendatthecottage.com/easy-thumbprint-cookies/,11
79A8O9AYbjI,🍪 Cookie Pie with Nutella! Simple and quick recipe!,Bake Tasty Cake,https://www.youtube.com/watch?v=79A8O9AYbjI,10942,264,20250601,nutella cookie recipe,description,,8
LwnsjYDLqlY,Lemon Shortbread Recipe | Simple Lemon Cookies From-Scratch,The Fed Up Foodie,https://www.youtube.com/watch?v=LwnsjYDLqlY,10827,242,20230406,lemon cookie recipe,recipe_page,https://www.thefedupfoodie.com/lemon-shortbread-cookies/,8
1Dn20BaG2r0,Salted Caramel Chocolate Chip Cookies ♡ Bake With Me,Pinch Of Warmth,https://www.youtube.com/watch?v=1Dn20BaG2r0,10721,479,20251116,salted caramel cookie recipe,description,,10
IDrafo3S5TU,Vegan Starbucks Style Matcha Latte & Matcha Cream Cookies 🍵 Sugar-free plant based recipes!,The Whole Food Plant Based Cooking Show,https://www.youtube.com/watch?v=IDrafo3S5TU,10720,608,20211204,matcha cookie recipe,recipe_page,https://plantbasedcookingshow.com/2021/12/04/matcha-latte-matcha-cream-cookies,20
YQTmnZEYo0E,How to Make Chocolate Crinkle Cookies,Sugar Spun Run,https://www.youtube.com/watch?v=YQTmnZEYo0E,10708,299,20181217,chocolate crinkle cookies,description,,11
NNlx9CYmQxo,The Trick to Soft Gluten Free Cookies Everyone Asks About,Let Them Eat Gluten Free Cake,https://www.youtube.com/watch?v=NNlx9CYmQxo,10522,343,20241204,gluten free cookie recipe,recipe_page,https://www.letthemeatgfcake.com/gluten-free-cut-out-sugar-cookies/,14
oRUeo0lPmsQ,Perfect Brown Butter Chocolate Chip Cookies Recipe,The Scran Line Everyday,https://www.youtube.com/watch?v=oRUeo0lPmsQ,10419,175,20240816,brown butter cookie recipe,recipe_page,https://thescranline.com/brown-butter-chocolate-chip-cookies/,12
jc6vHqTopm0,CRANBERRY WHITE CHOCOLATE CHIP COOKIES,Irene Magazine,https://www.youtube.com/watch?v=jc6vHqTopm0,10336,232,20200510,cranberry white chocolate cookie recipe,description,,11
U-GnSt2d_II,Easy and chewy vegan matcha cookie recipe! | The Chestnut Bakery,Maiko | The Chestnut Bakery,https://www.youtube.com/watch?v=U-GnSt2d_II,10335,203,20220518,vegan cookie recipe,recipe_page,https://thechestnutbakery.com/vegan-matcha-cookies/,11
fbN6MJSSd6Q,Brownie Stuffed New York Style Cookies / Brookies ♡ Bake With Me,Pinch Of Warmth,https://www.youtube.com/watch?v=fbN6MJSSd6Q,10304,512,20250901,stuffed cookie recipe,,,0
HuMb0P_qbpM,OATMEAL CHOCOLATE CHIP COOKIES,YSG Kitcheneria,https://www.youtube.com/watch?v=HuMb0P_qbpM,10225,187,20210223,oatmeal chocolate chip cookie recipe,description,,10
J-CIzD2XGSI,Perfect Chocolate Crinkle Cookies | The Ultimate Holiday Treat!,Macho Recipes,https://www.youtube.com/watch?v=J-CIzD2XGSI,10202,314,20241222,crinkle cookie recipe,,,0
9NanNX_RJok,NUTELLA COOKIES RECIPE 4 INGREDIENTS | EASY NUTELLA COOKIES,Efe Food Kitchen,https://www.youtube.com/watch?v=9NanNX_RJok,10190,1107,20210805,nutella cookie recipe,,,0
wwm4yCvsFQg,Chewy Pumpkin Cookies Recipe,El Mundo Eats,https://www.youtube.com/watch?v=wwm4yCvsFQg,10062,295,20230930,pumpkin cookie recipe,,,0
2O2BTk1Kq4M,Molasses Cookies w/Homemade Molasses | Read the Description for Details,Lovina Zook,https://www.youtube.com/watch?v=2O2BTk1Kq4M,10054,1106,20250622,molasses cookie recipe,,,0
LN6q4LU0UsE,Soft Red Velvet Cookies With Cream Cheese Frosting | Crumbl Copycat Red Velvet Cupcake Cookie |,The Chopping Board,https://www.youtube.com/watch?v=LN6q4LU0UsE,9998,293,20250105,red velvet cookie recipe,description,,17
Ea-K8TbS83I,Cheesecake cookies | Baking stuffed cookies at home,Anna Grihp,https://www.youtube.com/watch?v=Ea-K8TbS83I,9997,798,20250814,stuffed cookie recipe,recipe_page,https://sugarpursuit.com/cheesecake-cookies/,12
NhWjKdpOKz8,Dark Chocolate Salted Caramel Cookies | Homemade Cookie Recipe by Forkly,Forkly,https://www.youtube.com/watch?v=NhWjKdpOKz8,9971,31,20171025,salted caramel cookie recipe,,,0
muxNkFYp1ew,The BEST Classic Gingerbread Cookies You'll Ever Bake (Soft & Tender),The Daily Bake,https://www.youtube.com/watch?v=muxNkFYp1ew,9941,441,20251207,gingerbread cookie recipe,,,0
XIVAJUbRk6k,Super Soft Molasses Cookies!,Beyond the Butter,https://www.youtube.com/watch?v=XIVAJUbRk6k,9883,84,20221012,molasses cookie recipe,description,,10
0Q0hKl05TdI,The Best Gluten Free Chocolate Chip Cookie Recipe,Bob's Red Mill,https://www.youtube.com/watch?v=0Q0hKl05TdI,9656,131,20191204,gluten free cookie recipe,recipe_page,https://www.bobsredmill.com/recipes/how-to-make/chocolate-chip-cookies-gluten-free-2,10
OapdCtjKvOk,Coconut Cookies Recipe | Simple And Delicious!,Spicy Foodz,https://www.youtube.com/watch?v=OapdCtjKvOk,9600,252,20251202,coconut cookie recipe,,,0
sxxIWNaKglg,"Chocolate Crinkle Cookies – Soft, Fudgy & So Easy!",Spice Bangla,https://www.youtube.com/watch?v=sxxIWNaKglg,9537,238,20251202,crinkle cookie recipe,recipe_page,https://www.spicebangla.com/chocolate-crinkle-cookies/,9
YUGPIOiIu4A,Soft and Chewy Oatmeal Raisin Cookies | Oatmeal Cookies Recipe,Regester For Dinner,https://www.youtube.com/watch?v=YUGPIOiIu4A,9467,94,20211008,oatmeal raisin cookie recipe,description,,13
EzzPyybSvsM,S'mores Cookies Recipe (Indoor Smores!),Crazy for Crust,https://www.youtube.com/watch?v=EzzPyybSvsM,9177,196,20220509,s'mores cookie recipe,description,,12
npbw5-3449g,Best S’mores Chocolate Chip Cookies | Cozy Fall Baking 🍂🍫,moonie bakie,https://www.youtube.com/watch?v=npbw5-3449g,9123,396,20250910,s'mores cookie recipe,description,,4
ndhHqoY4kdE,"The Only Stuffed Cookie Recipe You Need — Eggless, Wholewheat, Different Fillings",Vanilla Trails,https://www.youtube.com/watch?v=ndhHqoY4kdE,9059,384,20260713,stuffed cookie recipe,description,,15
bo2LkoVJQqw,BEST EVER Double Chocolate Chip Cookies,Crazy for Crust,https://www.youtube.com/watch?v=bo2LkoVJQqw,8956,197,20211220,double chocolate cookie recipe,description,,10
KLdqfTM6Hdo,Double Chocolate Chip Cookies | Fudgy Chocolate Cookies Recipe | Spicy Foodz,Spicy Foodz,https://www.youtube.com/watch?v=KLdqfTM6Hdo,8837,225,20260407,double chocolate cookie recipe,,,0
d5IxRDWZSUI,"Ultimate Gluten-Free Chocolate Chip Cookies | Easy, Chewy, and Delicious Recipe!",Kaitlyn Taylor,https://www.youtube.com/watch?v=d5IxRDWZSUI,8811,334,20200913,gluten free cookie recipe,description,,8
DVlhqdRXe8Y,How to Make Espresso Chocolate Chip Cookies (from Broma Bakery),eatsbyrachel,https://www.youtube.com/watch?v=DVlhqdRXe8Y,8791,146,20211119,espresso chocolate cookie recipe,,,0
Ia4FzGRwXRk,Soft CUT OUT Christmas Sugar Cookies - perfect every time! | The Recipe Rebel,Ashley . The Recipe Rebel,https://www.youtube.com/watch?v=Ia4FzGRwXRk,8761,150,20211201,cut out cookie recipe,description,,11
VL_3BGAIO5c,NY style white chocolate chip cookies with caramel! Easy stuffed cookie recipe,Cookie Sheets & Sweets,https://www.youtube.com/watch?v=VL_3BGAIO5c,8643,202,20211112,stuffed cookie recipe,description,,10
CpijZK1vs-0,how to make coffee walnut chocolate chip cookies - easy recipe with Coffee Friend (ad),Maverick Baking,https://www.youtube.com/watch?v=CpijZK1vs-0,8603,462,20220628,espresso chocolate cookie recipe,description,,12
_6ciwmZyPPs,These S’mores Cookies Are INSANE.,The apron,https://www.youtube.com/watch?v=_6ciwmZyPPs,8596,449,20260514,s'mores cookie recipe,,,0
RUji1zZDyjM,How to make Matcha Cookies 〜抹茶クッキー〜  | easy Japanese home cooking recipe,Taiji ́s Kitchen,https://www.youtube.com/watch?v=RUji1zZDyjM,8570,347,20241221,matcha cookie recipe,,,0
JvuKyo8vrc4,Indulge in the Best Gluten-Free Italian Almond Lemon Cookies Ever! (Racciarelli) -TKFoodie.com,TAYLOR KITCHEN,https://www.youtube.com/watch?v=JvuKyo8vrc4,8473,37,20231013,lemon cookie recipe,,,0
wlWqRfo618g,How to Make Chocolate Crinkles Cookies | Easy Crinkle Cookie Recipe,In The Kitchen With Matt,https://www.youtube.com/watch?v=wlWqRfo618g,8439,245,20190914,crinkle cookie recipe,description,,9
NV3sD4hjXrs,"The MOST Perfect Chocolate Chip Cookies! Crunchy Outside, Soft & Chewy Inside!",Black Cat Kitchen,https://www.youtube.com/watch?v=NV3sD4hjXrs,8423,228,20230202,chewy cookie recipe,description,,10
9kC2FtzrDR4,Gluten Free Chocolate Chip Cookies,Iowa Girl Eats,https://www.youtube.com/watch?v=9kC2FtzrDR4,8318,131,20221208,gluten free cookie recipe,description,,8
mX6e2p-9I-I,Recipe of the Day: S'mores Cookie Crumble Bars | Food Network,Food Network,https://www.youtube.com/watch?v=mX6e2p-9I-I,8304,152,20170826,s'mores cookie recipe,description,,8
Sz7EcrRqT8w,Easy Chocolate Crinkle Cookies | Mary Cookhouse,MARY COOKHOUSE,https://www.youtube.com/watch?v=Sz7EcrRqT8w,8295,111,20201212,chocolate crinkle cookies,description,,9
rRLwZMGRk2s,Cranberry-Chocolate Chunk Cookies | Betty Crocker Recipe,Betty Crocker,https://www.youtube.com/watch?v=rRLwZMGRk2s,8263,40,20181205,cranberry white chocolate cookie recipe,recipe_page,https://www.bettycrocker.com/recipes/cranberry-chocolate-chunk-cookies/7edfb21e-bf09-44f3-83aa-53fe08068f6d,5
iX54Fqz67WA,The BEST Brown Butter Double Chocolate Cookies Recipe 🍪,Soph's Goodies,https://www.youtube.com/watch?v=iX54Fqz67WA,8234,389,20260719,double chocolate cookie recipe,description,,11
zvw3ZyqaLPY,Red Velvet Sugar Cookies | No Chill Needed | Small Batch Cookie Recipe,Cook Me Food,https://www.youtube.com/watch?v=zvw3ZyqaLPY,8175,370,20230205,red velvet cookie recipe,description,,10
_OE3riN7C7U,how to make espresso hazelnut chocolate cookies - easy cookie recipe!,Maverick Baking,https://www.youtube.com/watch?v=_OE3riN7C7U,8017,454,20220327,espresso chocolate cookie recipe,description,,7
sbz39zX679U,M&M Chocolate Chip Cookies,Crazy for Crust,https://www.youtube.com/watch?v=sbz39zX679U,7891,106,20210819,m&m cookie recipe,description,,9
m9-jGTk_A7g,How I make White chocolate raspberry cookie ♡,Cookwithshaaa,https://www.youtube.com/watch?v=m9-jGTk_A7g,7883,314,20260510,cranberry white chocolate cookie recipe,description,,10
M3AmJxi1jNA,White Chocolate Macadamia Nut Cookies,Butternut Bakery,https://www.youtube.com/watch?v=M3AmJxi1jNA,7858,192,20210510,white chocolate macadamia cookie recipe,recipe_page,https://butternutbakeryblog.com/white-chocolate-macadamia-nut-cookies/,13
x_Um7tYzq0o,CHEWY Chocolate Chip Cookies | Grandma's Recipe | NO CHILL Needed,Cook Me Food,https://www.youtube.com/watch?v=x_Um7tYzq0o,7686,309,20210522,cookie recipe no chill,description,,8
-anbv9dWW48,Soft and Chewy Cranberry White  Chocolate Chip Cookies,Wholesome Patisserie,https://www.youtube.com/watch?v=-anbv9dWW48,7624,162,20211004,cranberry white chocolate cookie recipe,recipe_page,https://wholesomepatisserie.com/soft-cranberry-white-chocolate-chip-cookies/,11
Ej08-mMXGoA,Oatmeal Cranberry Cookies loaded with PECANS and White Chocolate Chips! 🎁 Holiday Cookie! 🍪,Just Add More Butter,https://www.youtube.com/watch?v=Ej08-mMXGoA,7499,172,20221018,cranberry white chocolate cookie recipe,description,,13
Sh84uqFn2UU,Aunt Kathy's Snickerdoodle Cookies ~ Classic Recipe with Perfect Crackle Top Every Time,The Salted Pepper,https://www.youtube.com/watch?v=Sh84uqFn2UU,7464,337,20251221,snickerdoodle recipe,recipe_page,https://thesaltedpepper.com/snickerdoodle-cookies/,10
K-xrtqqplzU,HOW TO MAKE SOFT AND CHEWY DOUBLE CHOCOLATE CHIP COOKIES,Abby's delights,https://www.youtube.com/watch?v=K-xrtqqplzU,7446,101,20221119,double chocolate cookie recipe,,,0
Td8VfGXUxKE,How to Make White Chocolate Macadamia Cranberry Dreams | Cookie Recipes | Allrecipes.com,Allrecipes,https://www.youtube.com/watch?v=Td8VfGXUxKE,7295,320,20181120,cranberry white chocolate cookie recipe,,,0
Bd3NZyMfHQI,HALLONGROTTOR | Swedish Raspberry Thumbprints,Cecilia Tolone,https://www.youtube.com/watch?v=Bd3NZyMfHQI,7289,394,20220722,thumbprint cookie recipe,description,,6
arfr46_YUy0,S’MORES COOKIES | No-Chill and Thick Style Cookie Recipe,Yeast Mode,https://www.youtube.com/watch?v=arfr46_YUy0,7224,,20250410,cookie recipe no chill,description,,10
QeRHO8uEZiE,Best Crispy Chocolate Chip Oatmeal Cookies,Pinch of Cooking,https://www.youtube.com/watch?v=QeRHO8uEZiE,7193,199,20210624,oatmeal chocolate chip cookie recipe,description,,6
DLcZckV-wNE,Red Velvet + White Chocolate Chip Cookies,Movers and Bakers,https://www.youtube.com/watch?v=DLcZckV-wNE,7106,187,20210116,red velvet cookie recipe,description,,13
J4yIxEdW5vk,Matcha Oreo Chocolate Chip Cookies ♡ Bake With Me,Pinch Of Warmth,https://www.youtube.com/watch?v=J4yIxEdW5vk,7086,309,20251024,matcha cookie recipe,,,0
fJwv_-IjfDU,Gluten Free Oatmeal Cookies | Small Batch Cookie Recipe,Well Fed Baker,https://www.youtube.com/watch?v=fJwv_-IjfDU,7086,120,20240225,gluten free cookie recipe,description,,12
2FLNCGlAqA8,M&M Cookies!,The Cookie Rookie,https://www.youtube.com/watch?v=2FLNCGlAqA8,7059,76,20200307,m&m cookie recipe,description,,9
J_2B6tvzyng,Fresh Ginger Cookies,Culinary.net,https://www.youtube.com/watch?v=J_2B6tvzyng,6997,94,20210803,gingerbread cookie recipe,recipe_page,http://www.culinary.net/index.php/videos/item/1043-fresh-ginger-cookies,10
Ccxz4t2r4KM,Best Homemade Old Fashioned Molasses Cookies,Cooking with the Count,https://www.youtube.com/watch?v=Ccxz4t2r4KM,6975,66,20171212,molasses cookie recipe,,,0
qPr80qu7GpE,Chocolate Kiss Thumbprint Cookie Recipe | Hershey’s Kiss | CHOCOLATE |The Southern Mountain Kitchen,The Southern Mountain Kitchen,https://www.youtube.com/watch?v=qPr80qu7GpE,6969,150,20221217,thumbprint cookie recipe,,,0
WwWSajNe9XQ,Salted Caramel Pecan Chocolate Chip Cookies ♡ Bake With Me,Pinch Of Warmth,https://www.youtube.com/watch?v=WwWSajNe9XQ,6882,305,20260623,salted caramel cookie recipe,description,,14
CPCUa4dfwcw,CHEWY WHITE CHOCOLATE MACADAMIA NUT COOKIES: Easy and phenomenal macadamia nut cookies!,Chef Lindsey Farr,https://www.youtube.com/watch?v=CPCUa4dfwcw,6746,129,20230121,white chocolate macadamia cookie recipe,recipe_page,https://cheflindseyfarr.com/white-chocolate-macadamia-nut-cookies,10
HbkVbwaSbTA,Salted Caramel Cookies | Sundaebake,sundaebake,https://www.youtube.com/watch?v=HbkVbwaSbTA,6743,81,20210718,salted caramel cookie recipe,description,,10
rsrOgqfjWTU,Red Velvet Chocolate Chip Cookies | Eggless Red Velvet Cookies Recipe | Yummy,Yummy,https://www.youtube.com/watch?v=rsrOgqfjWTU,6684,237,20251014,red velvet cookie recipe,,,0
BseQ4P4vLpc,Easy Vegan Strawberry Cookie Recipe | The Chestnut Bakery,Maiko | The Chestnut Bakery,https://www.youtube.com/watch?v=BseQ4P4vLpc,6541,206,20220712,vegan cookie recipe,recipe_page,https://thechestnutbakery.com/easy-vegan-strawberry-cookies/,12
bNiR7OY6s78,Cranberry White Chocolate Shortbread Cookies,Cup of Zest,https://www.youtube.com/watch?v=bNiR7OY6s78,6529,108,20191218,cranberry white chocolate cookie recipe,description,,6
lT4shoPngso,Strawberry Matcha Cookies ♡ Bake With Me,Pinch Of Warmth,https://www.youtube.com/watch?v=lT4shoPngso,6451,151,20251227,matcha cookie recipe,description,,11
3HlIOqJtSbM,Brown butter oatmeal cookie recipe,Probably Worth Sharing with Marko Savic,https://www.youtube.com/watch?v=3HlIOqJtSbM,6449,223,20220315,oatmeal raisin cookie recipe,description,,12
Ugp7nZ9BwjI,Almond Cookies Recipe,Dished,https://www.youtube.com/watch?v=Ugp7nZ9BwjI,6349,54,20210512,almond cookie recipe,description,,10
enQjwxF8ZNE,White Chocolate Chip Cranberry Oatmeal Cookies,holidaykitchen,https://www.youtube.com/watch?v=enQjwxF8ZNE,6336,107,20131002,cranberry white chocolate cookie recipe,description,,10
W2YVAfm2wt4,Crunchy Almond Cookies | Quick and Easy Cookie Recipe | Cooking Sounds,valerie is cooking,https://www.youtube.com/watch?v=W2YVAfm2wt4,6312,155,20211001,almond cookie recipe,description,,9
p7ZHVOs9dtI,This Is the ONLY Double Chocolate Cookie Recipe You’ll Ever Need (Brown Butter Magic) 🍪🔥,Chef Shane Spencer,https://www.youtube.com/watch?v=p7ZHVOs9dtI,6303,532,20250611,double chocolate cookie recipe,description,,10
cBU032Sek-w,These cookies went viral on Instagram! Red Velvet Cookies with Cream Cheese Icing,Anna Marie Eats ,https://www.youtube.com/watch?v=cBU032Sek-w,6255,152,20240617,red velvet cookie recipe,description,,11
TRVQeJ08N8c,Big Peanut Butter Oatmeal Chocolate Chip Cookies Recipe - Ultimate Easy Chewy Loaded Cookie Recipe!,Robyn On The Farm,https://www.youtube.com/watch?v=TRVQeJ08N8c,6186,311,20250121,oatmeal chocolate chip cookie recipe,description,,12
g9SE0gM7tvU,The BEST Soft And Chewy Snickerdoodle Cookies | Pantry Dessert Ideas | Chef James,Chef James Makinson,https://www.youtube.com/watch?v=g9SE0gM7tvU,6162,234,20211116,snickerdoodle recipe,description,,9
jiIuf5Ib1MM,Best White Chocolate Macadamia Nut Cookies 2020 WOW!,My Hungry Family,https://www.youtube.com/watch?v=jiIuf5Ib1MM,6156,118,20200814,white chocolate macadamia cookie recipe,description,,10
fbgloubNUnY,Indulge in Heavenly White Chocolate Cranberry Cookies,Kelvin's Kitchen,https://www.youtube.com/watch?v=fbgloubNUnY,6135,125,20231207,cranberry white chocolate cookie recipe,recipe_page,https://kelvinskitchen.com/recipe/festive-white-chocolate-cranberry-cookies/?rate=1&utm_source=youtube&utm_medium=description&utm_campaign=recipe_rating,11
O4U7GbS5FAk,How to make Chunky NUTELLA Stuffed Chocolate Chip Cookies | NYC Style | Recipe,Bailey's Bakes,https://www.youtube.com/watch?v=O4U7GbS5FAk,6080,173,20250110,nutella cookie recipe,description,,13
BA7V79JDtQw,Healthy Pumpkin Cookies (Oil Free),Tasty Thrifty Timely,https://www.youtube.com/watch?v=BA7V79JDtQw,5994,314,20260920,pumpkin cookie recipe,description,,10
vYLuKd2C3g4,BEST Oatmeal Chocolate Chip Cookies (SO CHEWY!),Scientifically Sweet,https://www.youtube.com/watch?v=vYLuKd2C3g4,5932,67,20250121,oatmeal chocolate chip cookie recipe,recipe_page,https://scientificallysweet.com/chewy-oatmeal-chocolate-chip-cookies/,12
S5xE4kVi2AM,"Soft and Chewy Healthy PUMPKIN COOKIES Recipe (No Refined Sugar, Vegan)",Bonjour Tasty ,https://www.youtube.com/watch?v=S5xE4kVi2AM,5908,381,20251019,pumpkin cookie recipe,description,,12
2tPAaU8WzWw,How to Make Matcha Oreos Recipe - The Boy Who Bakes,The Boy Who Bakes,https://www.youtube.com/watch?v=2tPAaU8WzWw,5853,210,20171014,matcha cookie recipe,,,0
wF46JtQPfRk,Chocolate Chip Caramel Bars will seriously change your life!,iambaker,https://www.youtube.com/watch?v=wF46JtQPfRk,5839,157,20220117,salted caramel cookie recipe,recipe_page,https://iambaker.net/chocolate-chip-caramel-bars/,10
ONVtcGdunz4,Chocolate Crinkle Cookies || Zebra Cookies/ How To Make Chewy Crinkle Cookies/ Sonya's Prep,Sonya's Prep,https://www.youtube.com/watch?v=ONVtcGdunz4,5783,245,20200716,chocolate crinkle cookies,description,,7
VvBHPAjJOHE,EASY NO BAKE 3 Ingredient Lemon Cookies🍋🍪Lightened Up WW Recipe- Weight Watchers lemon cookie recipe,AliciaLynn,https://www.youtube.com/watch?v=VvBHPAjJOHE,5782,299,20230831,lemon cookie recipe,description,,5
VYirBnpuR64,Chocolate Chip M&M Cookies Recipe (Soft & Chewy Bakery Style),MBeeTreats,https://www.youtube.com/watch?v=VYirBnpuR64,5741,110,20251204,m&m cookie recipe,description,,11
l_kjs0pIcbo,Thumbprint Cookies — The Holiday Cookie Everyone Asks For,Kelvin's Kitchen,https://www.youtube.com/watch?v=l_kjs0pIcbo,5730,89,20231226,thumbprint cookie recipe,recipe_page,https://kelvinskitchen.com/recipe/thumbprint-cookies/?rate=1&utm_source=youtube&utm_medium=description&utm_campaign=recipe_rating,8
RHiz6FOCc0k,Low-Carb/Sugar Free White Chocolate Macadamia Nut Cookies,Janet's Delicious Low Carb Kitchen,https://www.youtube.com/watch?v=RHiz6FOCc0k,5727,147,20190504,white chocolate macadamia cookie recipe,recipe_page,http://janetsdeliciouslowcarbkitchen.com/sugar-free-low-carb-white-chocolate-macadamia-cookies/,11
79eF6MKtang,Snickerdoodles Recipe | Jane’s Patisserie,Jane's Patisserie,https://www.youtube.com/watch?v=79eF6MKtang,5701,246,20241007,snickerdoodle recipe,recipe_page,https://www.janespatisserie.com/2024/05/05/snickerdoodles/,11
I7TXBtp_ezM,Double Chocolate Chip Cookies ♡ Bake With Me,Pinch Of Warmth,https://www.youtube.com/watch?v=I7TXBtp_ezM,5641,184,20251128,double chocolate cookie recipe,,,0
3mPnscspziM,Matcha White Chocolate Macadamia Nut Cookies,INDY ASSA,https://www.youtube.com/watch?v=3mPnscspziM,5601,147,20231223,white chocolate macadamia cookie recipe,description,,22
1aEpSOqpNOg,Soft and Chewy White Chocolate Chip Cranberry Cookies,Cook Me Food,https://www.youtube.com/watch?v=1aEpSOqpNOg,5562,173,20230423,cranberry white chocolate cookie recipe,description,,10
j8M3JbYdWzk,The BEST Chewy Chocolate Chip Cookies In Less Than 10 Minutes,Rosie's Kitchen Adventures,https://www.youtube.com/watch?v=j8M3JbYdWzk,5484,283,20220326,cookie recipe no chill,description,,9
Mfby3nFUP9A,The Best Soft Gingerbread Cookies Recipe for Christmas,Food How,https://www.youtube.com/watch?v=Mfby3nFUP9A,5439,162,20241119,gingerbread cookie recipe,recipe_page,https://foodhow.com/soft-gingerbread-cookies-recipe/,11
pFUMHyzx8Pk,Cool Whip Lemon Cookies,Beverly Black,https://www.youtube.com/watch?v=pFUMHyzx8Pk,5439,271,20210614,lemon cookie recipe,,,0
fZmPCkmHcWE,Salted Caramel Pretzel Chocolate Chip Cookies |  Soft & Chewy | #trending #cookies #chewy #soft,The Chopping Board,https://www.youtube.com/watch?v=fZmPCkmHcWE,5298,182,20241123,salted caramel cookie recipe,description,,3
UWllr6ze3eY,I Can't Stop Eating This Vegan Cookie,PlantbasedBrandon,https://www.youtube.com/watch?v=UWllr6ze3eY,5283,737,20250711,vegan cookie recipe,description,,11
uJBWLyBjgWk,"EASY sugar cookie recipe (fast, no chill) | Cut-out cookies | How to make sugar cookies from scratch",Rachel Schulze,https://www.youtube.com/watch?v=uJBWLyBjgWk,5277,117,20241203,cookie recipe no chill,description,,8
Z_pdejEJG-o,BEST Sugar Cookies Recipe - NO CHILL!,Crazy for Crust,https://www.youtube.com/watch?v=Z_pdejEJG-o,5165,154,20200803,cookie recipe no chill,description,,14
ptJbL5kBHKo,QUICK & EASY Molasses Cookies,Whipped,https://www.youtube.com/watch?v=ptJbL5kBHKo,5152,105,20211023,molasses cookie recipe,description,,7
K47EuKffGeE,4 INGREDIENT GLUTEN FREE SUGAR COOKIES | Easy Gluten Free Sugar Cookies,SavorySaver,https://www.youtube.com/watch?v=K47EuKffGeE,5150,156,20221128,gluten free cookie recipe,description,,3
BQm6XSiGuck,Quick And Easy Gingerbread Cookies Recipe,BakeLikeAPro,https://www.youtube.com/watch?v=BQm6XSiGuck,5137,320,20211213,gingerbread cookie recipe,,,0
VYowwrL23jw,Chef Carla Hall shares her cranberry white chocolate oatmeal cookie recipe l GMA,Good Morning America,https://www.youtube.com/watch?v=VYowwrL23jw,5074,46,20221212,cranberry white chocolate cookie recipe,,,0
LwrTgPsTSfk,The Best EGGLESS Brown Butter Chocolate Chip Cookies [ASMR] | How Tasty Channel,How Tasty,https://www.youtube.com/watch?v=LwrTgPsTSfk,4982,151,20260220,brown butter cookie recipe,recipe_page,https://www.how-tasty.com/eggless-brown-butter-chocolate-chip-cookies/,13
muv982IDJQc,How to Make Chocolate Crinkles Cookies,In The Kitchen With Matt,https://www.youtube.com/watch?v=muv982IDJQc,4966,155,20220801,chocolate crinkle cookies,recipe_page,https://www.inthekitchenwithmatt.com/chocolate-crinkles-cookies,10
XG2EsjilE74,Matcha Cookie,Savor Easy,https://www.youtube.com/watch?v=XG2EsjilE74,4952,197,20260429,matcha cookie recipe,description,,12
DxsdBhI5b0c,My Grandma’s Molasses Cookies Recipe | Easy Gingersnaps HEARTHFUL KITCHEN EP. 43,Hearthful Honey,https://www.youtube.com/watch?v=DxsdBhI5b0c,4734,199,20241121,molasses cookie recipe,description,,11
1caQNDhpLyQ,Matcha White Chocolate Cookies Recipe,Eatsbystella,https://www.youtube.com/watch?v=1caQNDhpLyQ,4727,126,20250607,matcha cookie recipe,description,,9
osv-RLPP_vw,Cranberry White Chocolate Cookies | How Tasty Channel,How Tasty,https://www.youtube.com/watch?v=osv-RLPP_vw,4638,120,20251219,cranberry white chocolate cookie recipe,recipe_page,https://www.how-tasty.com/cranberry-white-chocolate-cookies/,11
IbF5h41tHn0,Best cookie recipe - Oatmeal Raisin Cookies,Mrs Brown,https://www.youtube.com/watch?v=IbF5h41tHn0,4573,264,20260210,oatmeal raisin cookie recipe,,,0
yjsLddXKUqs,BEST Thick and Chewy Snickerdoodle Cookies! | The Recipe Rebel,Ashley . The Recipe Rebel,https://www.youtube.com/watch?v=yjsLddXKUqs,4348,64,20211129,snickerdoodle recipe,description,,10
7t9AuFQ3Nvs,White Chocolate Cranberry Cookies Recipe | Easy Cookie Recipes,Mr. B Cooks,https://www.youtube.com/watch?v=7t9AuFQ3Nvs,4337,98,20181205,cranberry white chocolate cookie recipe,,,0
pdPlQe7Bxro,White chocolate chip macadamia nut cookies recipe,Alex and Felix Recipes,https://www.youtube.com/watch?v=pdPlQe7Bxro,4147,66,20151206,white chocolate macadamia cookie recipe,description,,10
odyATbLVs8U,Super Easy Gingerbread Recipe,Bake Play Smile,https://www.youtube.com/watch?v=odyATbLVs8U,4087,28,20191015,gingerbread cookie recipe,recipe_page,https://bakeplaysmile.com/super-easy-gingerbread-recipe/,11
4iYnrcV_Pg4,White Chocolate Macadamia and Cranberry Cookies | Soft and Chewy,Chef Jack Ovens,https://www.youtube.com/watch?v=4iYnrcV_Pg4,3934,226,20200126,white chocolate macadamia cookie recipe,description,,10
0bvCMmkTFnk,Cranberry White Chocolate Shortbread Recipe,Cake Legend,https://www.youtube.com/watch?v=0bvCMmkTFnk,3843,155,20230104,cranberry white chocolate cookie recipe,,,0
wubI94tkZJQ,Chocolate M&M Cookies,Crazy for Crust,https://www.youtube.com/watch?v=wubI94tkZJQ,3829,79,20230320,m&m cookie recipe,recipe_page,https://www.crazyforcrust.com/chocolate-mm-cookies-recipe/,11
Vwla9_bRxPY,My Favorite M&M Cookie Recipe,Sweet Janine's,https://www.youtube.com/watch?v=Vwla9_bRxPY,3808,,20180117,m&m cookie recipe,,,0
WOK2Ynkx0EQ,Monster Espresso Chocolate Chip Cookies,Karen Jones Food & Family,https://www.youtube.com/watch?v=WOK2Ynkx0EQ,3780,413,20230218,espresso chocolate cookie recipe,description,,8
tAA3H04SLas,Chewy Ginger Cookies,Andy's Favorite Recipes,https://www.youtube.com/watch?v=tAA3H04SLas,3742,49,20220726,gingerbread cookie recipe,description,,10
kiMROWwUgJw,How to Make White Chocolate Cranberry Biscotti,Dan Langan,https://www.youtube.com/watch?v=kiMROWwUgJw,3730,75,20161127,cranberry white chocolate cookie recipe,,,0
sSFYyX3dSwU,Melty Peanut Butter Cookies 🍪🤎 So Gooey Inside!,El Mundo Eats,https://www.youtube.com/watch?v=sSFYyX3dSwU,3716,182,20251011,peanut butter cookie recipe,recipe_page,https://www.elmundoeats.com/peanut-butter-chocolate-cookies/,13
hhOiPQgmveU,Recipe Share | Holiday Baking | White Chocolate and Cranberry Cookies,TheQueensCabinet,https://www.youtube.com/watch?v=hhOiPQgmveU,3700,,20181125,cranberry white chocolate cookie recipe,description,,11
ElqJF2kvzPU,Eggless Chocolate Crinkle Cookies | PERFECT CRACKS Every Time | Bakery Style,easy cooking with das,https://www.youtube.com/watch?v=ElqJF2kvzPU,3646,141,20251224,chocolate crinkle cookies,description,,4
8pXdV3RfALk,Oatmeal Chocolate Chip Cookie Bars,Happy Hungry Hijabi,https://www.youtube.com/watch?v=8pXdV3RfALk,3604,69,20231102,oatmeal chocolate chip cookie recipe,,,0
ROl1D1W-aVg,Molasses cookies recipe easy,Cool Taste,https://www.youtube.com/watch?v=ROl1D1W-aVg,3533,122,20160202,molasses cookie recipe,,,0
ZakDzu_2mwI,How to Make the Best Thumbprint Cookies - Easy Jam Cookies,Food Language,https://www.youtube.com/watch?v=ZakDzu_2mwI,3385,116,20231218,thumbprint cookie recipe,,,0
nAw_lb8PSLc,m & m cookies recipe | How to make m&m cookie at home | Homemade m&m cookies,Dessert Katta,https://www.youtube.com/watch?v=nAw_lb8PSLc,3364,44,20220903,m&m cookie recipe,description,,10
ewL4e5qqoEg,Make the BEST matcha cookies! (simple and delicious!!)-instructions in video!!-,cooking and baking !!,https://www.youtube.com/watch?v=ewL4e5qqoEg,3330,,20230629,matcha cookie recipe,,,0
aYhWGyi9cQw,How to make M&M Cookies | Easy and Delicious Recipe,Enzo TVidz,https://www.youtube.com/watch?v=aYhWGyi9cQw,3321,,20241117,m&m cookie recipe,,,0
Z_Hb6-6Vzqs,"White Chocolate, Cranberry & Orange Cookie Recipe",This With Them,https://www.youtube.com/watch?v=Z_Hb6-6Vzqs,3246,61,20130509,cranberry white chocolate cookie recipe,description,,10
TTGIzsy3DTI,Making Levain Bakery Oatmeal Raisin Cookies - Recipe,Tami Dunn,https://www.youtube.com/watch?v=TTGIzsy3DTI,3240,129,20201005,levain style cookie recipe,recipe_page,https://www.modernhoney.com/levain-bakery-oatmeal-raisin-cookies/,13
kohCaHuLd9Y,THE BEST Snickerdoodle Cookies / Old School Recipes #8 / Holiday Recipes,AliciaLynn,https://www.youtube.com/watch?v=kohCaHuLd9Y,3195,124,20191124,snickerdoodle recipe,description,,8
novrPVMJaKQ,How to Make the BEST M&M Cookies,Best Recipes with Sharon,https://www.youtube.com/watch?v=novrPVMJaKQ,3135,64,20190212,m&m cookie recipe,,,0
NpFtIw_2ZVs,Double Chocolate Chip Cookies,Spaceships and Laser Beams,https://www.youtube.com/watch?v=NpFtIw_2ZVs,3133,52,20210605,double chocolate cookie recipe,description,,12
FozaQvr15gg,The BEST EVER S'more Cookie Bars,Happy Hungry Hijabi,https://www.youtube.com/watch?v=FozaQvr15gg,3064,72,20230914,s'mores cookie recipe,,,0
0QsBsEpX3Ts,Easy Homemade Soft Pumpkin Cookies,Cooking with Shirani,https://www.youtube.com/watch?v=0QsBsEpX3Ts,3057,69,20251011,pumpkin cookie recipe,description,,13
Mgo8AR13VUM,White Chocolate Dipped Cranberry Oatmeal Cookies,"Life, Love and Sugar",https://www.youtube.com/watch?v=Mgo8AR13VUM,3004,108,20201116,cranberry white chocolate cookie recipe,recipe_page,https://www.lifeloveandsugar.com/white-chocolate-dipped-cranberry-oatmeal-cookies/,14
Sx8WGLvc9v4,EASY Gluten-Free Classic Peanut Butter Cookies Recipe,Gentle Tummy,https://www.youtube.com/watch?v=Sx8WGLvc9v4,2988,,20230921,gluten free cookie recipe,recipe_page,https://gentletummy.com/gluten-free-peanut-butter-cookies-recipe,9
V3lepBwDCeQ,Salted Caramel Cookies using Homemade Salted Caramel Sauce! ~The PERFECT FALL Cookie~,Morgan's Kitchen,https://www.youtube.com/watch?v=V3lepBwDCeQ,2943,202,20231008,salted caramel cookie recipe,recipe_page,https://bellyfull.net/caramel-sauce-recipe/,6
Z8_2eCOarYg,The Easiest And Best Brown Butter Cookies!,Grandma's Cooking Cuisine,https://www.youtube.com/watch?v=Z8_2eCOarYg,2897,31,20230703,brown butter cookie recipe,description,,9
-LRTOhEj2mA,How to Make Salted Caramel Cookies | Loaded Cookie Recipe,Amoretti Test Kitchen,https://www.youtube.com/watch?v=-LRTOhEj2mA,2890,28,20221011,salted caramel cookie recipe,,,0
hF3wo72ZC-8,These Italian Nutella cookies taste amazing! They just melt in your mouth 🍪,Cookie Corner,https://www.youtube.com/watch?v=hF3wo72ZC-8,2857,116,20251105,nutella cookie recipe,,,0
BzXkf2sBVHo,Christmas Cranberry & White Chocolate Cookies With Linda's Pantry,Linda's Pantry,https://www.youtube.com/watch?v=BzXkf2sBVHo,2855,,20211210,cranberry white chocolate cookie recipe,description,,11
A8CReho8f9M,Pumpkin Spice Latte Cookies (Crumbl-Style) 🍪 bake with me,Sage bakes,https://www.youtube.com/watch?v=A8CReho8f9M,2794,145,20251125,pumpkin cookie recipe,description,,15
Ol1tmgon078,Viral s’mores chocolate chip cookie recipe,My Dominican Recipes,https://www.youtube.com/watch?v=Ol1tmgon078,2766,51,20230713,s'mores cookie recipe,recipe_page,https://breakthrukitchen.com/2023/07/13/the-best-jumbo-smores-chocolate-chip-cookie-recipe,3
NBesO9JTEgg,Espresso Chocolate Chip Cookies,Cookie Dough Diaries,https://www.youtube.com/watch?v=NBesO9JTEgg,2640,49,20220325,espresso chocolate cookie recipe,,,0
AaSUz7Rx_RM,"How to make Thumbprint Cookies! Quick, Easy, & Scrumptious!",Fiber Spider,https://www.youtube.com/watch?v=AaSUz7Rx_RM,2612,376,20220830,thumbprint cookie recipe,description,,9
izdKYFZq2SA,Easy 3 ingredient cookies recipe. No chill eggless crunchy sugar cookies. Easy Baking,Easy Baking,https://www.youtube.com/watch?v=izdKYFZq2SA,2580,53,20240122,cookie recipe no chill,description,,4
Vmtt0I6mHXQ,The best lemon cookies | Homemade cookies made with real lemon zest and lemon juice | Spring dessert,Miss Annie's Home and Kitchen,https://www.youtube.com/watch?v=Vmtt0I6mHXQ,2521,208,20240325,lemon cookie recipe,recipe_page,https://missannieshomeandkitchen.com/recipes-ideas/lemon-crinkle-cookies-1,11
en2wvXRNy_c,Famous Levain Bakery GOOEY Double Chocolate Chip Cookie Recipe!!! Part 2!,Hailey Scontrino,https://www.youtube.com/watch?v=en2wvXRNy_c,2478,110,20201028,levain style cookie recipe,recipe_page,https://abountifulkitchen.com/levain-bakery-dark-chocolate-chocolate-chip-cookie/,11
gdDADSrLPjk,OLD Fashioned Molasses Cookies Recipe You'll LOVE!,The Ole Tobacco Patch,https://www.youtube.com/watch?v=gdDADSrLPjk,2446,70,20241118,molasses cookie recipe,description,,12
SH7J2-DyNeI,Coconut Cookies Recipe | Coconut Macaroons |Persian Coconut Cookies | Shirini Nargili,Nanafz Cooking,https://www.youtube.com/watch?v=SH7J2-DyNeI,2381,294,20250201,coconut cookie recipe,description,,6
MHsrhFupyLE,How to make Pastel Colored Crinkle Cookies | Chef Darlene,Chef Darlene ♡,https://www.youtube.com/watch?v=MHsrhFupyLE,2377,74,20211010,crinkle cookie recipe,description,,9
Q7mTIOvjdM4,Subway Style White Chocolate Macadamia Nut Cookies Recipe You Must Try!,Seamless Cooking,https://www.youtube.com/watch?v=Q7mTIOvjdM4,2375,84,20241016,white chocolate macadamia cookie recipe,description,,11
_a-bkfD57LA,THE BEST Chocolate Chip Cookie Recipe with Macadamia Nuts,Charlani Everyday 🌿 Live Happy Label,https://www.youtube.com/watch?v=_a-bkfD57LA,2360,65,20220830,white chocolate macadamia cookie recipe,description,,9
egN7PgbshjA,The PERFECT Chewy Gluten Free Chocolate Chip Cookies,Fed & Fit,https://www.youtube.com/watch?v=egN7PgbshjA,2359,77,20211216,gluten free cookie recipe,recipe_page,https://fedandfit.com/chewy-gluten-free-chocolate-chip-cookies/,9
SpOAkKYeUGk,THE BEST: OATMEAL RAISIN COOKIES!!!! PERFECT RECIPE,Anna Schilling,https://www.youtube.com/watch?v=SpOAkKYeUGk,2293,53,20241203,oatmeal raisin cookie recipe,,,0
tpoNbZkpFvY,"Gooey Espresso Chocolate Cookies – Soft, Crispy & Absolutely Addictive! 🍪☕",cooking by fato,https://www.youtube.com/watch?v=tpoNbZkpFvY,2270,22,20251214,espresso chocolate cookie recipe,description,,11
nR1XHuGZaF8,Eggless Pumpkin Cookies | How Tasty Channel,How Tasty,https://www.youtube.com/watch?v=nR1XHuGZaF8,2219,106,20251017,pumpkin cookie recipe,recipe_page,https://www.how-tasty.com/eggless-pumpkin-cookies/,15
1ebhQ8fH3a0,"Old Fashioned Molasses Cookies (Must Try), Perfect for the Holidays,  Inspirational Thought",Hershberger's Heart and Home (Miracle Homestead),https://www.youtube.com/watch?v=1ebhQ8fH3a0,2179,227,20251122,molasses cookie recipe,description,,10
mCwO51-C4PY,"Healthy Oatmeal Chocolate Chip Cookies (No Sugar, No Flour) #cookies #cookingchannel  #asmrcooking",We Are Recipes,https://www.youtube.com/watch?v=mCwO51-C4PY,2100,28,20250804,oatmeal chocolate chip cookie recipe,description,,7
wW8GzV6x7XA,Molasses Cookies,Danny Wood,https://www.youtube.com/watch?v=wW8GzV6x7XA,2090,245,20220510,molasses cookie recipe,,,0
66mOyW3Q8co,🍪THE BEST ESPRESSO DOUBLE CHOCOLATE CHIP COOKIES! NESTLE RECIPE! SO DELICIOUS!!🍪,Journey with Char,https://www.youtube.com/watch?v=66mOyW3Q8co,2088,56,20191022,espresso chocolate cookie recipe,,,0
3L6dhiuq8vI,"Levain Bakery White Chocolate Macadamia Cookies: Nutty, Buttery, and Creamy | Cooking with Kurt",Cooking with Kurt,https://www.youtube.com/watch?v=3L6dhiuq8vI,2042,83,20251115,white chocolate macadamia cookie recipe,,,0
I26lL7T38Zs,Chewy Molasses Cookies recipe,Ashley . The Recipe Rebel,https://www.youtube.com/watch?v=I26lL7T38Zs,2022,17,20181112,molasses cookie recipe,recipe_page,https://www.thereciperebel.com/molasses-cookies-recipe/,9
LQ8EnWbKm6s,Chewy Double Chocolate Oatmeal Cookies Recipe | HEARTHFUL KITCHEN EP. 44,Hearthful Honey,https://www.youtube.com/watch?v=LQ8EnWbKm6s,1969,54,20241128,oatmeal chocolate chip cookie recipe,description,,14
G3kbWalSZFo,Gluten Free Levain Bakery Chocolate Chip Cookies Recipe | New York Style Cookies,Gem Framboise,https://www.youtube.com/watch?v=G3kbWalSZFo,1963,60,20200525,levain style cookie recipe,description,,8
xAEgGQLfSVM,"5-Minute Ube Crinkle Cookies | Soft, Chewy & Melt-in-Your-Mouth",hello cookie,https://www.youtube.com/watch?v=xAEgGQLfSVM,1932,11,20250902,crinkle cookie recipe,,,0
ZmsrJbm2TUw,Bakery-Style Double Chocolate Cookies,Scientifically Sweet,https://www.youtube.com/watch?v=ZmsrJbm2TUw,1839,23,20251002,double chocolate cookie recipe,recipe_page,https://scientificallysweet.com/bakery-style-double-chocolate-cookies/,12
o75uC4QN00Q,Thumbprint Cookies Recipe | 4 Ingredients Strawberry Jam Cookies,a pinch of salt by sara,https://www.youtube.com/watch?v=o75uC4QN00Q,1802,41,20251213,thumbprint cookie recipe,,,0
_C0UxA_CHhw,Oatmeal Chocolate Chip Cookies (No Mixer Needed!),Boston Girl Bakes,https://www.youtube.com/watch?v=_C0UxA_CHhw,1778,34,20220723,oatmeal chocolate chip cookie recipe,description,,10
qybzONJIjfs,Molasses Cookies,Joyce “Cookie Lady” Hawkins,https://www.youtube.com/watch?v=qybzONJIjfs,1733,120,20221122,molasses cookie recipe,,,0
rPFeSU9i4v0,White Chocolate Cranberry Shortbread Cookies Recipe,The Bakers Journey,https://www.youtube.com/watch?v=rPFeSU9i4v0,1720,62,20191125,cranberry white chocolate cookie recipe,,,0
iw7SI4S1l2U,MOLASSES COOKIES | BAKING WITH FRESH MILLED FLOUR | HOMEMADE COOKIES From Scratch,Outdoors and Country Living,https://www.youtube.com/watch?v=iw7SI4S1l2U,1713,94,20241209,molasses cookie recipe,description,,14
7DWBbzzdK2c,Soft & Delicious Classic Snickerdoodle Cookie Recipe 😍,Marie's Kitchen,https://www.youtube.com/watch?v=7DWBbzzdK2c,1688,84,20210123,snickerdoodle recipe,,,0
9ZJ40nyHR9o,Chocolate M&M Cookies,Simply Bake,https://www.youtube.com/watch?v=9ZJ40nyHR9o,1680,35,20210831,m&m cookie recipe,description,,12
SbuHct0sR1s,Chocolate Espresso Shortbread Cookies,Coley Cooks,https://www.youtube.com/watch?v=SbuHct0sR1s,1661,27,20220214,espresso chocolate cookie recipe,recipe_page,https://coleycooks.com/chocolate-espresso-cookies/,8
Mghv9Xe-yXo,Matcha Cookies with Dark Chocolate Chips (Better Than the Café!),Life and Kitchen,https://www.youtube.com/watch?v=Mghv9Xe-yXo,1584,20,20250912,matcha cookie recipe,description,,9
-i3isjtg4Dw,Delicious Molasses Cookies without Refined Sugar,The Lohia Twins,https://www.youtube.com/watch?v=-i3isjtg4Dw,1528,62,20220605,molasses cookie recipe,,,0
_MqluGocUpA,BEST EVER Copycat Levain Bakery Chocolate Chip Cookies,Scientifically Sweet,https://www.youtube.com/watch?v=_MqluGocUpA,1490,30,20250602,levain style cookie recipe,recipe_page,https://scientificallysweet.com/levain-bakery-chocolate-chip-cookies/,11
PgrLXzYwVFU,Salted Caramel Chocolate Chip Cookies (How to Freeze Cookie Dough),My Bake Escape,https://www.youtube.com/watch?v=PgrLXzYwVFU,1460,22,20221209,salted caramel cookie recipe,,,0
xy9TQ6XZ7jU,Mini M&M Cookies,Just Add More Butter,https://www.youtube.com/watch?v=xy9TQ6XZ7jU,1432,32,20240531,m&m cookie recipe,description,,9
5d55ozhzXes,Easy Chocolate Chip Oatmeal Cookies | Oatmeal Chocolate Chip Cookie Recipe,The Homemaking Exchange,https://www.youtube.com/watch?v=5d55ozhzXes,1393,23,20250606,oatmeal chocolate chip cookie recipe,description,,13
sHQgglrgVh8,Soft Chewy White Chocolate Cranberry Matcha Cookies 白巧蔓越莓餅乾食譜 | 超簡單還爆好吃🍪💚,Shan Daily,https://www.youtube.com/watch?v=sHQgglrgVh8,1358,31,20250520,cranberry white chocolate cookie recipe,description,,12
44lB1MORk4s,Red Velvet S’mores Cookies | Bake with me 🍪,Zaineb’s Oven,https://www.youtube.com/watch?v=44lB1MORk4s,1346,66,20260206,s'mores cookie recipe,recipe_page,https://zainebsoven.com/red-velvet-smores-cookies/#mv-creation-70-jtr,15
iKrt2m7lRno,How to Make the Perfect Lemon Crinkle Cookie | Lemon Cookies Recipe | Watch Over,Watch Over,https://www.youtube.com/watch?v=iKrt2m7lRno,1323,20,20241230,crinkle cookie recipe,description,,7
rAWMd4fXMrU,Ginger Molasses Cookies | Get Cookin' with Brava Chef Travis,Brava,https://www.youtube.com/watch?v=rAWMd4fXMrU,1278,23,20201207,molasses cookie recipe,,,0
FrOz4KC2tNs,Quick and easy Coconut cookies recipe,Feast Your Eyes,https://www.youtube.com/watch?v=FrOz4KC2tNs,1255,217,20260409,coconut cookie recipe,,,0
sHcSp8WrgnE,How to make S’mores Cookies from scratch | S’mores Cookies Recipe | Smores cookies,TurtlesTastyTreats,https://www.youtube.com/watch?v=sHcSp8WrgnE,1241,140,20210114,s'mores cookie recipe,description,,15
EjLw5QOJH4A,Thick & Chewy Snickerdoodle Blondies Recipe,Caitlyn Erhardt,https://www.youtube.com/watch?v=EjLw5QOJH4A,1230,35,20210211,snickerdoodle recipe,,,0
Mie9pxwhJ0k,BEST NO CHILL Brown Butter Chocolate Chip Cookies,Scientifically Sweet,https://www.youtube.com/watch?v=Mie9pxwhJ0k,1227,20,20250428,cookie recipe no chill,recipe_page,https://scientificallysweet.com/best-brown-butter-chocolate-chip-cookies/,12
InJlxSHlFKE,Easy recipe | RED VELVET COOKIES WITH CREAMCHEESE | AIR FRYER,Jet Sweets,https://www.youtube.com/watch?v=InJlxSHlFKE,1168,28,20230310,red velvet cookie recipe,,,0
xtvxDzJbF88,EASY CRANBERRY WHITE CHOCOLATE COOKIE BARS,40 Aprons Recipes,https://www.youtube.com/watch?v=xtvxDzJbF88,1166,19,20151215,cranberry white chocolate cookie recipe,,,0
Cum9pJ1_ig8,Eggless Chocolate Chip Caramel  Cookies | The Only Cookie Recipe you Need | Salted Caramel Cookies,Best Bites,https://www.youtube.com/watch?v=Cum9pJ1_ig8,1154,36,20220913,salted caramel cookie recipe,description,,9
f4McwhltaqI,How to Make Levain Bakery Chocolate Cookies n’ Cream Cookies | Imitation/Copy Cat Recipe,Vae at Avánessmusic,https://www.youtube.com/watch?v=f4McwhltaqI,1138,29,20210410,levain style cookie recipe,recipe_page,https://www.moribyan.com/recipe-view/levain-style-cookies-n-creme-cookies/,15
XPzJ212Dlvk,Funfetti Sugar Cookie Recipe | No spread no chill vegan baking,Bake Angel,https://www.youtube.com/watch?v=XPzJ212Dlvk,1135,31,20220114,cookie recipe no chill,recipe_page,https://bakeangel.com/vegan-funfetti-cookies/,6
K4qyN9AIG10,How To Make Colorful Christmas Thumbprint Cookies - Recipe,Kuma's Kitchen - Fusion recipes by Kevin Riley,https://www.youtube.com/watch?v=K4qyN9AIG10,1097,80,20191104,thumbprint cookie recipe,,,0
i0yolHUyBlM,The Ultimate Gingerbread Cookies Recipe: Simple Step by Step Guide!,Meals Make Memories,https://www.youtube.com/watch?v=i0yolHUyBlM,1096,20,20211222,gingerbread cookie recipe,,,0
qLeW5nHhlyY,Old-Fashioned Soft Pumpkin cookies,Foster Philippines,https://www.youtube.com/watch?v=qLeW5nHhlyY,1093,27,20211021,pumpkin cookie recipe,description,,8
MU1PKB99A4c,Easy & Delicious Oatmeal Chocolate Chip Cookies | Easy Baking Tutorial,*How Ines Rolls*,https://www.youtube.com/watch?v=MU1PKB99A4c,1062,179,20210831,oatmeal chocolate chip cookie recipe,,,0
DrTf4eo0Qi0,The Easiest and Best Old-Fashioned Thumbprint Cookie Recipe,Fork & Wander,https://www.youtube.com/watch?v=DrTf4eo0Qi0,1027,17,20250421,thumbprint cookie recipe,recipe_page,https://forklovesspoon.com/old-fashioned-thumbprint-cookie-recipe/,11
urTOePiIP40,Soft & Chewy Ginger Molasses Cookies,Life in Bite Sized Pieces,https://www.youtube.com/watch?v=urTOePiIP40,948,25,20240309,molasses cookie recipe,description,,10
qn9xJHKvWj4,Espresso Chocolate Chip Cookies,Gimme Some Oven,https://www.youtube.com/watch?v=qn9xJHKvWj4,931,23,20241213,espresso chocolate cookie recipe,recipe_page,https://www.gimmesomeoven.com/espresso-chocolate-chip-cookies/,12
UNcdaXrB_rI,How To Make SUPER FUDGY Chocolate Crinkle Cookies,Chef Sweet Caroline,https://www.youtube.com/watch?v=UNcdaXrB_rI,902,33,20211203,crinkle cookie recipe,description,,8
K-NjDVqilaY,Chocolate Espresso Cookies,Michael Toa,https://www.youtube.com/watch?v=K-NjDVqilaY,829,28,20160210,espresso chocolate cookie recipe,description,,12
KQ3dJNDHw9Q,"WHITE CHOCOLATE CRANBERRY PECAN COOKIES / Best Cookie Recipe, White Chocolate Chip Cookies, Cookies",Family Dinner Delights,https://www.youtube.com/watch?v=KQ3dJNDHw9Q,790,23,20201026,cranberry white chocolate cookie recipe,description,,11
oqnYOkrVpYI,Cranberry White Chocolate Cookies Recipe Video || Bakestarters,Bakestarters,https://www.youtube.com/watch?v=oqnYOkrVpYI,755,4,20190209,cranberry white chocolate cookie recipe,,,0
mkMVcoEdQaQ,Best Pumpkin Cookies Ever! Easy Holiday Recipe,besuretocook,https://www.youtube.com/watch?v=mkMVcoEdQaQ,728,26,20251003,pumpkin cookie recipe,description,,14
CXOa3Fch2uU,Chocolate Crinkle Cookies ♡ Bake With Me,The Food Flamingo,https://www.youtube.com/watch?v=CXOa3Fch2uU,704,35,20250507,chocolate crinkle cookies,description,,8
qMN-FvfwGLU,Espresso chocolate cookies. These cookies are full of flavor and  pure heaven for coffee lovers.,Alin's Kitchen,https://www.youtube.com/watch?v=qMN-FvfwGLU,634,27,20211116,espresso chocolate cookie recipe,description,,10
Erju86LM4JM,How To Make Christmas Cranberry and White Chocolate Cookies - Recipe,Kuma's Kitchen - Fusion recipes by Kevin Riley,https://www.youtube.com/watch?v=Erju86LM4JM,631,79,20191223,cranberry white chocolate cookie recipe,,,0
p6JF7-G1iUw,"Old Fashioned SNICKERDOODLE Cookie Recipe From 1958! This CLASSIC, Tasty Cookie is a BREEZE To Make!",Tastes So Much,https://www.youtube.com/watch?v=p6JF7-G1iUw,572,21,20230710,snickerdoodle recipe,description,,9
Ll0_bGpcgFI,DOUBLE CHOCOLATE CHIP ESPRESSO/COFFEE COOKIES!,moonymakes,https://www.youtube.com/watch?v=Ll0_bGpcgFI,529,16,20230902,espresso chocolate cookie recipe,,,0
qvtO1iI5z-c,Chewy Espresso Chocolate Chip Cookies | Casual Baking,Sarah James,https://www.youtube.com/watch?v=qvtO1iI5z-c,529,20,20220531,espresso chocolate cookie recipe,description,,10
ZsWHP2Bvan0,"Chocolate Espresso Cookies — Rich, fudgy, and soft!",Mimi's Organic Eats,https://www.youtube.com/watch?v=ZsWHP2Bvan0,512,17,20250621,espresso chocolate cookie recipe,description,,12
D-_fxvJq6kM,Snickerdoodle Cookie Recipe,Show Me the Yummy,https://www.youtube.com/watch?v=D-_fxvJq6kM,458,8,20201130,snickerdoodle recipe,,,0
2chpmbIPPFE,Brown Butter White Chocolate Chip Macadamia Nut Cookies ⋆˚♡˖°Bake With Me,Bake Truly ,https://www.youtube.com/watch?v=2chpmbIPPFE,430,19,20260529,white chocolate macadamia cookie recipe,description,,10
AWOTE0rLn6U,Homemade Espresso Chocolate Chip Cookies | Coffee-Infused Dessert,Jessica Sola,https://www.youtube.com/watch?v=AWOTE0rLn6U,406,7,20241106,espresso chocolate cookie recipe,description,,10
0CjZqQf-SEk,White Chocolate Macadamia Nut Cookies Recipe! | Soft & Chewy!,Make U Eat,https://www.youtube.com/watch?v=0CjZqQf-SEk,391,15,20260504,white chocolate macadamia cookie recipe,recipe_page,https://makeueatrecipes.com/white-chocolate-macadamia-nut-cookies,13
EOt7OLDzbcQ,Pumpkin spice cookies with cream cheese icing ￼,Illustrated Eats 🍝 ,https://www.youtube.com/watch?v=EOt7OLDzbcQ,364,9,20260826,pumpkin cookie recipe,description,,14
vEdV4qbg2i4,Chocolate Espresso Cookies,Angela Allison,https://www.youtube.com/watch?v=vEdV4qbg2i4,324,13,20221203,espresso chocolate cookie recipe,recipe_page,https://thisitaliankitchen.com/chocolate-espresso-cookies/,10
rhAU8lI5JcQ,Espresso Chocolate Chip Cookie Recipe - Homebody Eats,Homebody Eats,https://www.youtube.com/watch?v=rhAU8lI5JcQ,199,13,20221217,espresso chocolate cookie recipe,recipe_page,https://homebodyeats.com/espresso-chocolate-chip-cookies/,11
pirE6Mlif2s,Chocolate Espresso Cookies by Nicole Gaffney,Finlandia,https://www.youtube.com/watch?v=pirE6Mlif2s,184,4,20171219,espresso chocolate cookie recipe,,,0
OQmwJ1Rejf8,Chocolate Espresso Cookies,Kentucky Living,https://www.youtube.com/watch?v=OQmwJ1Rejf8,130,5,20220128,espresso chocolate cookie recipe,,,0
VqTxs3mlwk8,No Chill Chocolate Chip Cookies | Recipe Video *Recipe in Description*,Micci's Biccies,https://www.youtube.com/watch?v=VqTxs3mlwk8,33,2,20220406,cookie recipe no chill,description,,4
